+ CUDA_COMPAT_DIR=/data/verl-omni/.cuda-compat/usr/local/cuda-13.3/compat
+ VENV_CU13_LIB=/data/verl-omni/.venv/lib/python3.12/site-packages/nvidia/cu13/lib
+ '[' -d /data/verl-omni/.cuda-compat/usr/local/cuda-13.3/compat ']'
+ export LD_LIBRARY_PATH=/data/verl-omni/.cuda-compat/usr/local/cuda-13.3/compat:/data/verl-omni/.venv/lib/python3.12/site-packages/nvidia/cu13/lib
+ LD_LIBRARY_PATH=/data/verl-omni/.cuda-compat/usr/local/cuda-13.3/compat:/data/verl-omni/.venv/lib/python3.12/site-packages/nvidia/cu13/lib
+ WORKSPACE=/data/verl-omni/workspace
+ ocr_train_path=/data/verl-omni/workspace/data/ocr/wan22/train.parquet
+ ocr_test_path=/data/verl-omni/workspace/data/ocr/wan22/test_smoke.parquet
+ model_name=/data/models/Wan2.2-TI2V-5B-Diffusers
+ reward_model_name=/data/models/Qwen3-VL-8B-Instruct
+ reward_function_path=verl_omni/utils/reward_score/genrm_ocr.py
+ CUDA_VISIBLE_DEVICES=3,6
+ export CUDA_VISIBLE_DEVICES
+ NUM_GPUS_ACTOR_ROLLOUT_REWARD=2
+ ROLLOUT_TP=1
+ REWARD_TP=1
+ ENGINE=vllm_omni
+ REWARD_ENGINE=vllm
+ tee run_wan22_5b_t2v_ocr.log
+ python3 -m verl_omni.trainer.main_diffusion algorithm.adv_estimator=dance_grpo actor_rollout_ref.model.algorithm=dance_grpo actor_rollout_ref.actor.diffusion_loss.loss_mode=dance_grpo data.train_files=/data/verl-omni/workspace/data/ocr/wan22/train.parquet data.val_files=/data/verl-omni/workspace/data/ocr/wan22/test_smoke.parquet data.train_batch_size=4 data.val_batch_size=8 data.max_prompt_length=1024 data.seed=42 actor_rollout_ref.model.path=/data/models/Wan2.2-TI2V-5B-Diffusers actor_rollout_ref.model.attn_backend=native 'actor_rollout_ref.model.custom_chat_template="{% if messages %}{% for message in messages %}{% if message[\"role\"] == \"user\" %}{{ message[\"content\"] }}{% endif %}{% endfor %}{% endif %}</s>"' actor_rollout_ref.actor.optim.lr=1e-5 actor_rollout_ref.actor.optim.weight_decay=0.0001 actor_rollout_ref.actor.ppo_mini_batch_size=4 actor_rollout_ref.actor.ppo_micro_batch_size_per_gpu=4 actor_rollout_ref.actor.fsdp_config.param_offload=True actor_rollout_ref.actor.fsdp_config.optimizer_offload=True actor_rollout_ref.actor.fsdp_config.model_dtype=bfloat16 actor_rollout_ref.actor.fsdp_config.wrap_policy.min_num_params=10000 actor_rollout_ref.rollout.log_prob_micro_batch_size_per_gpu=16 actor_rollout_ref.rollout.tensor_model_parallel_size=1 actor_rollout_ref.rollout.name=vllm_omni actor_rollout_ref.rollout.n=8 actor_rollout_ref.rollout.seed=42 actor_rollout_ref.rollout.agent.num_workers=2 actor_rollout_ref.rollout.load_format=safetensors actor_rollout_ref.rollout.layered_summon=True actor_rollout_ref.rollout.rollout_attn_backend=TORCH_SDPA actor_rollout_ref.rollout.pipeline.true_cfg_scale=5.0 actor_rollout_ref.rollout.pipeline.height=704 actor_rollout_ref.rollout.pipeline.width=1280 actor_rollout_ref.rollout.pipeline.num_frames=8 actor_rollout_ref.rollout.pipeline.num_inference_steps=10 actor_rollout_ref.rollout.pipeline.guidance_scale=5.0 actor_rollout_ref.rollout.pipeline.max_sequence_length=1024 actor_rollout_ref.rollout.algo.noise_level=1.2 actor_rollout_ref.rollout.algo.sde_type=dance_sde actor_rollout_ref.rollout.algo.sde_window_size=2 'actor_rollout_ref.rollout.algo.sde_window_range=[0,5]' actor_rollout_ref.rollout.val_kwargs.pipeline.num_inference_steps=50 actor_rollout_ref.rollout.val_kwargs.algo.noise_level=0.0 actor_rollout_ref.ref.log_prob_micro_batch_size_per_gpu=16 reward.num_workers=2 reward.reward_model.enable=True reward.reward_model.model_path=/data/models/Qwen3-VL-8B-Instruct reward.reward_model.rollout.name=vllm reward.reward_model.rollout.tensor_model_parallel_size=1 reward.reward_model.rollout.max_model_len=32768 reward.custom_reward_function.path=verl_omni/utils/reward_score/genrm_ocr.py reward.custom_reward_function.name=compute_score_ocr 'trainer.logger=["console", "tensorboard"]' trainer.project_name=dance_grpo trainer.experiment_name=wan22_5b_t2v_ocr_s150 trainer.log_val_generations=8 trainer.val_before_train=True trainer.validation_data_dir=/data/verl-omni/workspace/val_generations/wan22_5b_t2v_ocr_s150 trainer.n_gpus_per_node=2 trainer.nnodes=1 trainer.save_freq=25 trainer.test_freq=25 trainer.total_epochs=15 trainer.total_training_steps=150
INFO 08-02 15:09:11 [patch.py:252] NVFP4 W4A4 weight_scale NaN-clamp: installed.
/data/verl-omni/.venv/lib/python3.12/site-packages/verl/workers/engine/mindspeed/transformer_impl.py:24: UserWarning: NPU not support router replay for now.
  from verl.utils.megatron.router_replay_patch import RouterReplay
2026-08-02 15:09:22,846	INFO worker.py:2015 -- Started a local Ray instance. View the dashboard at [1m[32mhttp://127.0.0.1:8265 [39m[22m
[36m(pid=917056)[0m /data/verl-omni/.venv/lib/python3.12/site-packages/verl/workers/engine/mindspeed/transformer_impl.py:24: UserWarning: NPU not support router replay for now.
[36m(pid=917056)[0m   from verl.utils.megatron.router_replay_patch import RouterReplay
ray init kwargs: {'num_cpus': None, 'runtime_env': {'env_vars': {'TOKENIZERS_PARALLELISM': 'true', 'NCCL_DEBUG': 'WARN', 'VLLM_LOGGING_LEVEL': 'WARN', 'VLLM_ALLOW_RUNTIME_LORA_UPDATING': 'true', 'CUDA_DEVICE_MAX_CONNECTIONS': '1', 'VLLM_DISABLE_COMPILE_CACHE': '1', 'HCCL_HOST_SOCKET_PORT_RANGE': 'auto', 'HCCL_NPU_SOCKET_PORT_RANGE': 'auto', 'HSA_NO_SCRATCH_RECLAIM': '1'}, 'working_dir': None}}
[36m(TaskRunner pid=917056)[0m TaskRunner hostname: huirui, PID: 917056
[36m(TaskRunner pid=917056)[0m {'actor_rollout_ref': {'actor': {'_target_': 'verl_omni.workers.config.diffusion.FSDPDiffusionActorConfig',
[36m(TaskRunner pid=917056)[0m                                  'checkpoint': {'_target_': 'verl.trainer.config.CheckpointConfig',
[36m(TaskRunner pid=917056)[0m                                                 'async_save': False,
[36m(TaskRunner pid=917056)[0m                                                 'load_contents': ['model',
[36m(TaskRunner pid=917056)[0m                                                                   'optimizer',
[36m(TaskRunner pid=917056)[0m                                                                   'extra'],
[36m(TaskRunner pid=917056)[0m                                                 'save_contents': ['model',
[36m(TaskRunner pid=917056)[0m                                                                   'optimizer',
[36m(TaskRunner pid=917056)[0m                                                                   'extra']},
[36m(TaskRunner pid=917056)[0m                                  'data_loader_seed': 42,
[36m(TaskRunner pid=917056)[0m                                  'diffusion_loss': {'_target_': 'verl_omni.workers.config.diffusion.DiffusionLossConfig',
[36m(TaskRunner pid=917056)[0m                                                     'adaptive_weight_min': 1e-05,
[36m(TaskRunner pid=917056)[0m                                                     'add_kl_coefficient': True,
[36m(TaskRunner pid=917056)[0m                                                     'adv_clip_max': 5.0,
[36m(TaskRunner pid=917056)[0m                                                     'clip_ratio': 0.0001,
[36m(TaskRunner pid=917056)[0m                                                     'dpo_beta': 2000.0,
[36m(TaskRunner pid=917056)[0m                                                     'kl_mask_threshold': 1e-05,
[36m(TaskRunner pid=917056)[0m                                                     'loss_mode': 'dance_grpo',
[36m(TaskRunner pid=917056)[0m                                                     'mix_beta': 0.5,
[36m(TaskRunner pid=917056)[0m                                                     'ref_kl_coef': 0.0},
[36m(TaskRunner pid=917056)[0m                                  'distill_loss_coef': 1.0,
[36m(TaskRunner pid=917056)[0m                                  'distill_loss_mode': 'distill_kl',
[36m(TaskRunner pid=917056)[0m                                  'fsdp_config': {'_target_': 'verl.workers.config.FSDPEngineConfig',
[36m(TaskRunner pid=917056)[0m                                                  'dtype': 'bfloat16',
[36m(TaskRunner pid=917056)[0m                                                  'forward_only': False,
[36m(TaskRunner pid=917056)[0m                                                  'forward_prefetch': False,
[36m(TaskRunner pid=917056)[0m                                                  'fsdp_size': -1,
[36m(TaskRunner pid=917056)[0m                                                  'full_determinism': False,
[36m(TaskRunner pid=917056)[0m                                                  'model_dtype': 'bfloat16',
[36m(TaskRunner pid=917056)[0m                                                  'offload_policy': False,
[36m(TaskRunner pid=917056)[0m                                                  'optimizer_offload': True,
[36m(TaskRunner pid=917056)[0m                                                  'param_offload': True,
[36m(TaskRunner pid=917056)[0m                                                  'reshard_after_forward': True,
[36m(TaskRunner pid=917056)[0m                                                  'seed': 42,
[36m(TaskRunner pid=917056)[0m                                                  'strategy': 'fsdp',
[36m(TaskRunner pid=917056)[0m                                                  'ulysses_sequence_parallel_size': 1,
[36m(TaskRunner pid=917056)[0m                                                  'use_orig_params': False,
[36m(TaskRunner pid=917056)[0m                                                  'wrap_policy': {'min_num_params': 10000}},
[36m(TaskRunner pid=917056)[0m                                  'grad_clip': 1.0,
[36m(TaskRunner pid=917056)[0m                                  'kl_loss_coef': 0.001,
[36m(TaskRunner pid=917056)[0m                                  'loss_scale_factor': None,
[36m(TaskRunner pid=917056)[0m                                  'optim': {'_target_': 'verl.workers.config.FSDPOptimizerConfig',
[36m(TaskRunner pid=917056)[0m                                            'betas': [0.9, 0.999],
[36m(TaskRunner pid=917056)[0m                                            'clip_grad': 1.0,
[36m(TaskRunner pid=917056)[0m                                            'lr': 1e-05,
[36m(TaskRunner pid=917056)[0m                                            'lr_scheduler_type': 'constant',
[36m(TaskRunner pid=917056)[0m                                            'lr_warmup_steps': -1,
[36m(TaskRunner pid=917056)[0m                                            'lr_warmup_steps_ratio': 0.0,
[36m(TaskRunner pid=917056)[0m                                            'min_lr_ratio': 0.0,
[36m(TaskRunner pid=917056)[0m                                            'num_cycles': 0.5,
[36m(TaskRunner pid=917056)[0m                                            'optimizer': 'AdamW',
[36m(TaskRunner pid=917056)[0m                                            'optimizer_impl': 'torch.optim',
[36m(TaskRunner pid=917056)[0m                                            'override_optimizer_config': None,
[36m(TaskRunner pid=917056)[0m                                            'total_training_steps': -1,
[36m(TaskRunner pid=917056)[0m                                            'warmup_style': None,
[36m(TaskRunner pid=917056)[0m                                            'weight_decay': 0.0001,
[36m(TaskRunner pid=917056)[0m                                            'zero_indexed_step': True},
[36m(TaskRunner pid=917056)[0m                                  'ppo_epochs': 1,
[36m(TaskRunner pid=917056)[0m                                  'ppo_micro_batch_size_per_gpu': 4,
[36m(TaskRunner pid=917056)[0m                                  'ppo_mini_batch_size': 4,
[36m(TaskRunner pid=917056)[0m                                  'profiler': {'_target_': 'verl.utils.profiler.ProfilerConfig',
[36m(TaskRunner pid=917056)[0m                                               'all_ranks': False,
[36m(TaskRunner pid=917056)[0m                                               'enable': False,
[36m(TaskRunner pid=917056)[0m                                               'ranks': [],
[36m(TaskRunner pid=917056)[0m                                               'save_path': 'outputs/profile',
[36m(TaskRunner pid=917056)[0m                                               'tool': 'torch',
[36m(TaskRunner pid=917056)[0m                                               'tool_config': {'nsys': {'_target_': 'verl.utils.profiler.config.NsightToolConfig',
[36m(TaskRunner pid=917056)[0m                                                                        'discrete': False,
[36m(TaskRunner pid=917056)[0m                                                                        'name': 'nsight'},
[36m(TaskRunner pid=917056)[0m                                                               'torch': {'_target_': 'verl.utils.profiler.config.TorchProfilerToolConfig',
[36m(TaskRunner pid=917056)[0m                                                                         'contents': [],
[36m(TaskRunner pid=917056)[0m                                                                         'discrete': False,
[36m(TaskRunner pid=917056)[0m                                                                         'name': 'torch'},
[36m(TaskRunner pid=917056)[0m                                                               'torch_memory': {'_target_': 'verl.utils.profiler.config.TorchMemoryToolConfig',
[36m(TaskRunner pid=917056)[0m                                                                                'name': 'torch_memory',
[36m(TaskRunner pid=917056)[0m                                                                                'stack_depth': 32,
[36m(TaskRunner pid=917056)[0m                                                                                'trace_alloc_max_entries': 100000}}},
[36m(TaskRunner pid=917056)[0m                                  'rollout_correction': {'_target_': 'verl.trainer.config.algorithm.RolloutCorrectionConfig',
[36m(TaskRunner pid=917056)[0m                                                         'bypass_mode': False,
[36m(TaskRunner pid=917056)[0m                                                         'loss_type': 'ppo_clip',
[36m(TaskRunner pid=917056)[0m                                                         'rollout_is': None,
[36m(TaskRunner pid=917056)[0m                                                         'rollout_is_batch_normalize': False,
[36m(TaskRunner pid=917056)[0m                                                         'rollout_is_threshold': 2.0,
[36m(TaskRunner pid=917056)[0m                                                         'rollout_rs': None,
[36m(TaskRunner pid=917056)[0m                                                         'rollout_rs_threshold': None},
[36m(TaskRunner pid=917056)[0m                                  'rollout_n': 8,
[36m(TaskRunner pid=917056)[0m                                  'shuffle': False,
[36m(TaskRunner pid=917056)[0m                                  'strategy': 'fsdp',
[36m(TaskRunner pid=917056)[0m                                  'use_distill_loss': False,
[36m(TaskRunner pid=917056)[0m                                  'use_kl_loss': False},
[36m(TaskRunner pid=917056)[0m                        'hybrid_engine': True,
[36m(TaskRunner pid=917056)[0m                        'model': {'_target_': 'verl_omni.workers.config.diffusion.DiffusionModelConfig',
[36m(TaskRunner pid=917056)[0m                                  'algo': {'_target_': 'verl_omni.workers.config.diffusion.DiffusionRolloutAlgoConfig',
[36m(TaskRunner pid=917056)[0m                                           'noise_level': 1.2,
[36m(TaskRunner pid=917056)[0m                                           'sde_type': 'dance_sde',
[36m(TaskRunner pid=917056)[0m                                           'sde_window_range': [0, 5],
[36m(TaskRunner pid=917056)[0m                                           'sde_window_size': 2},
[36m(TaskRunner pid=917056)[0m                                  'algorithm': 'dance_grpo',
[36m(TaskRunner pid=917056)[0m                                  'attn_backend': 'native',
[36m(TaskRunner pid=917056)[0m                                  'config_path': None,
[36m(TaskRunner pid=917056)[0m                                  'custom_chat_template': '{% if messages %}{% '
[36m(TaskRunner pid=917056)[0m                                                          'for message in '
[36m(TaskRunner pid=917056)[0m                                                          'messages %}{% if '
[36m(TaskRunner pid=917056)[0m                                                          'message["role"] == '
[36m(TaskRunner pid=917056)[0m                                                          '"user" %}{{ '
[36m(TaskRunner pid=917056)[0m                                                          'message["content"] '
[36m(TaskRunner pid=917056)[0m                                                          '}}{% endif %}{% '
[36m(TaskRunner pid=917056)[0m                                                          'endfor %}{% endif '
[36m(TaskRunner pid=917056)[0m                                                          '%}</s>',
[36m(TaskRunner pid=917056)[0m                                  'enable_gradient_checkpointing': True,
[36m(TaskRunner pid=917056)[0m                                  'exclude_modules': None,
[36m(TaskRunner pid=917056)[0m                                  'external_lib': None,
[36m(TaskRunner pid=917056)[0m                                  'fsdp_layer_prefixes': ['transformer_blocks.'],
[36m(TaskRunner pid=917056)[0m                                  'lora_adapter_path': None,
[36m(TaskRunner pid=917056)[0m                                  'lora_alpha': 64,
[36m(TaskRunner pid=917056)[0m                                  'lora_dtype': None,
[36m(TaskRunner pid=917056)[0m                                  'lora_init_weights': 'gaussian',
[36m(TaskRunner pid=917056)[0m                                  'lora_rank': 0,
[36m(TaskRunner pid=917056)[0m                                  'model_type': 'diffusion_model',
[36m(TaskRunner pid=917056)[0m                                  'mtp': {'_target_': 'verl.workers.config.MtpConfig',
[36m(TaskRunner pid=917056)[0m                                          'enable': False},
[36m(TaskRunner pid=917056)[0m                                  'path': '/data/models/Wan2.2-TI2V-5B-Diffusers',
[36m(TaskRunner pid=917056)[0m                                  'pipeline': {'_target_': 'verl_omni.workers.config.diffusion.DiffusionPipelineConfig',
[36m(TaskRunner pid=917056)[0m                                               'guidance_scale': 5.0,
[36m(TaskRunner pid=917056)[0m                                               'height': 704,
[36m(TaskRunner pid=917056)[0m                                               'max_sequence_length': 1024,
[36m(TaskRunner pid=917056)[0m                                               'num_frames': 8,
[36m(TaskRunner pid=917056)[0m                                               'num_inference_steps': 10,
[36m(TaskRunner pid=917056)[0m                                               'true_cfg_scale': 5.0,
[36m(TaskRunner pid=917056)[0m                                               'width': 1280},
[36m(TaskRunner pid=917056)[0m                                  'policy_state_adapters': ['default'],
[36m(TaskRunner pid=917056)[0m                                  'target_modules': 'all-linear',
[36m(TaskRunner pid=917056)[0m                                  'target_parameters': None,
[36m(TaskRunner pid=917056)[0m                                  'tokenizer_path': None,
[36m(TaskRunner pid=917056)[0m                                  'transformer_subfolder': 'transformer',
[36m(TaskRunner pid=917056)[0m                                  'trust_remote_code': False,
[36m(TaskRunner pid=917056)[0m                                  'use_shm': False},
[36m(TaskRunner pid=917056)[0m                        'nccl_timeout': 600,
[36m(TaskRunner pid=917056)[0m                        'ref': {'_target_': 'verl_omni.workers.config.diffusion.FSDPDiffusionActorConfig',
[36m(TaskRunner pid=917056)[0m                                'fsdp_config': {'_target_': 'verl.workers.config.FSDPEngineConfig',
[36m(TaskRunner pid=917056)[0m                                                'dtype': 'bfloat16',
[36m(TaskRunner pid=917056)[0m                                                'forward_only': True,
[36m(TaskRunner pid=917056)[0m                                                'forward_prefetch': False,
[36m(TaskRunner pid=917056)[0m                                                'fsdp_size': -1,
[36m(TaskRunner pid=917056)[0m                                                'full_determinism': False,
[36m(TaskRunner pid=917056)[0m                                                'model_dtype': 'fp32',
[36m(TaskRunner pid=917056)[0m                                                'offload_policy': False,
[36m(TaskRunner pid=917056)[0m                                                'optimizer_offload': False,
[36m(TaskRunner pid=917056)[0m                                                'param_offload': False,
[36m(TaskRunner pid=917056)[0m                                                'reshard_after_forward': True,
[36m(TaskRunner pid=917056)[0m                                                'seed': 42,
[36m(TaskRunner pid=917056)[0m                                                'strategy': 'fsdp',
[36m(TaskRunner pid=917056)[0m                                                'ulysses_sequence_parallel_size': 1,
[36m(TaskRunner pid=917056)[0m                                                'use_orig_params': False,
[36m(TaskRunner pid=917056)[0m                                                'wrap_policy': {'min_num_params': 0}},
[36m(TaskRunner pid=917056)[0m                                'log_prob_micro_batch_size_per_gpu': 16,
[36m(TaskRunner pid=917056)[0m                                'profiler': {'_target_': 'verl.utils.profiler.ProfilerConfig',
[36m(TaskRunner pid=917056)[0m                                             'all_ranks': False,
[36m(TaskRunner pid=917056)[0m                                             'enable': False,
[36m(TaskRunner pid=917056)[0m                                             'ranks': [],
[36m(TaskRunner pid=917056)[0m                                             'save_path': 'outputs/profile',
[36m(TaskRunner pid=917056)[0m                                             'tool': 'torch',
[36m(TaskRunner pid=917056)[0m                                             'tool_config': {'nsys': {'_target_': 'verl.utils.profiler.config.NsightToolConfig',
[36m(TaskRunner pid=917056)[0m                                                                      'discrete': False,
[36m(TaskRunner pid=917056)[0m                                                                      'name': 'nsight'},
[36m(TaskRunner pid=917056)[0m                                                             'torch': {'_target_': 'verl.utils.profiler.config.TorchProfilerToolConfig',
[36m(TaskRunner pid=917056)[0m                                                                       'contents': [],
[36m(TaskRunner pid=917056)[0m                                                                       'discrete': False,
[36m(TaskRunner pid=917056)[0m                                                                       'name': 'torch'},
[36m(TaskRunner pid=917056)[0m                                                             'torch_memory': {'_target_': 'verl.utils.profiler.config.TorchMemoryToolConfig',
[36m(TaskRunner pid=917056)[0m                                                                              'name': 'torch_memory',
[36m(TaskRunner pid=917056)[0m                                                                              'stack_depth': 32,
[36m(TaskRunner pid=917056)[0m                                                                              'trace_alloc_max_entries': 100000}}},
[36m(TaskRunner pid=917056)[0m                                'rollout_n': 8,
[36m(TaskRunner pid=917056)[0m                                'strategy': 'fsdp'},
[36m(TaskRunner pid=917056)[0m                        'rollout': {'_target_': 'verl_omni.workers.config.diffusion.DiffusionRolloutConfig',
[36m(TaskRunner pid=917056)[0m                                    'agent': {'_target_': 'verl.workers.config.AgentLoopConfig',
[36m(TaskRunner pid=917056)[0m                                              'default_agent_loop': 'diffusion_single_turn_agent',
[36m(TaskRunner pid=917056)[0m                                              'num_workers': 2},
[36m(TaskRunner pid=917056)[0m                                    'algo': {'_target_': 'verl_omni.workers.config.diffusion.DiffusionRolloutAlgoConfig',
[36m(TaskRunner pid=917056)[0m                                             'iters_per_group': 1,
[36m(TaskRunner pid=917056)[0m                                             'noise_level': 1.2,
[36m(TaskRunner pid=917056)[0m                                             'sample_strategy': 'random',
[36m(TaskRunner pid=917056)[0m                                             'sde_type': 'dance_sde',
[36m(TaskRunner pid=917056)[0m                                             'sde_window_range': [0, 5],
[36m(TaskRunner pid=917056)[0m                                             'sde_window_seed': 0,
[36m(TaskRunner pid=917056)[0m                                             'sde_window_size': 2},
[36m(TaskRunner pid=917056)[0m                                    'calculate_log_probs': False,
[36m(TaskRunner pid=917056)[0m                                    'checkpoint_engine': {'_target_': 'verl.workers.config.CheckpointEngineConfig',
[36m(TaskRunner pid=917056)[0m                                                          'backend': 'naive',
[36m(TaskRunner pid=917056)[0m                                                          'custom_backend_module': None,
[36m(TaskRunner pid=917056)[0m                                                          'engine_kwargs': {},
[36m(TaskRunner pid=917056)[0m                                                          'update_weights_bucket_megabytes': 2048},
[36m(TaskRunner pid=917056)[0m                                    'cudagraph_capture_sizes': None,
[36m(TaskRunner pid=917056)[0m                                    'data_parallel_size': 1,
[36m(TaskRunner pid=917056)[0m                                    'disable_log_stats': True,
[36m(TaskRunner pid=917056)[0m                                    'disaggregation': {'_target_': 'verl.workers.config.DisaggregationConfig',
[36m(TaskRunner pid=917056)[0m                                                       'enabled': False},
[36m(TaskRunner pid=917056)[0m                                    'dtype': 'bfloat16',
[36m(TaskRunner pid=917056)[0m                                    'enable_chunked_prefill': True,
[36m(TaskRunner pid=917056)[0m                                    'enable_prefix_caching': True,
[36m(TaskRunner pid=917056)[0m                                    'enable_rollout_routing_replay': False,
[36m(TaskRunner pid=917056)[0m                                    'enforce_eager': False,
[36m(TaskRunner pid=917056)[0m                                    'engine_kwargs': {'vllm_omni': {}},
[36m(TaskRunner pid=917056)[0m                                    'expert_parallel_size': 1,
[36m(TaskRunner pid=917056)[0m                                    'external_lib': None,
[36m(TaskRunner pid=917056)[0m                                    'free_cache_engine': True,
[36m(TaskRunner pid=917056)[0m                                    'gpu_memory_utilization': 0.5,
[36m(TaskRunner pid=917056)[0m                                    'layered_summon': True,
[36m(TaskRunner pid=917056)[0m                                    'load_format': 'safetensors',
[36m(TaskRunner pid=917056)[0m                                    'log_prob_micro_batch_size_per_gpu': 16,
[36m(TaskRunner pid=917056)[0m                                    'logprobs_mode': 'processed_logprobs',
[36m(TaskRunner pid=917056)[0m                                    'max_model_len': None,
[36m(TaskRunner pid=917056)[0m                                    'max_num_batched_tokens': 8192,
[36m(TaskRunner pid=917056)[0m                                    'max_num_seqs': 1024,
[36m(TaskRunner pid=917056)[0m                                    'mode': 'async',
[36m(TaskRunner pid=917056)[0m                                    'mtp': {'_target_': 'verl.workers.config.MtpConfig',
[36m(TaskRunner pid=917056)[0m                                            'enable': False},
[36m(TaskRunner pid=917056)[0m                                    'multi_turn': {'_target_': 'verl.workers.config.MultiTurnConfig',
[36m(TaskRunner pid=917056)[0m                                                   'enable': False},
[36m(TaskRunner pid=917056)[0m                                    'n': 8,
[36m(TaskRunner pid=917056)[0m                                    'n_gpus_per_node': 2,
[36m(TaskRunner pid=917056)[0m                                    'name': 'vllm_omni',
[36m(TaskRunner pid=917056)[0m                                    'nnodes': 0,
[36m(TaskRunner pid=917056)[0m                                    'pipeline': {'_target_': 'verl_omni.workers.config.diffusion.DiffusionPipelineConfig',
[36m(TaskRunner pid=917056)[0m                                                 'guidance_scale': 5.0,
[36m(TaskRunner pid=917056)[0m                                                 'height': 704,
[36m(TaskRunner pid=917056)[0m                                                 'max_sequence_length': 1024,
[36m(TaskRunner pid=917056)[0m                                                 'num_frames': 8,
[36m(TaskRunner pid=917056)[0m                                                 'num_inference_steps': 10,
[36m(TaskRunner pid=917056)[0m                                                 'true_cfg_scale': 5.0,
[36m(TaskRunner pid=917056)[0m                                                 'width': 1280},
[36m(TaskRunner pid=917056)[0m                                    'pipeline_model_parallel_size': 1,
[36m(TaskRunner pid=917056)[0m                                    'profiler': {'_target_': 'verl.utils.profiler.ProfilerConfig',
[36m(TaskRunner pid=917056)[0m                                                 'all_ranks': False,
[36m(TaskRunner pid=917056)[0m                                                 'enable': False,
[36m(TaskRunner pid=917056)[0m                                                 'ranks': [],
[36m(TaskRunner pid=917056)[0m                                                 'save_path': 'outputs/profile',
[36m(TaskRunner pid=917056)[0m                                                 'tool': 'torch',
[36m(TaskRunner pid=917056)[0m                                                 'tool_config': {'nsys': {'_target_': 'verl.utils.profiler.config.NsightToolConfig',
[36m(TaskRunner pid=917056)[0m                                                                          'discrete': False,
[36m(TaskRunner pid=917056)[0m                                                                          'name': 'nsight'},
[36m(TaskRunner pid=917056)[0m                                                                 'torch': {'_target_': 'verl.utils.profiler.config.TorchProfilerToolConfig',
[36m(TaskRunner pid=917056)[0m                                                                           'contents': [],
[36m(TaskRunner pid=917056)[0m                                                                           'discrete': False,
[36m(TaskRunner pid=917056)[0m                                                                           'name': 'torch'},
[36m(TaskRunner pid=917056)[0m                                                                 'torch_memory': {'_target_': 'verl.utils.profiler.config.TorchMemoryToolConfig',
[36m(TaskRunner pid=917056)[0m                                                                                  'name': 'torch_memory',
[36m(TaskRunner pid=917056)[0m                                                                                  'stack_depth': 32,
[36m(TaskRunner pid=917056)[0m                                                                                  'trace_alloc_max_entries': 100000}}},
[36m(TaskRunner pid=917056)[0m                                    'prometheus': {'_target_': 'verl.workers.config.PrometheusConfig',
[36m(TaskRunner pid=917056)[0m                                                   'enable': False},
[36m(TaskRunner pid=917056)[0m                                    'prompt_length': 1024,
[36m(TaskRunner pid=917056)[0m                                    'quantization': None,
[36m(TaskRunner pid=917056)[0m                                    'rollout_adapter': 'default',
[36m(TaskRunner pid=917056)[0m                                    'rollout_attn_backend': 'TORCH_SDPA',
[36m(TaskRunner pid=917056)[0m                                    'scheduling_policy': 'fcfs',
[36m(TaskRunner pid=917056)[0m                                    'seed': 42,
[36m(TaskRunner pid=917056)[0m                                    'skip_tokenizer_init': True,
[36m(TaskRunner pid=917056)[0m                                    'step_execution': False,
[36m(TaskRunner pid=917056)[0m                                    'tensor_model_parallel_size': 1,
[36m(TaskRunner pid=917056)[0m                                    'val_kwargs': {'_target_': 'verl_omni.workers.config.diffusion.DiffusionSamplingConfig',
[36m(TaskRunner pid=917056)[0m                                                   'algo': {'_target_': 'verl_omni.workers.config.diffusion.DiffusionRolloutAlgoConfig',
[36m(TaskRunner pid=917056)[0m                                                            'noise_level': 0.0,
[36m(TaskRunner pid=917056)[0m                                                            'sde_type': 'dance_sde',
[36m(TaskRunner pid=917056)[0m                                                            'sde_window_range': [0,
[36m(TaskRunner pid=917056)[0m                                                                                 5],
[36m(TaskRunner pid=917056)[0m                                                            'sde_window_size': 2},
[36m(TaskRunner pid=917056)[0m                                                   'n': 1,
[36m(TaskRunner pid=917056)[0m                                                   'pipeline': {'_target_': 'verl_omni.workers.config.diffusion.DiffusionPipelineConfig',
[36m(TaskRunner pid=917056)[0m                                                                'guidance_scale': 5.0,
[36m(TaskRunner pid=917056)[0m                                                                'height': 704,
[36m(TaskRunner pid=917056)[0m                                                                'max_sequence_length': 1024,
[36m(TaskRunner pid=917056)[0m                                                                'num_frames': 8,
[36m(TaskRunner pid=917056)[0m                                                                'num_inference_steps': 50,
[36m(TaskRunner pid=917056)[0m                                                                'true_cfg_scale': 5.0,
[36m(TaskRunner pid=917056)[0m                                                                'width': 1280}}}},
[36m(TaskRunner pid=917056)[0m  'algorithm': {'_target_': 'verl_omni.trainer.config.DiffusionAlgoConfig',
[36m(TaskRunner pid=917056)[0m                'adv_estimator': 'dance_grpo',
[36m(TaskRunner pid=917056)[0m                'adv_mode': 'continuous',
[36m(TaskRunner pid=917056)[0m                'global_std': True,
[36m(TaskRunner pid=917056)[0m                'norm_adv_by_std_in_grpo': True,
[36m(TaskRunner pid=917056)[0m                'old_policy_decay': None,
[36m(TaskRunner pid=917056)[0m                'old_policy_decay_schedule': 'copy',
[36m(TaskRunner pid=917056)[0m                'old_policy_update_interval': 1,
[36m(TaskRunner pid=917056)[0m                'paired_preference': False,
[36m(TaskRunner pid=917056)[0m                'rollout_correction': {'_target_': 'verl.trainer.config.algorithm.RolloutCorrectionConfig',
[36m(TaskRunner pid=917056)[0m                                       'bypass_mode': False,
[36m(TaskRunner pid=917056)[0m                                       'loss_type': 'ppo_clip',
[36m(TaskRunner pid=917056)[0m                                       'rollout_is': None,
[36m(TaskRunner pid=917056)[0m                                       'rollout_is_batch_normalize': False,
[36m(TaskRunner pid=917056)[0m                                       'rollout_is_threshold': 2.0,
[36m(TaskRunner pid=917056)[0m                                       'rollout_rs': None,
[36m(TaskRunner pid=917056)[0m                                       'rollout_rs_threshold': None},
[36m(TaskRunner pid=917056)[0m                'sample_source': 'online',
[36m(TaskRunner pid=917056)[0m                'timestep_fraction': 1.0,
[36m(TaskRunner pid=917056)[0m                'trainer_type': 'policy_gradient'},
[36m(TaskRunner pid=917056)[0m  'data': {'apply_chat_template_kwargs': {},
[36m(TaskRunner pid=917056)[0m           'custom_cls': {'collate_fn': None, 'name': None, 'path': None},
[36m(TaskRunner pid=917056)[0m           'datagen': {'name': None, 'path': None},
[36m(TaskRunner pid=917056)[0m           'dataloader_num_workers': 8,
[36m(TaskRunner pid=917056)[0m           'filter_overlong_prompts': False,
[36m(TaskRunner pid=917056)[0m           'filter_overlong_prompts_workers': 1,
[36m(TaskRunner pid=917056)[0m           'image_key': 'images',
[36m(TaskRunner pid=917056)[0m           'image_patch_size': 14,
[36m(TaskRunner pid=917056)[0m           'max_prompt_length': 1024,
[36m(TaskRunner pid=917056)[0m           'max_response_length': 512,
[36m(TaskRunner pid=917056)[0m           'prompt_key': 'prompt',
[36m(TaskRunner pid=917056)[0m           'return_full_prompt': False,
[36m(TaskRunner pid=917056)[0m           'return_multi_modal_inputs': True,
[36m(TaskRunner pid=917056)[0m           'return_raw_chat': True,
[36m(TaskRunner pid=917056)[0m           'return_raw_input_ids': False,
[36m(TaskRunner pid=917056)[0m           'reward_fn_key': 'data_source',
[36m(TaskRunner pid=917056)[0m           'sampler': {'class_name': None, 'class_path': None},
[36m(TaskRunner pid=917056)[0m           'seed': 42,
[36m(TaskRunner pid=917056)[0m           'shuffle': True,
[36m(TaskRunner pid=917056)[0m           'tokenizer': None,
[36m(TaskRunner pid=917056)[0m           'tool_config_path': None,
[36m(TaskRunner pid=917056)[0m           'train_batch_size': 4,
[36m(TaskRunner pid=917056)[0m           'train_files': '/data/verl-omni/workspace/data/ocr/wan22/train.parquet',
[36m(TaskRunner pid=917056)[0m           'train_max_samples': -1,
[36m(TaskRunner pid=917056)[0m           'truncation': 'error',
[36m(TaskRunner pid=917056)[0m           'trust_remote_code': False,
[36m(TaskRunner pid=917056)[0m           'use_shm': False,
[36m(TaskRunner pid=917056)[0m           'val_batch_size': 8,
[36m(TaskRunner pid=917056)[0m           'val_files': '/data/verl-omni/workspace/data/ocr/wan22/test_smoke.parquet',
[36m(TaskRunner pid=917056)[0m           'val_max_samples': -1,
[36m(TaskRunner pid=917056)[0m           'validation_shuffle': False,
[36m(TaskRunner pid=917056)[0m           'video_key': 'videos'},
[36m(TaskRunner pid=917056)[0m  'global_profiler': {'_target_': 'verl.utils.profiler.ProfilerConfig',
[36m(TaskRunner pid=917056)[0m                      'global_tool_config': {'nsys': {'_target_': 'verl.utils.profiler.config.NsightToolConfig',
[36m(TaskRunner pid=917056)[0m                                                      'controller_nsight_options': {'cuda-graph-trace': 'graph',
[36m(TaskRunner pid=917056)[0m                                                                                    'cuda-memory-usage': 'true',
[36m(TaskRunner pid=917056)[0m                                                                                    'trace': 'cuda,nvtx,cublas,ucx'},
[36m(TaskRunner pid=917056)[0m                                                      'discrete': False,
[36m(TaskRunner pid=917056)[0m                                                      'worker_nsight_options': {'capture-range': 'cudaProfilerApi',
[36m(TaskRunner pid=917056)[0m                                                                                'capture-range-end': None,
[36m(TaskRunner pid=917056)[0m                                                                                'cuda-graph-trace': 'graph',
[36m(TaskRunner pid=917056)[0m                                                                                'cuda-memory-usage': 'true',
[36m(TaskRunner pid=917056)[0m                                                                                'kill': 'none',
[36m(TaskRunner pid=917056)[0m                                                                                'trace': 'cuda,nvtx,cublas,ucx'}},
[36m(TaskRunner pid=917056)[0m                                             'torch_memory': {'context': 'all',
[36m(TaskRunner pid=917056)[0m                                                              'kw_args': {},
[36m(TaskRunner pid=917056)[0m                                                              'stack_depth': 32,
[36m(TaskRunner pid=917056)[0m                                                              'stacks': 'all',
[36m(TaskRunner pid=917056)[0m                                                              'trace_alloc_max_entries': 100000}},
[36m(TaskRunner pid=917056)[0m                      'profile_continuous_steps': False,
[36m(TaskRunner pid=917056)[0m                      'save_path': 'outputs/profile',
[36m(TaskRunner pid=917056)[0m                      'steps': None,
[36m(TaskRunner pid=917056)[0m                      'tool': None},
[36m(TaskRunner pid=917056)[0m  'model_engine': 'dp_diffusion',
[36m(TaskRunner pid=917056)[0m  'ray_kwargs': {'ray_init': {'num_cpus': None}, 'timeline_json_file': None},
[36m(TaskRunner pid=917056)[0m  'reward': {'aggregation': 'weighted_sum',
[36m(TaskRunner pid=917056)[0m             'custom_reward_function': {'name': 'compute_score_ocr',
[36m(TaskRunner pid=917056)[0m                                        'path': 'verl_omni/utils/reward_score/genrm_ocr.py'},
[36m(TaskRunner pid=917056)[0m             'num_workers': 2,
[36m(TaskRunner pid=917056)[0m             'reward_functions': {},
[36m(TaskRunner pid=917056)[0m             'reward_manager': {'_target_': 'verl.workers.config.reward_model.RewardManagerConfig',
[36m(TaskRunner pid=917056)[0m                                'module': {'_target_': 'verl.trainer.config.config.ModuleConfig',
[36m(TaskRunner pid=917056)[0m                                           'path': 'pkg://verl_omni.reward_loop.reward_manager'},
[36m(TaskRunner pid=917056)[0m                                'name': 'VisualRewardManager',
[36m(TaskRunner pid=917056)[0m                                'source': 'importlib'},
[36m(TaskRunner pid=917056)[0m             'reward_model': {'enable': True,
[36m(TaskRunner pid=917056)[0m                              'enable_resource_pool': False,
[36m(TaskRunner pid=917056)[0m                              'model_path': '/data/models/Qwen3-VL-8B-Instruct',
[36m(TaskRunner pid=917056)[0m                              'n_gpus_per_node': 8,
[36m(TaskRunner pid=917056)[0m                              'nnodes': 0,
[36m(TaskRunner pid=917056)[0m                              'rollout': {'_target_': 'verl.workers.config.RolloutConfig',
[36m(TaskRunner pid=917056)[0m                                          'cudagraph_capture_sizes': None,
[36m(TaskRunner pid=917056)[0m                                          'data_parallel_size': 1,
[36m(TaskRunner pid=917056)[0m                                          'disable_log_stats': True,
[36m(TaskRunner pid=917056)[0m                                          'disaggregation': {'bootstrap_port': None,
[36m(TaskRunner pid=917056)[0m                                                             'decode_replicas': 1,
[36m(TaskRunner pid=917056)[0m                                                             'decode_tensor_model_parallel_size': None,
[36m(TaskRunner pid=917056)[0m                                                             'enabled': False,
[36m(TaskRunner pid=917056)[0m                                                             'ib_device': None,
[36m(TaskRunner pid=917056)[0m                                                             'prefill_replicas': 1,
[36m(TaskRunner pid=917056)[0m                                                             'transfer_backend': 'nixl'},
[36m(TaskRunner pid=917056)[0m                                          'do_sample': True,
[36m(TaskRunner pid=917056)[0m                                          'dtype': 'bfloat16',
[36m(TaskRunner pid=917056)[0m                                          'enable_chunked_prefill': True,
[36m(TaskRunner pid=917056)[0m                                          'enable_prefix_caching': True,
[36m(TaskRunner pid=917056)[0m                                          'enforce_eager': True,
[36m(TaskRunner pid=917056)[0m                                          'engine_kwargs': {},
[36m(TaskRunner pid=917056)[0m                                          'expert_parallel_size': 1,
[36m(TaskRunner pid=917056)[0m                                          'free_cache_engine': True,
[36m(TaskRunner pid=917056)[0m                                          'gpu_memory_utilization': 0.5,
[36m(TaskRunner pid=917056)[0m                                          'ignore_eos': False,
[36m(TaskRunner pid=917056)[0m                                          'layered_summon': False,
[36m(TaskRunner pid=917056)[0m                                          'limit_images': None,
[36m(TaskRunner pid=917056)[0m                                          'load_format': 'auto',
[36m(TaskRunner pid=917056)[0m                                          'max_model_len': 32768,
[36m(TaskRunner pid=917056)[0m                                          'max_num_batched_tokens': 8192,
[36m(TaskRunner pid=917056)[0m                                          'max_num_seqs': 1024,
[36m(TaskRunner pid=917056)[0m                                          'mtp': None,
[36m(TaskRunner pid=917056)[0m                                          'multi_stage_wake_up': False,
[36m(TaskRunner pid=917056)[0m                                          'n': 1,
[36m(TaskRunner pid=917056)[0m                                          'name': 'vllm',
[36m(TaskRunner pid=917056)[0m                                          'pipeline_model_parallel_size': 1,
[36m(TaskRunner pid=917056)[0m                                          'profiler': {'_target_': 'verl.utils.profiler.ProfilerConfig',
[36m(TaskRunner pid=917056)[0m                                                       'all_ranks': False,
[36m(TaskRunner pid=917056)[0m                                                       'enable': False,
[36m(TaskRunner pid=917056)[0m                                                       'ranks': [],
[36m(TaskRunner pid=917056)[0m                                                       'save_path': 'outputs/profile/reward_model',
[36m(TaskRunner pid=917056)[0m                                                       'tool': 'torch',
[36m(TaskRunner pid=917056)[0m                                                       'tool_config': {'nsys': {'_target_': 'verl.utils.profiler.config.NsightToolConfig',
[36m(TaskRunner pid=917056)[0m                                                                                'discrete': False,
[36m(TaskRunner pid=917056)[0m                                                                                'name': 'nsight'},
[36m(TaskRunner pid=917056)[0m                                                                       'torch': {'_target_': 'verl.utils.profiler.config.TorchProfilerToolConfig',
[36m(TaskRunner pid=917056)[0m                                                                                 'contents': [],
[36m(TaskRunner pid=917056)[0m                                                                                 'discrete': False,
[36m(TaskRunner pid=917056)[0m                                                                                 'name': 'torch'},
[36m(TaskRunner pid=917056)[0m                                                                       'torch_memory': {'_target_': 'verl.utils.profiler.config.TorchMemoryToolConfig',
[36m(TaskRunner pid=917056)[0m                                                                                        'name': 'torch_memory',
[36m(TaskRunner pid=917056)[0m                                                                                        'stack_depth': 32,
[36m(TaskRunner pid=917056)[0m                                                                                        'trace_alloc_max_entries': 100000}}},
[36m(TaskRunner pid=917056)[0m                                          'prompt_length': 2048,
[36m(TaskRunner pid=917056)[0m                                          'quantization': None,
[36m(TaskRunner pid=917056)[0m                                          'quantization_config_file': None,
[36m(TaskRunner pid=917056)[0m                                          'response_length': 2048,
[36m(TaskRunner pid=917056)[0m                                          'scheduling_policy': 'fcfs',
[36m(TaskRunner pid=917056)[0m                                          'skip_tokenizer_init': False,
[36m(TaskRunner pid=917056)[0m                                          'temperature': 1.0,
[36m(TaskRunner pid=917056)[0m                                          'tensor_model_parallel_size': 1,
[36m(TaskRunner pid=917056)[0m                                          'top_k': -1,
[36m(TaskRunner pid=917056)[0m                                          'top_p': 1}},
[36m(TaskRunner pid=917056)[0m             'sandbox_fusion': {'max_concurrent': 64,
[36m(TaskRunner pid=917056)[0m                                'memory_limit_mb': 1024,
[36m(TaskRunner pid=917056)[0m                                'url': None}},
[36m(TaskRunner pid=917056)[0m  'skip': {'_target_': 'verl.utils.skip.SkipManagerConfig',
[36m(TaskRunner pid=917056)[0m           'async_rollout': {'action': 'cache',
[36m(TaskRunner pid=917056)[0m                             'dump_dir': '~/.verl/rollout_dump',
[36m(TaskRunner pid=917056)[0m                             'enable': False,
[36m(TaskRunner pid=917056)[0m                             'steps': []},
[36m(TaskRunner pid=917056)[0m           'rollout': {'action': 'cache',
[36m(TaskRunner pid=917056)[0m                       'dump_dir': '~/.verl/rollout_dump',
[36m(TaskRunner pid=917056)[0m                       'enable': False,
[36m(TaskRunner pid=917056)[0m                       'steps': []}},
[36m(TaskRunner pid=917056)[0m  'trainer': {'default_hdfs_dir': None,
[36m(TaskRunner pid=917056)[0m              'default_local_dir': 'checkpoints/dance_grpo/wan22_5b_t2v_ocr_s150',
[36m(TaskRunner pid=917056)[0m              'del_local_ckpt_after_load': False,
[36m(TaskRunner pid=917056)[0m              'device': 'cuda',
[36m(TaskRunner pid=917056)[0m              'esi_redundant_time': 0,
[36m(TaskRunner pid=917056)[0m              'experiment_name': 'wan22_5b_t2v_ocr_s150',
[36m(TaskRunner pid=917056)[0m              'log_val_generations': 8,
[36m(TaskRunner pid=917056)[0m              'logger': ['console', 'tensorboard'],
[36m(TaskRunner pid=917056)[0m              'max_actor_ckpt_to_keep': None,
[36m(TaskRunner pid=917056)[0m              'n_gpus_per_node': 2,
[36m(TaskRunner pid=917056)[0m              'nnodes': 1,
[36m(TaskRunner pid=917056)[0m              'project_name': 'dance_grpo',
[36m(TaskRunner pid=917056)[0m              'ray_wait_register_center_timeout': 300,
[36m(TaskRunner pid=917056)[0m              'resume_from_path': None,
[36m(TaskRunner pid=917056)[0m              'resume_mode': 'auto',
[36m(TaskRunner pid=917056)[0m              'rollout_data_dir': None,
[36m(TaskRunner pid=917056)[0m              'rollout_data_max_samples': None,
[36m(TaskRunner pid=917056)[0m              'rollout_data_save_freq': 1,
[36m(TaskRunner pid=917056)[0m              'save_freq': 25,
[36m(TaskRunner pid=917056)[0m              'test_freq': 25,
[36m(TaskRunner pid=917056)[0m              'total_epochs': 15,
[36m(TaskRunner pid=917056)[0m              'total_training_steps': 150,
[36m(TaskRunner pid=917056)[0m              'use_v1': False,
[36m(TaskRunner pid=917056)[0m              'v1': {'colocate_async': {'num_warmup_batches': 1},
[36m(TaskRunner pid=917056)[0m                     'sampler': {'custom_sampler': {'name': None, 'path': None},
[36m(TaskRunner pid=917056)[0m                                 'max_off_policy_strategy': 'drop',
[36m(TaskRunner pid=917056)[0m                                 'max_off_policy_threshold': 8,
[36m(TaskRunner pid=917056)[0m                                 'sampler_kwargs': {}},
[36m(TaskRunner pid=917056)[0m                     'separate_async': {'num_warmup_batches': 1,
[36m(TaskRunner pid=917056)[0m                                        'parameter_sync_step': 4},
[36m(TaskRunner pid=917056)[0m                     'sync': {},[36m(TaskRunner pid=917056)[0m /data/verl-omni/.venv/lib/python3.12/site-packages/verl/utils/tokenizer.py:242: UserWarning: Failed to create processor: Unrecognized processing class in /data/models/Wan2.2-TI2V-5B-Diffusers. Can't instantiate a processor, a tokenizer, an image processor, a video processor or a feature extractor for this model. Make sure the repository contains the files of at least one of those processing classes.. This may affect multimodal processing
[36m(TaskRunner pid=917056)[0m   warnings.warn(f"Failed to create processor: {e}. This may affect multimodal processing", stacklevel=1)
[36m(TaskRunner pid=917056)[0m Generating train split: 0 examples [00:00, ? examples/s]
[36m(TaskRunner pid=917056)[0m Generating train split: 19653 examples [00:00, 524678.45 examples/s]
[36m(TaskRunner pid=917056)[0m Generating train split: 0 examples [00:00, ? examples/s]Generating train split: 64 examples [00:00, 9561.71 examples/s]
[36m(pid=920968)[0m /data/verl-omni/.venv/lib/python3.12/site-packages/verl/workers/engine/mindspeed/transformer_impl.py:24: UserWarning: NPU not support router replay for now.
[36m(pid=920968)[0m   from verl.utils.megatron.router_replay_patch import RouterReplay
[36m(pid=920971)[0m /data/verl-omni/.venv/lib/python3.12/site-packages/verl/workers/engine/mindspeed/transformer_impl.py:24: UserWarning: NPU not support router replay for now.
[36m(pid=920971)[0m   from verl.utils.megatron.router_replay_patch import RouterReplay
[36m(WorkerDict pid=920971)[0m /data/verl-omni/verl_omni/workers/engine_workers.py:173: RuntimeWarning: DiffusionFlopsCounter: no FLOPs estimator registered for architecture 'WanPipeline'. MFU will report 0. Register one with @register_diffusion_architecture('WanPipeline').
[36m(WorkerDict pid=920971)[0m   self.flops_counter = DiffusionFlopsCounter(
[36m(WorkerDict pid=920971)[0m [0;93m2026-08-02 15:10:02.429755437 [W:onnxruntime:Default, device_discovery.cc:285 GetGpuDevices] Failed to detect devices under "/sys/class/drm/card0": device_discovery.cc:94 ReadFileContents Failed to open file: "/sys/class/drm/card0/device/vendor"[m
[36m(WorkerDict pid=920968)[0m Loading checkpoint shards:   0%|          | 0/5 [00:00<?, ?it/s]
[36m(WorkerDict pid=920968)[0m Loading checkpoint shards:  20%|██        | 1/5 [00:02<00:09,  2.35s/it]
[36m(WorkerDict pid=920968)[0m Loading checkpoint shards:  40%|████      | 2/5 [00:04<00:07,  2.37s/it]
[36m(WorkerDict pid=920968)[0m Loading checkpoint shards:  60%|██████    | 3/5 [00:07<00:04,  2.36s/it]
[36m(WorkerDict pid=920968)[0m /data/verl-omni/verl_omni/workers/engine_workers.py:173: RuntimeWarning: DiffusionFlopsCounter: no FLOPs estimator registered for architecture 'WanPipeline'. MFU will report 0. Register one with @register_diffusion_architecture('WanPipeline').
[36m(WorkerDict pid=920968)[0m   self.flops_counter = DiffusionFlopsCounter(
[36m(WorkerDict pid=920968)[0m [0;93m2026-08-02 15:10:02.456431354 [W:onnxruntime:Default, device_discovery.cc:285 GetGpuDevices] Failed to detect devices under "/sys/class/drm/card0": device_discovery.cc:94 ReadFileContents Failed to open file: "/sys/class/drm/card0/device/vendor"[m
[36m(WorkerDict pid=920968)[0m Loading checkpoint shards:  80%|████████  | 4/5 [00:09<00:02,  2.31s/it]
[36m(WorkerDict pid=920968)[0m Loading checkpoint shards: 100%|██████████| 5/5 [00:09<00:00,  1.55s/it]Loading checkpoint shards: 100%|██████████| 5/5 [00:09<00:00,  1.90s/it]
[36m(WorkerDict pid=920968)[0m Attention backends are an experimental feature and the API may be subject to change.
[36m(WorkerDict pid=920971)[0m /data/verl-omni/verl_omni/workers/engine/fsdp/diffusers_impl.py:390: FutureWarning: FSDP.state_dict_type() and FSDP.set_state_dict_type() are being deprecated. Please use APIs, get_state_dict() and set_state_dict(), which can support different parallelisms, FSDP1, FSDP2, DDP. API doc: https://pytorch.org/docs/stable/distributed.checkpoint.html#torch.distributed.checkpoint.state_dict.get_state_dict .Tutorial: https://pytorch.org/tutorials/recipes/distributed_checkpoint_recipe.html .
[36m(WorkerDict pid=920971)[0m   FSDP.set_state_dict_type(
[36m(WorkerDict pid=920968)[0m WARNING:2026-08-02 15:10:24,909:Setting the sleep level to 1 may cause a memory overflow.
[36m(vLLMHttpServer pid=939039)[0m [transformers] The `use_fast` parameter is deprecated and will be removed in a future version. Use `backend="torchvision"` instead of `use_fast=True`, or `backend="pil"` instead of `use_fast=False`.
[36m(WorkerDict pid=920968)[0m /data/verl-omni/verl_omni/workers/engine/fsdp/diffusers_impl.py:390: FutureWarning: FSDP.state_dict_type() and FSDP.set_state_dict_type() are being deprecated. Please use APIs, get_state_dict() and set_state_dict(), which can support different parallelisms, FSDP1, FSDP2, DDP. API doc: https://pytorch.org/docs/stable/distributed.checkpoint.html#torch.distributed.checkpoint.state_dict.get_state_dict .Tutorial: https://pytorch.org/tutorials/recipes/distributed_checkpoint_recipe.html .
[36m(WorkerDict pid=920968)[0m   FSDP.set_state_dict_type(
[36m(WorkerDict pid=920971)[0m WARNING:2026-08-02 15:10:25,016:Setting the sleep level to 1 may cause a memory overflow.

[36m(TaskRunner pid=917056)[0m                     'trainer_mode': 'sync'},
[36m(TaskRunner pid=917056)[0m              'val_before_train': True,
[36m(TaskRunner pid=917056)[0m              'val_only': False,
[36m(TaskRunner pid=917056)[0m              'validation_data_dir': '/data/verl-omni/workspace/val_generations/wan22_5b_t2v_ocr_s150',
[36m(TaskRunner pid=917056)[0m              'validation_data_max_samples': None,
[36m(TaskRunner pid=917056)[0m              'video_fps': 24},
[36m(TaskRunner pid=917056)[0m  'transfer_queue': {'backend': {'MooncakeStore': {'auto_init': False,
[36m(TaskRunner pid=917056)[0m                                                   'device_name': '',
[36m(TaskRunner pid=917056)[0m                                                   'global_segment_size': 4294967296,
[36m(TaskRunner pid=917056)[0m                                                   'local_buffer_size': 1073741824,
[36m(TaskRunner pid=917056)[0m                                                   'local_hostname': 'localhost',
[36m(TaskRunner pid=917056)[0m                                                   'master_server_address': 'localhost:50124',
[36m(TaskRunner pid=917056)[0m                                                   'metadata_server': 'localhost:50123',
[36m(TaskRunner pid=917056)[0m                                                   'protocol': 'tcp'},
[36m(TaskRunner pid=917056)[0m                                 'SimpleStorage': {'num_data_storage_units': 8,
[36m(TaskRunner pid=917056)[0m                                                   'total_storage_size': 100000},
[36m(TaskRunner pid=917056)[0m                                 'storage_backend': 'SimpleStorage'},
[36m(TaskRunner pid=917056)[0m                     'enable': False,
[36m(TaskRunner pid=917056)[0m                     'metrics': {'enabled': False, 'port': 0}}}
[36m(TaskRunner pid=917056)[0m dataset len: 19653
[36m(TaskRunner pid=917056)[0m dataset len: 64
[36m(TaskRunner pid=917056)[0m Size of train dataloader: 4913, Size of val dataloader: 8
[36m(TaskRunner pid=917056)[0m Total training steps: 150
[36m(TaskRunner pid=917056)[0m colocated worker base class <class 'verl.single_controller.base.worker.Worker'>
[36m(WorkerDict pid=920971)[0m Warning: Failed to set NUMA affinity: libnuma.so: cannot open shared object file: No such file or directory
[36m(WorkerDict pid=920968)[0m WanTransformer3DModel contains 5.00B parameters
[36m(WorkerDict pid=920968)[0m Before FSDP, memory allocated (GB): 0.00, memory reserved (GB): 0.00, device memory used/total (GB): 11.48/95.08
[36m(WorkerDict pid=920968)[0m Warning: Failed to set NUMA affinity: libnuma.so: cannot open shared object file: No such file or directory
[36m(WorkerDict pid=920968)[0m After FSDP, memory allocated (GB): 4.66, memory reserved (GB): 5.17, device memory used/total (GB): 17.43/95.08
[36m(WorkerDict pid=920968)[0m Total steps: 150, num_warmup_steps: 0
[36m(vLLMHttpServer pid=939039)[0m WARNING 08-02 15:10:59 [envs.py:2004] Unknown vLLM environment variable detected: VLLM_TORCH_PROFILER_DIR
[36m(vLLMHttpServer pid=939039)[0m WARNING 08-02 15:10:59 [envs.py:2004] Unknown vLLM environment variable detected: VLLM_TORCH_PROFILER_WITH_STACK
[36m(vLLMHttpServer pid=939039)[0m WARNING 08-02 15:10:59 [envs.py:2004] Unknown vLLM environment variable detected: VLLM_TORCH_PROFILER_RECORD_SHAPES
[36m(vLLMHttpServer pid=939039)[0m WARNING 08-02 15:10:59 [envs.py:2004] Unknown vLLM environment variable detected: VLLM_TORCH_PROFILER_WITH_PROFILE_MEMORY
[36m(vLLMHttpServer pid=939039)[0m WARNING 08-02 15:10:59 [vllm.py:1062] Enforce eager set, disabling torch.compile and CUDAGraphs. This is equivalent to setting -cc.mode=none -cc.cudagraph_mode=none
[36m(vLLMHttpServer pid=939039)[0m WARNING 08-02 15:10:59 [vllm.py:1110] Inductor compilation was disabled by user settings, optimizations settings that are only active during inductor compilation will be ignored.
[36m(vLLMHttpServer pid=939208)[0m ['serve',
[36m(vLLMHttpServer pid=939208)[0m  '/data/models/Qwen3-VL-8B-Instruct',
[36m(vLLMHttpServer pid=939208)[0m  '--dtype',
[36m(vLLMHttpServer pid=939208)[0m  'bfloat16',
[36m(vLLMHttpServer pid=939208)[0m  '--load_format',
[36m(vLLMHttpServer pid=939208)[0m  'auto',
[36m(vLLMHttpServer pid=939208)[0m  '--distributed_executor_backend',
[36m(vLLMHttpServer pid=939208)[0m  'mp',
[36m(vLLMHttpServer pid=939208)[0m  '--worker_extension_cls',
[36m(vLLMHttpServer pid=939208)[0m  'verl.workers.rollout.vllm_rollout.utils.vLLMColocateWorkerExtension',
[36m(vLLMHttpServer pid=939208)[0m  '--max_model_len',
[36m(vLLMHttpServer pid=939208)[0m  '32768',
[36m(vLLMHttpServer pid=939208)[0m  '--max_num_seqs',
[36m(vLLMHttpServer pid=939208)[0m  '1024',
[36m(vLLMHttpServer pid=939208)[0m  '--enable_chunked_prefill',
[36m(vLLMHttpServer pid=939208)[0m  '--max_num_batched_tokens',
[36m(vLLMHttpServer pid=939208)[0m  '8192',
[36m(vLLMHttpServer pid=939208)[0m  '--enable_prefix_caching',
[36m(vLLMHttpServer pid=939208)[0m  '--enable_sleep_mode',
[36m(vLLMHttpServer pid=939208)[0m  '--logprobs_mode',
[36m(vLLMHttpServer pid=939208)[0m  'processed_logprobs',
[36m(vLLMHttpServer pid=939208)[0m  '--enforce_eager',
[36m(vLLMHttpServer pid=939208)[0m  '--gpu_memory_utilization',
[36m(vLLMHttpServer pid=939208)[0m  '0.5',
[36m(vLLMHttpServer pid=939208)[0m  '--disable_log_stats',
[36m(vLLMHttpServer pid=939208)[0m  '--tensor_parallel_size',
[36m(vLLMHttpServer pid=939208)[0m  '1',
[36m(vLLMHttpServer pid=939208)[0m  '--seed',
[36m(vLLMHttpServer pid=939208)[0m  '0',
[36m(vLLMHttpServer pid=939208)[0m  '--override_generation_config',
[36m(vLLMHttpServer pid=939208)[0m  '{"temperature": 1.0, "top_k": -1, "top_p": 1, "repetition_penalty": 1.0, '
[36m(vLLMHttpServer pid=939208)[0m  '"max_new_tokens": 2048}',
[36m(vLLMHttpServer pid=939208)[0m  '--hf_overrides',
[36m(vLLMHttpServer pid=939208)[0m  '{}',
[36m(vLLMHttpServer pid=939208)[0m  '--scheduling_policy',
[36m(vLLMHttpServer pid=939208)[0m  'fcfs',
[36m(vLLMHttpServer pid=939208)[0m  '--compilation_config',
[36m(vLLMHttpServer pid=939208)[0m  '{"cudagraph_mode": "FULL_AND_PIECEWISE"}',
[36m(vLLMHttpServer pid=939208)[0m  '--profiler_config',
[36m(vLLMHttpServer pid=939208)[0m  '{"profiler": "torch", "torch_profiler_dir": '
[36m(vLLMHttpServer pid=939208)[0m  '"outputs/profile/reward_model/agent_loop_rollout_replica_0", '
[36m(vLLMHttpServer pid=939208)[0m  '"torch_profiler_with_memory": false, "torch_profiler_with_stack": false, '
[36m(vLLMHttpServer pid=939208)[0m  '"torch_profiler_record_shapes": false, "delay_iterations": 0, '
[36m(vLLMHttpServer pid=939208)[0m  '"max_iterations": 0, "ignore_frontend": "true"}']
[36m(vLLMHttpServer pid=939039)[0m WARNING 08-02 15:11:06 [system_utils.py:157] We must use the `spawn` multiprocessing start method. Overriding VLLM_WORKER_MULTIPROC_METHOD to 'spawn'. See https://docs.vllm.ai/en/latest/usage/troubleshooting.html#python-multiprocessing for more information. Reasons: In a Ray actor and can only be spawned; CUDA is initialized
[36m(vLLMHttpServer pid=939208)[0m WARNING 08-02 15:11:01 [envs.py:2004] Unknown vLLM environment variable detected: VLLM_TORCH_PROFILER_DIR
[36m(vLLMHttpServer pid=939208)[0m WARNING 08-02 15:11:01 [envs.py:2004] Unknown vLLM environment variable detected: VLLM_TORCH_PROFILER_WITH_STACK
[36m(vLLMHttpServer pid=939208)[0m WARNING 08-02 15:11:01 [envs.py:2004] Unknown vLLM environment variable detected: VLLM_TORCH_PROFILER_RECORD_SHAPES
[36m(vLLMHttpServer pid=939208)[0m WARNING 08-02 15:11:01 [envs.py:2004] Unknown vLLM environment variable detected: VLLM_TORCH_PROFILER_WITH_PROFILE_MEMORY
[36m(vLLMHttpServer pid=939208)[0m WARNING 08-02 15:11:01 [vllm.py:1062] Enforce eager set, disabling torch.compile and CUDAGraphs. This is equivalent to setting -cc.mode=none -cc.cudagraph_mode=none
[36m(vLLMHttpServer pid=939208)[0m WARNING 08-02 15:11:01 [vllm.py:1110] Inductor compilation was disabled by user settings, optimizations settings that are only active during inductor compilation will be ignored.[36m(vLLMHttpServer pid=939039)[0m (Worker pid=945970) [transformers] The `use_fast` parameter is deprecated and will be removed in a future version. Use `backend="torchvision"` instead of `use_fast=True`, or `backend="pil"` instead of `use_fast=False`.
[36m(vLLMHttpServer pid=939208)[0m [transformers] The `use_fast` parameter is deprecated and will be removed in a future version. Use `backend="torchvision"` instead of `use_fast=True`, or `backend="pil"` instead of `use_fast=False`.
[36m(vLLMHttpServer pid=939039)[0m (Worker pid=945970) Loading safetensors checkpoint shards:   0% Completed | 0/4 [00:00<?, ?it/s]
[36m(vLLMHttpServer pid=939039)[0m (Worker pid=945970) Loading safetensors checkpoint shards:  25% Completed | 1/4 [00:02<00:06,  2.31s/it]
[36m(vLLMHttpServer pid=939208)[0m (Worker pid=946199) [transformers] The `use_fast` parameter is deprecated and will be removed in a future version. Use `backend="torchvision"` instead of `use_fast=True`, or `backend="pil"` instead of `use_fast=False`.
[36m(vLLMHttpServer pid=939208)[0m (Worker pid=946199) Loading safetensors checkpoint shards:   0% Completed | 0/4 [00:00<?, ?it/s]
[36m(vLLMHttpServer pid=939039)[0m (Worker pid=945970) 
[36m(vLLMHttpServer pid=939039)[0m (Worker pid=945970) Loading safetensors checkpoint shards: 100% Completed | 4/4 [00:08<00:00,  2.15s/it][32m [repeated 7x across cluster] (Ray deduplicates logs by default. Set RAY_DEDUP_LOGS=0 to disable log deduplication, or see https://docs.ray.io/en/master/ray-observability/user-guides/configure-logging.html#log-deduplication for more options.)[0m
[36m(vLLMHttpServer pid=939208)[0m (Worker pid=946199) <frozen importlib._bootstrap_external>:1301: FutureWarning: The cuda.cudart module is deprecated and will be removed in a future release, please switch to use the cuda.bindings.runtime module instead.
[36m(vLLMHttpServer pid=939208)[0m (Worker pid=946199) <frozen importlib._bootstrap_external>:1301: FutureWarning: The cuda.nvrtc module is deprecated and will be removed in a future release, please switch to use the cuda.bindings.nvrtc module instead.
[36m(vLLMHttpServer pid=939208)[0m (Worker pid=946199) 2026-08-02 15:24:27,646 - INFO - autotuner.py:622 - flashinfer.jit: [Autotuner]: Autotuning process starts ...
[36m(vLLMHttpServer pid=939208)[0m (Worker pid=946199) 
[36m(vLLMHttpServer pid=939208)[0m (Worker pid=946199) Loading safetensors checkpoint shards: 100% Completed | 4/4 [00:08<00:00,  2.08s/it][32m [repeated 2x across cluster][0m
[36m(vLLMHttpServer pid=939208)[0m (Worker pid=946199) 2026-08-02 15:24:27,674 - INFO - autotuner.py:641 - flashinfer.jit: [Autotuner]: Autotuning process ends
[36m(vLLMHttpServer pid=939208)[0m (EngineCore pid=943568) [transformers] The `use_fast` parameter is deprecated and will be removed in a future version. Use `backend="torchvision"` instead of `use_fast=True`, or `backend="pil"` instead of `use_fast=False`.
[36m(vLLMHttpServer pid=939039)[0m (Worker pid=945970) <frozen importlib._bootstrap_external>:1301: FutureWarning: The cuda.cudart module is deprecated and will be removed in a future release, please switch to use the cuda.bindings.runtime module instead.
[36m(vLLMHttpServer pid=939039)[0m (Worker pid=945970) <frozen importlib._bootstrap_external>:1301: FutureWarning: The cuda.nvrtc module is deprecated and will be removed in a future release, please switch to use the cuda.bindings.nvrtc module instead.
[36m(vLLMHttpServer pid=939039)[0m (Worker pid=945970) 2026-08-02 15:24:43,604 - INFO - autotuner.py:622 - flashinfer.jit: [Autotuner]: Autotuning process starts ...
[36m(vLLMHttpServer pid=939039)[0m (Worker pid=945970) 2026-08-02 15:24:43,634 - INFO - autotuner.py:641 - flashinfer.jit: [Autotuner]: Autotuning process ends
[36m(vLLMHttpServer pid=939039)[0m (EngineCore pid=943326) [transformers] The `use_fast` parameter is deprecated and will be removed in a future version. Use `backend="torchvision"` instead of `use_fast=True`, or `backend="pil"` instead of `use_fast=False`.
[36m(pid=1141755)[0m /data/verl-omni/.venv/lib/python3.12/site-packages/verl/workers/engine/mindspeed/transformer_impl.py:24: UserWarning: NPU not support router replay for now.
[36m(pid=1141755)[0m   from verl.utils.megatron.router_replay_patch import RouterReplay
[36m(RewardLoopWorker pid=1141516)[0m /data/verl-omni/.venv/lib/python3.12/site-packages/verl/workers/engine/mindspeed/transformer_impl.py:24: UserWarning: NPU not support router replay for now.[32m [repeated 3x across cluster][0m
[36m(RewardLoopWorker pid=1141516)[0m   from verl.utils.megatron.router_replay_patch import RouterReplay[32m [repeated 3x across cluster][0m
[36m(vLLMOmniHttpServer pid=1141758)[0m /data/verl-omni/.venv/lib/python3.12/site-packages/verl/workers/engine/mindspeed/transformer_impl.py:24: UserWarning: NPU not support router replay for now.
[36m(vLLMOmniHttpServer pid=1141758)[0m   from verl.utils.megatron.router_replay_patch import RouterReplay
[36m(vLLMOmniHttpServer pid=1141755)[0m /data/verl-omni/.venv/lib/python3.12/site-packages/verl/workers/engine/mindspeed/transformer_impl.py:24: UserWarning: NPU not support router replay for now.
[36m(vLLMOmniHttpServer pid=1141755)[0m   from verl.utils.megatron.router_replay_patch import RouterReplay
[36m(vLLMOmniHttpServer pid=1141758)[0m Loading weights:   0%|          | 0/242 [00:00<?, ?it/s]Loading weights: 100%|██████████| 242/242 [00:00<00:00, 3076.59it/s]
[36m(vLLMOmniHttpServer pid=1141755)[0m The config attributes {'clip_output': False} were passed to DistributedAutoencoderKLWan, but are not expected and will be ignored. Please verify your config.json configuration file.
[36m(vLLMOmniHttpServer pid=1141755)[0m Loading weights:   0%|          | 0/242 [00:00<?, ?it/s]Loading weights: 100%|██████████| 242/242 [00:00<00:00, 9693.27it/s]
[36m(vLLMOmniHttpServer pid=1141755)[0m Multi-thread loading shards:   0% Completed | 0/5 [00:00<?, ?it/s]
[36m(vLLMOmniHttpServer pid=1141758)[0m The config attributes {'clip_output': False} were passed to DistributedAutoencoderKLWan, but are not expected and will be ignored. Please verify your config.json configuration file.
[36m(vLLMOmniHttpServer pid=1141755)[0m Multi-thread loading shards:  20% Completed | 1/5 [00:01<00:07,  1.80s/it]
[36m(vLLMOmniHttpServer pid=1141758)[0m Multi-thread loading shards:   0% Completed | 0/5 [00:00<?, ?it/s]
[36m(vLLMOmniHttpServer pid=1141755)[0m 
[36m(vLLMOmniHttpServer pid=1141755)[0m Multi-thread loading shards: 100% Completed | 5/5 [00:07<00:00,  1.55s/it][32m [repeated 8x across cluster][0m
[36m(vLLMOmniHttpServer pid=1141758)[0m 
[36m(pid=1156734)[0m /data/verl-omni/.venv/lib/python3.12/site-packages/verl/workers/engine/mindspeed/transformer_impl.py:24: UserWarning: NPU not support router replay for now.
[36m(pid=1156734)[0m   from verl.utils.megatron.router_replay_patch import RouterReplay
[36m(vLLMOmniHttpServer pid=1141758)[0m Multi-thread loading shards: 100% Completed | 5/5 [00:08<00:00,  1.78s/it][32m [repeated 3x across cluster][0m
[36m(WorkerDict pid=920971)[0m /data/verl-omni/.venv/lib/python3.12/site-packages/verl/plugin/platform/platform_cuda.py:99: FutureWarning: torch.cuda._set_allocator_settings is deprecated. Use torch._C._accelerator_setAllocatorSettings instead.
[36m(WorkerDict pid=920971)[0m   torch.cuda.memory._set_allocator_settings(settings)
[36m(pid=1156730)[0m /data/verl-omni/.venv/lib/python3.12/site-packages/verl/workers/engine/mindspeed/transformer_impl.py:24: UserWarning: NPU not support router replay for now.[32m [repeated 2x across cluster][0m
[36m(pid=1156730)[0m   from verl.utils.megatron.router_replay_patch import RouterReplay[32m [repeated 2x across cluster][0m

[36m(vLLMHttpServer pid=939039)[0m (Worker pid=945970) WARNING 08-02 15:11:36 [vllm.py:1062] Enforce eager set, disabling torch.compile and CUDAGraphs. This is equivalent to setting -cc.mode=none -cc.cudagraph_mode=none
[36m(vLLMHttpServer pid=939039)[0m (Worker pid=945970) WARNING 08-02 15:11:36 [vllm.py:1110] Inductor compilation was disabled by user settings, optimizations settings that are only active during inductor compilation will be ignored.
[36m(vLLMHttpServer pid=939208)[0m WARNING 08-02 15:11:07 [system_utils.py:157] We must use the `spawn` multiprocessing start method. Overriding VLLM_WORKER_MULTIPROC_METHOD to 'spawn'. See https://docs.vllm.ai/en/latest/usage/troubleshooting.html#python-multiprocessing for more information. Reasons: In a Ray actor and can only be spawned; CUDA is initialized
[36m(vLLMHttpServer pid=939208)[0m (EngineCore pid=943568) WARNING 08-02 15:24:35 [vllm.py:1062] Enforce eager set, disabling torch.compile and CUDAGraphs. This is equivalent to setting -cc.mode=none -cc.cudagraph_mode=none
[36m(vLLMHttpServer pid=939208)[0m (EngineCore pid=943568) WARNING 08-02 15:24:35 [vllm.py:1110] Inductor compilation was disabled by user settings, optimizations settings that are only active during inductor compilation will be ignored.
[36m(vLLMHttpServer pid=939208)[0m (Worker pid=946199) WARNING 08-02 15:11:37 [vllm.py:1062] Enforce eager set, disabling torch.compile and CUDAGraphs. This is equivalent to setting -cc.mode=none -cc.cudagraph_mode=none
[36m(vLLMHttpServer pid=939208)[0m (Worker pid=946199) WARNING 08-02 15:11:37 [vllm.py:1110] Inductor compilation was disabled by user settings, optimizations settings that are only active during inductor compilation will be ignored.
[36m(vLLMHttpServer pid=939208)[0m WARNING 08-02 15:24:35 [api_router.py:30] LoRA dynamic loading & unloading is enabled in the API server. This should ONLY be used for local development!
[36m(vLLMHttpServer pid=939208)[0m WARNING 08-02 15:24:35 [api_router.py:41] Profiler with mode 'torch' is enabled in the API server. This should ONLY be used for local development!
[36m(vLLMHttpServer pid=939208)[0m WARNING 08-02 15:24:35 [model.py:1477] Default vLLM sampling parameters have been overridden by the model's `generation_config.json`: `{'repetition_penalty': 1.0, 'temperature': 1.0, 'top_k': -1, 'top_p': 1, 'max_tokens': 2048}`. If this is not intended, please relaunch vLLM instance with `--generation-config vllm`.
[36m(vLLMHttpServer pid=939039)[0m (EngineCore pid=943326) WARNING 08-02 15:24:51 [vllm.py:1062] Enforce eager set, disabling torch.compile and CUDAGraphs. This is equivalent to setting -cc.mode=none -cc.cudagraph_mode=none
[36m(vLLMHttpServer pid=939039)[0m (EngineCore pid=943326) WARNING 08-02 15:24:51 [vllm.py:1110] Inductor compilation was disabled by user settings, optimizations settings that are only active during inductor compilation will be ignored.
[36m(vLLMHttpServer pid=939039)[0m WARNING 08-02 15:24:52 [api_router.py:30] LoRA dynamic loading & unloading is enabled in the API server. This should ONLY be used for local development!
[36m(vLLMHttpServer pid=939039)[0m WARNING 08-02 15:24:52 [api_router.py:41] Profiler with mode 'torch' is enabled in the API server. This should ONLY be used for local development!
[36m(vLLMHttpServer pid=939039)[0m WARNING 08-02 15:24:52 [model.py:1477] Default vLLM sampling parameters have been overridden by the model's `generation_config.json`: `{'repetition_penalty': 1.0, 'temperature': 1.0, 'top_k': -1, 'top_p': 1, 'max_tokens': 2048}`. If this is not intended, please relaunch vLLM instance with `--generation-config vllm`.
[36m(vLLMOmniHttpServer pid=1141755)[0m ['serve',
[36m(vLLMOmniHttpServer pid=1141755)[0m  '/data/models/Wan2.2-TI2V-5B-Diffusers',
[36m(vLLMOmniHttpServer pid=1141755)[0m  '--dtype',
[36m(vLLMOmniHttpServer pid=1141755)[0m  'bfloat16',
[36m(vLLMOmniHttpServer pid=1141755)[0m  '--load_format',
[36m(vLLMOmniHttpServer pid=1141755)[0m  'safetensors',
[36m(vLLMOmniHttpServer pid=1141755)[0m  '--distributed_executor_backend',
[36m(vLLMOmniHttpServer pid=1141755)[0m  'mp',
[36m(vLLMOmniHttpServer pid=1141755)[0m  '--worker_extension_cls',
[36m(vLLMOmniHttpServer pid=1141755)[0m  'verl_omni.workers.rollout.vllm_rollout.utils.vLLMOmniColocateWorkerExtension',
[36m(vLLMOmniHttpServer pid=1141755)[0m  '--max_num_seqs',
[36m(vLLMOmniHttpServer pid=1141755)[0m  '1024',
[36m(vLLMOmniHttpServer pid=1141755)[0m  '--enable_chunked_prefill',
[36m(vLLMOmniHttpServer pid=1141755)[0m  '--max_num_batched_tokens',
[36m(vLLMOmniHttpServer pid=1141755)[0m  '8192',
[36m(vLLMOmniHttpServer pid=1141755)[0m  '--enable_prefix_caching',
[36m(vLLMOmniHttpServer pid=1141755)[0m  '--enable_sleep_mode',
[36m(vLLMOmniHttpServer pid=1141755)[0m  '--logprobs_mode',
[36m(vLLMOmniHttpServer pid=1141755)[0m  'processed_logprobs',
[36m(vLLMOmniHttpServer pid=1141755)[0m  '--gpu_memory_utilization',
[36m(vLLMOmniHttpServer pid=1141755)[0m  '0.5',
[36m(vLLMOmniHttpServer pid=1141755)[0m  '--disable_log_stats',
[36m(vLLMOmniHttpServer pid=1141755)[0m  '--tensor_parallel_size',
[36m(vLLMOmniHttpServer pid=1141755)[0m  '1',
[36m(vLLMOmniHttpServer pid=1141755)[0m  '--seed',
[36m(vLLMOmniHttpServer pid=1141755)[0m  '42',
[36m(vLLMOmniHttpServer pid=1141755)[0m  '--override_generation_config',
[36m(vLLMOmniHttpServer pid=1141755)[0m  '{}',
[36m(vLLMOmniHttpServer pid=1141755)[0m  '--hf_overrides',
[36m(vLLMOmniHttpServer pid=1141755)[0m  '{}',
[36m(vLLMOmniHttpServer pid=1141755)[0m  '--scheduling_policy',
[36m(vLLMOmniHttpServer pid=1141755)[0m  'fcfs',
[36m(vLLMOmniHttpServer pid=1141755)[0m  '--compilation_config',
[36m(vLLMOmniHttpServer pid=1141755)[0m  '{"cudagraph_mode": "FULL_AND_PIECEWISE"}',
[36m(vLLMOmniHttpServer pid=1141755)[0m  '--profiler_config',
[36m(vLLMOmniHttpServer pid=1141755)[0m  '{"profiler": "torch", "torch_profiler_dir": '
[36m(vLLMOmniHttpServer pid=1141755)[0m  '"outputs/profile/agent_loop_rollout_replica_0", '
[36m(vLLMOmniHttpServer pid=1141755)[0m  '"torch_profiler_with_memory": false, "torch_profiler_with_stack": false, '
[36m(vLLMOmniHttpServer pid=1141755)[0m  '"torch_profiler_record_shapes": false, "delay_iterations": 0, '
[36m(vLLMOmniHttpServer pid=1141755)[0m  '"max_iterations": 0, "ignore_frontend": "true"}']
[36m(vLLMOmniHttpServer pid=1141755)[0m WARNING 08-02 15:26:26 [api_router.py:30] LoRA dynamic loading & unloading is enabled in the API server. This should ONLY be used for local development!
[36m(vLLMOmniHttpServer pid=1141755)[0m WARNING 08-02 15:26:26 [api_router.py:41] Profiler with mode 'torch' is enabled in the API server. This should ONLY be used for local development!
[36m(TaskRunner pid=917056)[0m LLMServerManager: ['10.10.11.162:42649', '10.10.11.162:44071']
[36m(DiffusionAgentLoopWorker pid=1156734)[0m Using dataset class: RLHFDataset
[36m(vLLMOmniHttpServer pid=1141758)[0m WARNING 08-02 15:26:29 [api_router.py:30] LoRA dynamic loading & unloading is enabled in the API server. This should ONLY be used for local development!
[36m(vLLMOmniHttpServer pid=1141758)[0m WARNING 08-02 15:26:29 [api_router.py:41] Profiler with mode 'torch' is enabled in the API server. This should ONLY be used for local development!
[36m(vLLMOmniHttpServer pid=1141758)[0m WARNING 08-02 15:26:59 [async_omni.py:899] [AsyncOmni] reset_encoder_cache not yet supported with Orchestrator process
[36m(DiffusionAgentLoopWorker pid=1156730)[0m Using dataset class: RLHFDataset
[36m(TaskRunner pid=917056)[0m Saving tensorboard log to tensorboard_log/dance_grpo/wan22_5b_t2v_ocr_s150.
[36m(TaskRunner pid=917056)[0m Checkpoint tracker file does not exist: /data/verl-omni/checkpoints/dance_grpo/wan22_5b_t2v_ocr_s150/latest_checkpointed_iteration.txt
[36m(TaskRunner pid=917056)[0m Training from scratch
[36m(vLLMOmniHttpServer pid=1141755)[0m WARNING 08-02 15:27:06 [async_omni.py:910] [AsyncOmni] reset_prefix_cache not yet supported with Orchestrator process
[36m(vLLMOmniHttpServer pid=1141755)[0m WARNING 08-02 15:27:06 [async_omni.py:892] [AsyncOmni] reset_mm_cache not yet supported with Orchestrator process[36m(WorkerDict pid=920968)[0m /data/verl-omni/.venv/lib/python3.12/site-packages/verl/plugin/platform/platform_cuda.py:99: FutureWarning: torch.cuda._set_allocator_settings is deprecated. Use torch._C._accelerator_setAllocatorSettings instead.[32m [repeated 2x across cluster][0m
[36m(WorkerDict pid=920968)[0m   torch.cuda.memory._set_allocator_settings(settings)[32m [repeated 2x across cluster][0m

[36m(vLLMOmniHttpServer pid=1141755)[0m WARNING 08-02 15:27:06 [async_omni.py:899] [AsyncOmni] reset_encoder_cache not yet supported with Orchestrator process[32m [repeated 2x across cluster][0m
[36m(TaskRunner pid=917056)[0m test_gen_batch meta info: {'recompute_log_prob': False, 'validate': True, 'global_steps': 0}
[36m(vLLMOmniHttpServer pid=1141758)[0m WARNING 08-02 15:27:07 [async_omni.py:910] [AsyncOmni] reset_prefix_cache not yet supported with Orchestrator process
[36m(vLLMOmniHttpServer pid=1141758)[0m WARNING 08-02 15:27:07 [async_omni.py:892] [AsyncOmni] reset_mm_cache not yet supported with Orchestrator process
[36m(vLLMOmniHttpServer pid=1141755)[0m WARNING 08-02 15:30:25 [async_omni.py:899] [AsyncOmni] reset_encoder_cache not yet supported with Orchestrator process[32m [repeated 2x across cluster][0m
[36m(vLLMHttpServer pid=939039)[0m (Worker pid=945970) WARNING 08-02 15:30:29 [jit_monitor.py:106] Triton kernel JIT compilation during inference: _compute_slot_mapping_kernel. This causes a latency spike; consider extending warmup to cover this shape/config.
[36m(vLLMHttpServer pid=939039)[0m (Worker pid=945970) WARNING 08-02 15:30:29 [jit_monitor.py:106] Triton kernel JIT compilation during inference: _bilinear_pos_embed_kernel. This causes a latency spike; consider extending warmup to cover this shape/config.
[36m(vLLMHttpServer pid=939039)[0m (Worker pid=945970) WARNING 08-02 15:30:32 [jit_monitor.py:106] Triton kernel JIT compilation during inference: _triton_mrope_forward. This causes a latency spike; consider extending warmup to cover this shape/config.
[36m(vLLMOmniHttpServer pid=1141758)[0m WARNING 08-02 15:30:25 [async_omni.py:899] [AsyncOmni] reset_encoder_cache not yet supported with Orchestrator process
[36m(vLLMOmniHttpServer pid=1141755)[0m WARNING 08-02 15:32:39 [async_omni.py:910] [AsyncOmni] reset_prefix_cache not yet supported with Orchestrator process
[36m(vLLMOmniHttpServer pid=1141755)[0m WARNING 08-02 15:32:39 [async_omni.py:892] [AsyncOmni] reset_mm_cache not yet supported with Orchestrator process
[36m(vLLMOmniHttpServer pid=1141755)[0m WARNING 08-02 15:32:39 [async_omni.py:899] [AsyncOmni] reset_encoder_cache not yet supported with Orchestrator process
[36m(vLLMHttpServer pid=939208)[0m (Worker pid=946199) WARNING 08-02 15:30:29 [jit_monitor.py:106] Triton kernel JIT compilation during inference: _compute_slot_mapping_kernel. This causes a latency spike; consider extending warmup to cover this shape/config.
[36m(vLLMHttpServer pid=939208)[0m (Worker pid=946199) WARNING 08-02 15:30:29 [jit_monitor.py:106] Triton kernel JIT compilation during inference: _bilinear_pos_embed_kernel. This causes a latency spike; consider extending warmup to cover this shape/config.
[36m(vLLMHttpServer pid=939208)[0m (Worker pid=946199) WARNING 08-02 15:30:32 [jit_monitor.py:106] Triton kernel JIT compilation during inference: _triton_mrope_forward. This causes a latency spike; consider extending warmup to cover this shape/config.
[36m(TaskRunner pid=917056)[0m validation generation end
[36m(TaskRunner pid=917056)[0m test_gen_batch meta info: {'recompute_log_prob': False, 'validate': True, 'global_steps': 0}
[36m(vLLMOmniHttpServer pid=1141758)[0m WARNING 08-02 15:32:39 [async_omni.py:910] [AsyncOmni] reset_prefix_cache not yet supported with Orchestrator process
[36m(vLLMOmniHttpServer pid=1141758)[0m WARNING 08-02 15:32:39 [async_omni.py:892] [AsyncOmni] reset_mm_cache not yet supported with Orchestrator process
[36m(vLLMOmniHttpServer pid=1141755)[0m WARNING 08-02 15:35:42 [async_omni.py:899] [AsyncOmni] reset_encoder_cache not yet supported with Orchestrator process[32m [repeated 2x across cluster][0m
[36m(vLLMOmniHttpServer pid=1141755)[0m WARNING 08-02 15:42:18 [async_omni.py:910] [AsyncOmni] reset_prefix_cache not yet supported with Orchestrator process
[36m(vLLMOmniHttpServer pid=1141755)[0m WARNING 08-02 15:42:18 [async_omni.py:892] [AsyncOmni] reset_mm_cache not yet supported with Orchestrator process
[36m(vLLMOmniHttpServer pid=1141755)[0m WARNING 08-02 15:42:18 [async_omni.py:899] [AsyncOmni] reset_encoder_cache not yet supported with Orchestrator process[32m [repeated 2x across cluster][0m
[36m(TaskRunner pid=917056)[0m validation generation end
[36m(TaskRunner pid=917056)[0m test_gen_batch meta info: {'recompute_log_prob': False, 'validate': True, 'global_steps': 0}
[36m(vLLMOmniHttpServer pid=1141758)[0m WARNING 08-02 15:42:18 [async_omni.py:910] [AsyncOmni] reset_prefix_cache not yet supported with Orchestrator process
[36m(vLLMOmniHttpServer pid=1141758)[0m WARNING 08-02 15:42:18 [async_omni.py:892] [AsyncOmni] reset_mm_cache not yet supported with Orchestrator process
[36m(vLLMOmniHttpServer pid=1141755)[0m WARNING 08-02 15:44:58 [async_omni.py:899] [AsyncOmni] reset_encoder_cache not yet supported with Orchestrator process[32m [repeated 2x across cluster][0m
[36m(vLLMOmniHttpServer pid=1141755)[0m WARNING 08-02 15:47:09 [async_omni.py:910] [AsyncOmni] reset_prefix_cache not yet supported with Orchestrator process
[36m(vLLMOmniHttpServer pid=1141755)[0m WARNING 08-02 15:47:09 [async_omni.py:892] [AsyncOmni] reset_mm_cache not yet supported with Orchestrator process
[36m(vLLMOmniHttpServer pid=1141755)[0m WARNING 08-02 15:47:09 [async_omni.py:899] [AsyncOmni] reset_encoder_cache not yet supported with Orchestrator process[32m [repeated 2x across cluster][0m
[36m(TaskRunner pid=917056)[0m validation generation end
[36m(TaskRunner pid=917056)[0m test_gen_batch meta info: {'recompute_log_prob': False, 'validate': True, 'global_steps': 0}
[36m(vLLMOmniHttpServer pid=1141758)[0m WARNING 08-02 15:47:09 [async_omni.py:910] [AsyncOmni] reset_prefix_cache not yet supported with Orchestrator process
[36m(vLLMOmniHttpServer pid=1141758)[0m WARNING 08-02 15:47:09 [async_omni.py:892] [AsyncOmni] reset_mm_cache not yet supported with Orchestrator process
[36m(vLLMOmniHttpServer pid=1141758)[0m WARNING 08-02 15:50:19 [async_omni.py:899] [AsyncOmni] reset_encoder_cache not yet supported with Orchestrator process[32m [repeated 2x across cluster][0m
[36m(vLLMOmniHttpServer pid=1141755)[0m WARNING 08-02 15:54:57 [async_omni.py:910] [AsyncOmni] reset_prefix_cache not yet supported with Orchestrator process
[36m(vLLMOmniHttpServer pid=1141755)[0m WARNING 08-02 15:54:57 [async_omni.py:892] [AsyncOmni] reset_mm_cache not yet supported with Orchestrator process
[36m(vLLMOmniHttpServer pid=1141755)[0m WARNING 08-02 15:54:57 [async_omni.py:899] [AsyncOmni] reset_encoder_cache not yet supported with Orchestrator process[32m [repeated 2x across cluster][0m
[36m(TaskRunner pid=917056)[0m validation generation end
[36m(TaskRunner pid=917056)[0m test_gen_batch meta info: {'recompute_log_prob': False, 'validate': True, 'global_steps': 0}
[36m(vLLMOmniHttpServer pid=1141758)[0m WARNING 08-02 15:54:57 [async_omni.py:910] [AsyncOmni] reset_prefix_cache not yet supported with Orchestrator process
[36m(vLLMOmniHttpServer pid=1141758)[0m WARNING 08-02 15:54:57 [async_omni.py:892] [AsyncOmni] reset_mm_cache not yet supported with Orchestrator process
[36m(vLLMOmniHttpServer pid=1141755)[0m WARNING 08-02 15:56:44 [async_omni.py:899] [AsyncOmni] reset_encoder_cache not yet supported with Orchestrator process[32m [repeated 2x across cluster][0m
[36m(vLLMOmniHttpServer pid=1141755)[0m WARNING 08-02 16:00:09 [async_omni.py:910] [AsyncOmni] reset_prefix_cache not yet supported with Orchestrator process
[36m(vLLMOmniHttpServer pid=1141755)[0m WARNING 08-02 16:00:09 [async_omni.py:892] [AsyncOmni] reset_mm_cache not yet supported with Orchestrator process
[36m(vLLMOmniHttpServer pid=1141755)[0m WARNING 08-02 16:00:09 [async_omni.py:899] [AsyncOmni] reset_encoder_cache not yet supported with Orchestrator process[32m [repeated 2x across cluster][0m
[36m(TaskRunner pid=917056)[0m validation generation end
[36m(TaskRunner pid=917056)[0m test_gen_batch meta info: {'recompute_log_prob': False, 'validate': True, 'global_steps': 0}
[36m(vLLMOmniHttpServer pid=1141758)[0m WARNING 08-02 16:00:10 [async_omni.py:910] [AsyncOmni] reset_prefix_cache not yet supported with Orchestrator process[36m(TaskRunner pid=917056)[0m Training Progress:   0%|          | 0/150 [00:00<?, ?it/s]
[36m(WorkerDict pid=920971)[0m /data/verl-omni/.venv/lib/python3.12/site-packages/verl/plugin/platform/platform_cuda.py:99: FutureWarning: torch.cuda._set_allocator_settings is deprecated. Use torch._C._accelerator_setAllocatorSettings instead.
[36m(WorkerDict pid=920971)[0m   torch.cuda.memory._set_allocator_settings(settings)
[36m(TaskRunner pid=917056)[0m W0802 16:22:21.086000 917056 .venv/lib/python3.12/site-packages/torch/fx/_symbolic_trace.py:53] is_fx_tracing will return true for both fx.symbolic_trace and torch.export. Please use is_fx_tracing_symbolic_tracing() for specifically fx.symbolic_trace or torch.compiler.is_compiling() for specifically torch.export/compile.
[36m(WorkerDict pid=920968)[0m [rank0]:W0802 16:22:35.642000 920968 .venv/lib/python3.12/site-packages/torch/fx/_symbolic_trace.py:53] is_fx_tracing will return true for both fx.symbolic_trace and torch.export. Please use is_fx_tracing_symbolic_tracing() for specifically fx.symbolic_trace or torch.compiler.is_compiling() for specifically torch.export/compile.
[36m(WorkerDict pid=920971)[0m [rank1]:W0802 16:22:35.877000 920971 .venv/lib/python3.12/site-packages/torch/fx/_symbolic_trace.py:53] is_fx_tracing will return true for both fx.symbolic_trace and torch.export. Please use is_fx_tracing_symbolic_tracing() for specifically fx.symbolic_trace or torch.compiler.is_compiling() for specifically torch.export/compile.
[36m(TaskRunner pid=917056)[0m Training Progress:   1%|          | 1/150 [11:09<27:43:04, 669.69s/it]

[36m(vLLMOmniHttpServer pid=1141758)[0m WARNING 08-02 16:00:10 [async_omni.py:892] [AsyncOmni] reset_mm_cache not yet supported with Orchestrator process
[36m(vLLMOmniHttpServer pid=1141758)[0m WARNING 08-02 16:01:57 [async_omni.py:899] [AsyncOmni] reset_encoder_cache not yet supported with Orchestrator process[32m [repeated 2x across cluster][0m
[36m(vLLMOmniHttpServer pid=1141755)[0m WARNING 08-02 16:07:04 [async_omni.py:910] [AsyncOmni] reset_prefix_cache not yet supported with Orchestrator process
[36m(vLLMOmniHttpServer pid=1141755)[0m WARNING 08-02 16:07:04 [async_omni.py:892] [AsyncOmni] reset_mm_cache not yet supported with Orchestrator process
[36m(vLLMOmniHttpServer pid=1141755)[0m WARNING 08-02 16:07:04 [async_omni.py:899] [AsyncOmni] reset_encoder_cache not yet supported with Orchestrator process[32m [repeated 2x across cluster][0m
[36m(TaskRunner pid=917056)[0m validation generation end
[36m(TaskRunner pid=917056)[0m test_gen_batch meta info: {'recompute_log_prob': False, 'validate': True, 'global_steps': 0}
[36m(vLLMOmniHttpServer pid=1141758)[0m WARNING 08-02 16:07:04 [async_omni.py:910] [AsyncOmni] reset_prefix_cache not yet supported with Orchestrator process
[36m(vLLMOmniHttpServer pid=1141758)[0m WARNING 08-02 16:07:04 [async_omni.py:892] [AsyncOmni] reset_mm_cache not yet supported with Orchestrator process
[36m(vLLMOmniHttpServer pid=1141755)[0m WARNING 08-02 16:09:11 [async_omni.py:899] [AsyncOmni] reset_encoder_cache not yet supported with Orchestrator process[32m [repeated 2x across cluster][0m
[36m(vLLMOmniHttpServer pid=1141755)[0m WARNING 08-02 16:09:55 [async_omni.py:910] [AsyncOmni] reset_prefix_cache not yet supported with Orchestrator process
[36m(vLLMOmniHttpServer pid=1141755)[0m WARNING 08-02 16:09:55 [async_omni.py:892] [AsyncOmni] reset_mm_cache not yet supported with Orchestrator process
[36m(vLLMOmniHttpServer pid=1141755)[0m WARNING 08-02 16:09:55 [async_omni.py:899] [AsyncOmni] reset_encoder_cache not yet supported with Orchestrator process[32m [repeated 2x across cluster][0m
[36m(TaskRunner pid=917056)[0m validation generation end
[36m(TaskRunner pid=917056)[0m test_gen_batch meta info: {'recompute_log_prob': False, 'validate': True, 'global_steps': 0}
[36m(vLLMOmniHttpServer pid=1141758)[0m WARNING 08-02 16:09:55 [async_omni.py:910] [AsyncOmni] reset_prefix_cache not yet supported with Orchestrator process
[36m(vLLMOmniHttpServer pid=1141758)[0m WARNING 08-02 16:09:55 [async_omni.py:892] [AsyncOmni] reset_mm_cache not yet supported with Orchestrator process
[36m(vLLMOmniHttpServer pid=1141755)[0m WARNING 08-02 16:11:57 [async_omni.py:899] [AsyncOmni] reset_encoder_cache not yet supported with Orchestrator process[32m [repeated 2x across cluster][0m
[36m(vLLMOmniHttpServer pid=1141758)[0m WARNING 08-02 16:13:31 [async_omni.py:910] [AsyncOmni] reset_prefix_cache not yet supported with Orchestrator process
[36m(vLLMOmniHttpServer pid=1141758)[0m WARNING 08-02 16:13:31 [async_omni.py:892] [AsyncOmni] reset_mm_cache not yet supported with Orchestrator process
[36m(vLLMOmniHttpServer pid=1141758)[0m WARNING 08-02 16:13:31 [async_omni.py:899] [AsyncOmni] reset_encoder_cache not yet supported with Orchestrator process[32m [repeated 2x across cluster][0m
[36m(TaskRunner pid=917056)[0m validation generation end
[36m(TaskRunner pid=917056)[0m Dumped generations to /data/verl-omni/workspace/val_generations/wan22_5b_t2v_ocr_s150/0.jsonl
[36m(vLLMOmniHttpServer pid=1141755)[0m WARNING 08-02 16:13:31 [async_omni.py:910] [AsyncOmni] reset_prefix_cache not yet supported with Orchestrator process
[36m(vLLMOmniHttpServer pid=1141755)[0m WARNING 08-02 16:13:31 [async_omni.py:892] [AsyncOmni] reset_mm_cache not yet supported with Orchestrator process
[36m(vLLMOmniHttpServer pid=1141755)[0m WARNING 08-02 16:13:31 [async_omni.py:899] [AsyncOmni] reset_encoder_cache not yet supported with Orchestrator process
[36m(TaskRunner pid=917056)[0m ("Initial validation metrics: {'val-core/dance_grpo/ocr/reward/mean@1': "
[36m(TaskRunner pid=917056)[0m  "np.float64(0.47298713686177507), 'val-aux/num_turns/min': np.int32(2), "
[36m(TaskRunner pid=917056)[0m  "'val-aux/num_turns/max': np.int32(2), 'val-aux/num_turns/mean': "
[36m(TaskRunner pid=917056)[0m  'np.float64(2.0)}')
[36m(TaskRunner pid=917056)[0m step:0 - val-core/dance_grpo/ocr/reward/mean@1:np.float64(0.47298713686177507) - val-aux/num_turns/min:np.int32(2) - val-aux/num_turns/max:np.int32(2) - val-aux/num_turns/mean:np.float64(2.0)
[36m(vLLMOmniHttpServer pid=1141755)[0m WARNING 08-02 16:16:48 [async_omni.py:899] [AsyncOmni] reset_encoder_cache not yet supported with Orchestrator process
[36m(vLLMHttpServer pid=939039)[0m (Worker pid=945970) WARNING 08-02 16:17:10 [jit_monitor.py:106] Triton kernel JIT compilation during inference: _topk_topp_kernel. This causes a latency spike; consider extending warmup to cover this shape/config.
[36m(vLLMOmniHttpServer pid=1141758)[0m WARNING 08-02 16:16:48 [async_omni.py:899] [AsyncOmni] reset_encoder_cache not yet supported with Orchestrator process
[36m(vLLMOmniHttpServer pid=1141755)[0m WARNING 08-02 16:25:39 [async_omni.py:910] [AsyncOmni] reset_prefix_cache not yet supported with Orchestrator process
[36m(vLLMOmniHttpServer pid=1141755)[0m WARNING 08-02 16:25:39 [async_omni.py:892] [AsyncOmni] reset_mm_cache not yet supported with Orchestrator process
[36m(vLLMOmniHttpServer pid=1141755)[0m WARNING 08-02 16:25:39 [async_omni.py:899] [AsyncOmni] reset_encoder_cache not yet supported with Orchestrator process
[36m(vLLMHttpServer pid=939208)[0m (Worker pid=946199) WARNING 08-02 16:17:10 [jit_monitor.py:106] Triton kernel JIT compilation during inference: _topk_topp_kernel. This causes a latency spike; consider extending warmup to cover this shape/config.
[36m(TaskRunner pid=917056)[0m step:1 - perf/mfu/actor_infer:0.0 - actor/ppo_kl:np.float64(3.2014213502407074e-10) - actor/pg_clipfrac:np.float64(0.0) - actor/pg_clipfrac_higher:np.float64(0.0) - actor/pg_clipfrac_lower:np.float64(0.0) - actor/ratio_mean:np.float64(1.0) - actor/ratio_std:np.float64(0.0) - actor/loss:np.float64(7.450580596923828e-09) - actor/grad_norm:np.float64(0.0022735595703125) - actor/lr:np.float64(1e-05) - perf/mfu/actor:np.float64(0.0) - training/global_step:1 - training/epoch:0 - critic/rewards/mean:0.4445599615573883 - critic/rewards/max:1.0 - critic/rewards/min:0.0 - critic/advantages/mean:-7.450580596923828e-09 - critic/advantages/max:1.3255172967910767 - critic/advantages/min:-1.6200770139694214 - critic/returns/mean:-7.450580596923828e-09 - critic/returns/max:1.3255172967910767 - critic/returns/min:-1.6200770139694214 - critic/rewards/zero_std_ratio:0.0 - critic/rewards/std_mean:0.17622503638267517 - critic/rewards/group_size:8.0 - timing_s/start_profile:0.00030432920902967453 - timing_s/agent_loop/num_preempted/min:np.int64(-1) - timing_s/agent_loop/num_preempted/max:np.int64(-1) - timing_s/agent_loop/num_preempted/mean:np.float64(-1.0) - timing_s/agent_loop/generate_sequences/min:np.float64(7.4148036376573145) - timing_s/agent_loop/generate_sequences/max:np.float64(121.27466036984697) - timing_s/agent_loop/generate_sequences/mean:np.float64(106.73999454130535) - timing_s/agent_loop/tool_calls/min:np.float64(0.0) - timing_s/agent_loop/tool_calls/max:np.float64(0.0) - timing_s/agent_loop/tool_calls/mean:np.float64(0.0) - timing_s/agent_loop/compute_score/min:np.float64(0.0) - timing_s/agent_loop/compute_score/max:np.float64(0.0) - timing_s/agent_loop/compute_score/mean:np.float64(0.0) - timing_s/agent_loop/slowest/generate_sequences:np.float64(121.27466036984697) - timing_s/agent_loop/slowest/tool_calls:np.float64(0.0) - timing_s/agent_loop/slowest/compute_score:np.float64(0.0) - timing_s/agent_loop/slowest/num_preempted:np.int64(-1) - timing_s/agent_loop/slowest/prompt_length:46 - timing_s/agent_loop/slowest/response_length:0 - timing_s/gen:137.3233594847843 - timing_s/reward:331.10031659388915 - timing_s/old_log_prob:35.53147533489391 - timing_s/adv:0.0018550348468124866 - timing_s/update_actor:159.04447272513062 - timing_s/update_weights:6.390104323625565 - timing_s/step:669.3949272511527 - timing_s/stop_profile:0.00014840206131339073 - timing_per_image_ms/adv:0.05796983896289021 - timing_per_image_ms/gen:4291.3549838995095 - timing_per_image_ms/update_actor:4970.139772660332 - timing_per_image_ms/old_log_prob:1110.3586042154348 - perf/total_num_images:32 - perf/time_per_step:669.3949272511527 - perf/throughput:0.023902182924665193[36m(TaskRunner pid=917056)[0m Training Progress:   1%|▏         | 2/150 [35:46<47:02:17, 1144.17s/it]
[36m(TaskRunner pid=917056)[0m Training Progress:   2%|▏         | 3/150 [58:46<51:08:08, 1252.30s/it]

[36m(vLLMOmniHttpServer pid=1141758)[0m WARNING 08-02 16:25:39 [async_omni.py:910] [AsyncOmni] reset_prefix_cache not yet supported with Orchestrator process
[36m(vLLMOmniHttpServer pid=1141758)[0m WARNING 08-02 16:25:39 [async_omni.py:892] [AsyncOmni] reset_mm_cache not yet supported with Orchestrator process
[36m(vLLMOmniHttpServer pid=1141758)[0m WARNING 08-02 16:27:54 [async_omni.py:899] [AsyncOmni] reset_encoder_cache not yet supported with Orchestrator process[32m [repeated 2x across cluster][0m
[36m(vLLMOmniHttpServer pid=1141755)[0m WARNING 08-02 16:50:16 [async_omni.py:910] [AsyncOmni] reset_prefix_cache not yet supported with Orchestrator process
[36m(vLLMOmniHttpServer pid=1141755)[0m WARNING 08-02 16:50:16 [async_omni.py:892] [AsyncOmni] reset_mm_cache not yet supported with Orchestrator process
[36m(vLLMOmniHttpServer pid=1141755)[0m WARNING 08-02 16:50:16 [async_omni.py:899] [AsyncOmni] reset_encoder_cache not yet supported with Orchestrator process[32m [repeated 2x across cluster][0m
[36m(TaskRunner pid=917056)[0m step:2 - perf/mfu/actor_infer:0.0 - actor/ppo_kl:np.float64(5.238689482212067e-10) - actor/pg_clipfrac:np.float64(0.0) - actor/pg_clipfrac_higher:np.float64(0.0) - actor/pg_clipfrac_lower:np.float64(0.0) - actor/ratio_mean:np.float64(1.0) - actor/ratio_std:np.float64(0.0) - actor/loss:np.float64(9.778887033462524e-09) - actor/grad_norm:np.float64(0.00072479248046875) - actor/lr:np.float64(1e-05) - perf/mfu/actor:np.float64(0.0) - training/global_step:2 - training/epoch:0 - critic/rewards/mean:0.5299147963523865 - critic/rewards/max:1.0 - critic/rewards/min:0.0 - critic/advantages/mean:-1.1175870895385742e-08 - critic/advantages/max:0.5494069457054138 - critic/advantages/min:-0.21832329034805298 - critic/returns/mean:-1.1175870895385742e-08 - critic/returns/max:0.5494069457054138 - critic/returns/min:-0.21832329034805298 - critic/rewards/zero_std_ratio:0.25 - critic/rewards/std_mean:0.050585150718688965 - critic/rewards/group_size:8.0 - timing_s/start_profile:0.00015911320224404335 - timing_s/agent_loop/num_preempted/min:np.int64(-1) - timing_s/agent_loop/num_preempted/max:np.int64(-1) - timing_s/agent_loop/num_preempted/mean:np.float64(-1.0) - timing_s/agent_loop/generate_sequences/min:np.float64(7.284727601800114) - timing_s/agent_loop/generate_sequences/max:np.float64(117.69476807164028) - timing_s/agent_loop/generate_sequences/mean:np.float64(105.895439603657) - timing_s/agent_loop/tool_calls/min:np.float64(0.0) - timing_s/agent_loop/tool_calls/max:np.float64(0.0) - timing_s/agent_loop/tool_calls/mean:np.float64(0.0) - timing_s/agent_loop/compute_score/min:np.float64(0.0) - timing_s/agent_loop/compute_score/max:np.float64(0.0) - timing_s/agent_loop/compute_score/mean:np.float64(0.0) - timing_s/agent_loop/slowest/generate_sequences:np.float64(117.69476807164028) - timing_s/agent_loop/slowest/tool_calls:np.float64(0.0) - timing_s/agent_loop/slowest/compute_score:np.float64(0.0) - timing_s/agent_loop/slowest/num_preempted:np.int64(-1) - timing_s/agent_loop/slowest/prompt_length:42 - timing_s/agent_loop/slowest/response_length:0 - timing_s/gen:133.85973294684663 - timing_s/reward:1119.3212045761757 - timing_s/old_log_prob:51.86878598574549 - timing_s/adv:0.0013670516200363636 - timing_s/update_actor:165.2497815238312 - timing_s/update_weights:5.694758641999215 - timing_s/step:1475.9973026397638 - timing_s/stop_profile:3.431783989071846e-05 - timing_per_image_ms/adv:0.04272036312613636 - timing_per_image_ms/gen:4183.116654588957 - timing_per_image_ms/update_actor:5164.055672619725 - timing_per_image_ms/old_log_prob:1620.8995620545465 - perf/total_num_images:32 - perf/time_per_step:1475.9973026397638 - perf/throughput:0.010840128211199724
[36m(vLLMOmniHttpServer pid=1141758)[0m WARNING 08-02 16:50:16 [async_omni.py:910] [AsyncOmni] reset_prefix_cache not yet supported with Orchestrator process
[36m(vLLMOmniHttpServer pid=1141758)[0m WARNING 08-02 16:50:16 [async_omni.py:892] [AsyncOmni] reset_mm_cache not yet supported with Orchestrator process
[36m(vLLMOmniHttpServer pid=1141758)[0m WARNING 08-02 16:54:12 [async_omni.py:899] [AsyncOmni] reset_encoder_cache not yet supported with Orchestrator process[32m [repeated 2x across cluster][0m
[36m(vLLMOmniHttpServer pid=1141758)[0m WARNING 08-02 17:13:17 [async_omni.py:910] [AsyncOmni] reset_prefix_cache not yet supported with Orchestrator process
[36m(vLLMOmniHttpServer pid=1141758)[0m WARNING 08-02 17:13:17 [async_omni.py:892] [AsyncOmni] reset_mm_cache not yet supported with Orchestrator process
[36m(vLLMOmniHttpServer pid=1141758)[0m WARNING 08-02 17:13:17 [async_omni.py:899] [AsyncOmni] reset_encoder_cache not yet supported with Orchestrator process[32m [repeated 2x across cluster][0m
[36m(TaskRunner pid=917056)[0m step:3 - perf/mfu/actor_infer:0.0 - actor/ppo_kl:np.float64(3.2014213502407074e-10) - actor/pg_clipfrac:np.float64(0.0) - actor/pg_clipfrac_higher:np.float64(0.0) - actor/pg_clipfrac_lower:np.float64(0.0) - actor/ratio_mean:np.float64(1.0) - actor/ratio_std:np.float64(0.0) - actor/loss:np.float64(9.033828973770142e-08) - actor/grad_norm:np.float64(0.00146484375) - actor/lr:np.float64(1e-05) - perf/mfu/actor:np.float64(0.0) - training/global_step:3 - training/epoch:0 - critic/rewards/mean:0.45371660590171814 - critic/rewards/max:1.0 - critic/rewards/min:0.0 - critic/advantages/mean:-8.568167686462402e-08 - critic/advantages/max:1.1676769256591797 - critic/advantages/min:-0.704174816608429 - critic/returns/mean:-8.568167686462402e-08 - critic/returns/max:1.1676769256591797 - critic/returns/min:-0.704174816608429 - critic/rewards/zero_std_ratio:0.0 - critic/rewards/std_mean:0.16639140248298645 - critic/rewards/group_size:8.0 - timing_s/start_profile:5.352683365345001e-05 - timing_s/agent_loop/num_preempted/min:np.int64(-1) - timing_s/agent_loop/num_preempted/max:np.int64(-1) - timing_s/agent_loop/num_preempted/mean:np.float64(-1.0) - timing_s/agent_loop/generate_sequences/min:np.float64(13.68664416205138) - timing_s/agent_loop/generate_sequences/max:np.float64(211.81204623589292) - timing_s/agent_loop/generate_sequences/mean:np.float64(195.59509582644387) - timing_s/agent_loop/tool_calls/min:np.float64(0.0) - timing_s/agent_loop/tool_calls/max:np.float64(0.0) - timing_s/agent_loop/tool_calls/mean:np.float64(0.0) - timing_s/agent_loop/compute_score/min:np.float64(0.0) - timing_s/agent_loop/compute_score/max:np.float64(0.0) - timing_s/agent_loop/compute_score/mean:np.float64(0.0) - timing_s/agent_loop/slowest/generate_sequences:np.float64(211.81204623589292) - timing_s/agent_loop/slowest/tool_calls:np.float64(0.0) - timing_s/agent_loop/slowest/compute_score:np.float64(0.0) - timing_s/agent_loop/slowest/num_preempted:np.int64(-1) - timing_s/agent_loop/slowest/prompt_length:61 - timing_s/agent_loop/slowest/response_length:0 - timing_s/gen:236.10444496013224 - timing_s/reward:985.6690882411785 - timing_s/old_log_prob:40.95656906301156 - timing_s/adv:0.0016357419081032276 - timing_s/update_actor:113.22499419702217 - timing_s/update_weights:4.817458923906088 - timing_s/step:1380.7762295641005 - timing_s/stop_profile:5.501508712768555e-05 - timing_per_image_ms/adv:0.05111693462822586 - timing_per_image_ms/gen:7378.2639050041325 - timing_per_image_ms/update_actor:3538.281068656943 - timing_per_image_ms/old_log_prob:1279.8927832191112 - perf/total_num_images:32 - perf/time_per_step:1380.7762295641005 - perf/throughput:0.011587684997337378
[36m(vLLMOmniHttpServer pid=1141755)[0m WARNING 08-02 17:13:17 [async_omni.py:910] [AsyncOmni] reset_prefix_cache not yet supported with Orchestrator process
[36m(vLLMOmniHttpServer pid=1141755)[0m WARNING 08-02 17:13:17 [async_omni.py:892] [AsyncOmni] reset_mm_cache not yet supported with Orchestrator process
[36m(vLLMOmniHttpServer pid=1141755)[0m WARNING 08-02 17:16:04 [async_omni.py:899] [AsyncOmni] reset_encoder_cache not yet supported with Orchestrator process[32m [repeated 2x across cluster][0m
[36m(vLLMOmniHttpServer pid=1141755)[0m WARNING 08-02 17:25:34 [async_omni.py:910] [AsyncOmni] reset_prefix_cache not yet supported with Orchestrator process
[36m(vLLMOmniHttpServer pid=1141755)[0m WARNING 08-02 17:25:34 [async_omni.py:892] [AsyncOmni] reset_mm_cache not yet supported with Orchestrator process[36m(TaskRunner pid=917056)[0m Training Progress:   3%|▎         | 4/150 [1:11:04<42:32:37, 1049.02s/it]
[36m(TaskRunner pid=917056)[0m Training Progress:   3%|▎         | 5/150 [1:30:18<43:46:32, 1086.84s/it]
[36m(TaskRunner pid=917056)[0m Training Progress:   4%|▍         | 6/150 [1:40:06<36:41:33, 917.31s/it] 

[36m(vLLMOmniHttpServer pid=1141755)[0m WARNING 08-02 17:25:34 [async_omni.py:899] [AsyncOmni] reset_encoder_cache not yet supported with Orchestrator process[32m [repeated 2x across cluster][0m
[36m(TaskRunner pid=917056)[0m step:4 - perf/mfu/actor_infer:0.0 - actor/ppo_kl:np.float64(-5.820766091346741e-10) - actor/pg_clipfrac:np.float64(0.0) - actor/pg_clipfrac_higher:np.float64(0.0) - actor/pg_clipfrac_lower:np.float64(0.0) - actor/ratio_mean:np.float64(1.0) - actor/ratio_std:np.float64(0.0) - actor/loss:np.float64(-6.332993507385254e-08) - actor/grad_norm:np.float64(0.00160980224609375) - actor/lr:np.float64(1e-05) - perf/mfu/actor:np.float64(0.0) - training/global_step:4 - training/epoch:0 - critic/rewards/mean:0.6317660808563232 - critic/rewards/max:1.0 - critic/rewards/min:0.07500000298023224 - critic/advantages/mean:5.587935447692871e-08 - critic/advantages/max:1.5433064699172974 - critic/advantages/min:-2.445918321609497 - critic/returns/mean:5.587935447692871e-08 - critic/returns/max:1.5433064699172974 - critic/returns/min:-2.445918321609497 - critic/rewards/zero_std_ratio:0.0 - critic/rewards/std_mean:0.20825177431106567 - critic/rewards/group_size:8.0 - timing_s/start_profile:6.85439445078373e-05 - timing_s/agent_loop/num_preempted/min:np.int64(-1) - timing_s/agent_loop/num_preempted/max:np.int64(-1) - timing_s/agent_loop/num_preempted/mean:np.float64(-1.0) - timing_s/agent_loop/generate_sequences/min:np.float64(8.269239505752921) - timing_s/agent_loop/generate_sequences/max:np.float64(149.66339045669883) - timing_s/agent_loop/generate_sequences/mean:np.float64(125.82576795369096) - timing_s/agent_loop/tool_calls/min:np.float64(0.0) - timing_s/agent_loop/tool_calls/max:np.float64(0.0) - timing_s/agent_loop/tool_calls/mean:np.float64(0.0) - timing_s/agent_loop/compute_score/min:np.float64(0.0) - timing_s/agent_loop/compute_score/max:np.float64(0.0) - timing_s/agent_loop/compute_score/mean:np.float64(0.0) - timing_s/agent_loop/slowest/generate_sequences:np.float64(149.66339045669883) - timing_s/agent_loop/slowest/tool_calls:np.float64(0.0) - timing_s/agent_loop/slowest/compute_score:np.float64(0.0) - timing_s/agent_loop/slowest/num_preempted:np.int64(-1) - timing_s/agent_loop/slowest/prompt_length:39 - timing_s/agent_loop/slowest/response_length:0 - timing_s/gen:166.27145593706518 - timing_s/reward:361.2327024471015 - timing_s/old_log_prob:53.92506399611011 - timing_s/adv:0.0011706110090017319 - timing_s/update_actor:149.99532244214788 - timing_s/update_weights:5.5936707733199 - timing_s/step:737.0218751900829 - timing_s/stop_profile:0.00010714307427406311 - timing_per_image_ms/adv:0.03658159403130412 - timing_per_image_ms/gen:5195.982998033287 - timing_per_image_ms/update_actor:4687.353826317121 - timing_per_image_ms/old_log_prob:1685.158249878441 - perf/total_num_images:32 - perf/time_per_step:737.0218751900829 - perf/throughput:0.02170898929678782
[36m(vLLMOmniHttpServer pid=1141758)[0m WARNING 08-02 17:25:34 [async_omni.py:910] [AsyncOmni] reset_prefix_cache not yet supported with Orchestrator process
[36m(vLLMOmniHttpServer pid=1141758)[0m WARNING 08-02 17:25:34 [async_omni.py:892] [AsyncOmni] reset_mm_cache not yet supported with Orchestrator process
[36m(vLLMOmniHttpServer pid=1141755)[0m WARNING 08-02 17:28:05 [async_omni.py:899] [AsyncOmni] reset_encoder_cache not yet supported with Orchestrator process[32m [repeated 2x across cluster][0m
[36m(vLLMOmniHttpServer pid=1141755)[0m WARNING 08-02 17:44:48 [async_omni.py:910] [AsyncOmni] reset_prefix_cache not yet supported with Orchestrator process
[36m(vLLMOmniHttpServer pid=1141755)[0m WARNING 08-02 17:44:48 [async_omni.py:892] [AsyncOmni] reset_mm_cache not yet supported with Orchestrator process
[36m(vLLMOmniHttpServer pid=1141755)[0m WARNING 08-02 17:44:48 [async_omni.py:899] [AsyncOmni] reset_encoder_cache not yet supported with Orchestrator process[32m [repeated 2x across cluster][0m
[36m(TaskRunner pid=917056)[0m step:5 - perf/mfu/actor_infer:0.0 - actor/ppo_kl:np.float64(8.731149137020111e-11) - actor/pg_clipfrac:np.float64(0.0) - actor/pg_clipfrac_higher:np.float64(0.0) - actor/pg_clipfrac_lower:np.float64(0.0) - actor/ratio_mean:np.float64(1.0) - actor/ratio_std:np.float64(0.0) - actor/loss:np.float64(0.0) - actor/grad_norm:np.float64(0.00640869140625) - actor/lr:np.float64(1e-05) - perf/mfu/actor:np.float64(0.0) - training/global_step:5 - training/epoch:0 - critic/rewards/mean:0.2075803279876709 - critic/rewards/max:0.9076923131942749 - critic/rewards/min:0.0 - critic/advantages/mean:-3.725290298461914e-09 - critic/advantages/max:2.1303257942199707 - critic/advantages/min:-1.2781955003738403 - critic/returns/mean:-3.725290298461914e-09 - critic/returns/max:2.1303257942199707 - critic/returns/min:-1.2781955003738403 - critic/rewards/zero_std_ratio:0.25 - critic/rewards/std_mean:0.15164384245872498 - critic/rewards/group_size:8.0 - timing_s/start_profile:0.00012456905096769333 - timing_s/agent_loop/num_preempted/min:np.int64(-1) - timing_s/agent_loop/num_preempted/max:np.int64(-1) - timing_s/agent_loop/num_preempted/mean:np.float64(-1.0) - timing_s/agent_loop/generate_sequences/min:np.float64(7.193488331977278) - timing_s/agent_loop/generate_sequences/max:np.float64(132.84100368013605) - timing_s/agent_loop/generate_sequences/mean:np.float64(111.04446464385546) - timing_s/agent_loop/tool_calls/min:np.float64(0.0) - timing_s/agent_loop/tool_calls/max:np.float64(0.0) - timing_s/agent_loop/tool_calls/mean:np.float64(0.0) - timing_s/agent_loop/compute_score/min:np.float64(0.0) - timing_s/agent_loop/compute_score/max:np.float64(0.0) - timing_s/agent_loop/compute_score/mean:np.float64(0.0) - timing_s/agent_loop/slowest/generate_sequences:np.float64(132.84100368013605) - timing_s/agent_loop/slowest/tool_calls:np.float64(0.0) - timing_s/agent_loop/slowest/compute_score:np.float64(0.0) - timing_s/agent_loop/slowest/num_preempted:np.int64(-1) - timing_s/agent_loop/slowest/prompt_length:72 - timing_s/agent_loop/slowest/response_length:0 - timing_s/gen:149.27652035467327 - timing_s/reward:852.1128941238858 - timing_s/old_log_prob:38.94846915779635 - timing_s/adv:0.001794205978512764 - timing_s/update_actor:107.66400047205389 - timing_s/update_weights:5.5682592573575675 - timing_s/step:1153.5748392548412 - timing_s/stop_profile:0.00021164724603295326 - timing_per_image_ms/adv:0.056068936828523874 - timing_per_image_ms/gen:4664.89126108354 - timing_per_image_ms/update_actor:3364.500014751684 - timing_per_image_ms/old_log_prob:1217.139661181136 - perf/total_num_images:32 - perf/time_per_step:1153.5748392548412 - perf/throughput:0.013869928032008134
[36m(vLLMOmniHttpServer pid=1141758)[0m WARNING 08-02 17:44:48 [async_omni.py:910] [AsyncOmni] reset_prefix_cache not yet supported with Orchestrator process
[36m(vLLMOmniHttpServer pid=1141758)[0m WARNING 08-02 17:44:48 [async_omni.py:892] [AsyncOmni] reset_mm_cache not yet supported with Orchestrator process
[36m(vLLMOmniHttpServer pid=1141758)[0m WARNING 08-02 17:47:43 [async_omni.py:899] [AsyncOmni] reset_encoder_cache not yet supported with Orchestrator process[32m [repeated 2x across cluster][0m
[36m(vLLMOmniHttpServer pid=1141755)[0m WARNING 08-02 17:54:36 [async_omni.py:910] [AsyncOmni] reset_prefix_cache not yet supported with Orchestrator process
[36m(vLLMOmniHttpServer pid=1141755)[0m WARNING 08-02 17:54:36 [async_omni.py:892] [AsyncOmni] reset_mm_cache not yet supported with Orchestrator process
[36m(vLLMOmniHttpServer pid=1141755)[0m WARNING 08-02 17:54:36 [async_omni.py:899] [AsyncOmni] reset_encoder_cache not yet supported with Orchestrator process[32m [repeated 2x across cluster][0m
[36m(TaskRunner pid=917056)[0m step:6 - perf/mfu/actor_infer:0.0 - actor/ppo_kl:np.float64(-4.0745362639427185e-10) - actor/pg_clipfrac:np.float64(0.0) - actor/pg_clipfrac_higher:np.float64(0.0) - actor/pg_clipfrac_lower:np.float64(0.0) - actor/ratio_mean:np.float64(1.0) - actor/ratio_std:np.float64(0.0) - actor/loss:np.float64(-1.4901161193847656e-08) - actor/grad_norm:np.float64(0.002227783203125) - actor/lr:np.float64(1e-05) - perf/mfu/actor:np.float64(0.0) - training/global_step:6 - training/epoch:0 - critic/rewards/mean:0.3162764310836792 - critic/rewards/max:0.761904776096344 - critic/rewards/min:0.0 - critic/advantages/mean:2.2351741790771484e-08 - critic/advantages/max:1.8431180715560913 - critic/advantages/min:-1.4703526496887207 - critic/returns/mean:2.2351741790771484e-08 - critic/returns/max:1.8431180715560913 - critic/returns/min:-1.4703526496887207 - critic/rewards/zero_std_ratio:0.0 - critic/rewards/std_mean:0.16007834672927856 - critic/rewards/group_size:8.0 - timing_s/start_profile:0.00015289243310689926 - timing_s/agent_loop/num_preempted/min:np.int64(-1) - timing_s/agent_loop/num_preempted/max:np.int64(-1) - timing_s/agent_loop/num_preempted/mean:np.float64(-1.0) - timing_s/agent_loop/generate_sequences/min:np.float64(10.162000658921897) - timing_s/agent_loop/generate_sequences/max:np.float64(158.38926132488996) - timing_s/agent_loop/generate_sequences/mean:np.float64(144.22636188859178) - timing_s/agent_loop/tool_calls/min:np.float64(0.0) - timing_s/agent_loop/tool_calls/max:np.float64(0.0) - timing_s/agent_loop/tool_calls/mean:np.float64(0.0) - timing_s/agent_loop/compute_score/min:np.float64(0.0) - timing_s/agent_loop/compute_score/max:np.float64(0.0) - timing_s/agent_loop/compute_score/mean:np.float64(0.0) - timing_s/agent_loop/slowest/generate_sequences:np.float64(158.38926132488996) - timing_s/agent_loop/slowest/tool_calls:np.float64(0.0) - timing_s/agent_loop/slowest/compute_score:np.float64(0.0) - timing_s/agent_loop/slowest/num_preempted:np.int64(-1) - timing_s/agent_loop/slowest/prompt_length:49 - timing_s/agent_loop/slowest/response_length:0 - timing_s/gen:174.07835063617676 - timing_s/reward:257.9062423771247 - timing_s/old_log_prob:39.70465902518481 - timing_s/adv:0.001225368119776249 - timing_s/update_actor:109.82615686720237 - timing_s/update_weights:6.3763383268378675 - timing_s/step:587.8949262327515 - timing_s/stop_profile:5.3484924137592316e-05 - timing_per_image_ms/adv:0.03829275374300778 - timing_per_image_ms/gen:5439.948457380524 - timing_per_image_ms/update_actor:3432.067402100074 - timing_per_image_ms/old_log_prob:1240.7705945370253 - perf/total_num_images:32 - perf/time_per_step:587.8949262327515 - perf/throughput:0.02721574772303018[36m(TaskRunner pid=917056)[0m Training Progress:   5%|▍         | 7/150 [1:52:55<34:30:23, 868.69s/it]
[36m(TaskRunner pid=917056)[0m Training Progress:   5%|▌         | 8/150 [2:07:32<34:22:11, 871.35s/it]

[36m(vLLMOmniHttpServer pid=1141758)[0m WARNING 08-02 17:54:36 [async_omni.py:910] [AsyncOmni] reset_prefix_cache not yet supported with Orchestrator process
[36m(vLLMOmniHttpServer pid=1141758)[0m WARNING 08-02 17:54:36 [async_omni.py:892] [AsyncOmni] reset_mm_cache not yet supported with Orchestrator process
[36m(vLLMOmniHttpServer pid=1141758)[0m WARNING 08-02 17:57:29 [async_omni.py:899] [AsyncOmni] reset_encoder_cache not yet supported with Orchestrator process[32m [repeated 2x across cluster][0m
[36m(vLLMOmniHttpServer pid=1141755)[0m WARNING 08-02 18:07:25 [async_omni.py:910] [AsyncOmni] reset_prefix_cache not yet supported with Orchestrator process
[36m(vLLMOmniHttpServer pid=1141755)[0m WARNING 08-02 18:07:25 [async_omni.py:892] [AsyncOmni] reset_mm_cache not yet supported with Orchestrator process
[36m(vLLMOmniHttpServer pid=1141755)[0m WARNING 08-02 18:07:25 [async_omni.py:899] [AsyncOmni] reset_encoder_cache not yet supported with Orchestrator process[32m [repeated 2x across cluster][0m
[36m(TaskRunner pid=917056)[0m step:7 - perf/mfu/actor_infer:0.0 - actor/ppo_kl:np.float64(-6.984919309616089e-10) - actor/pg_clipfrac:np.float64(0.0) - actor/pg_clipfrac_higher:np.float64(0.0) - actor/pg_clipfrac_lower:np.float64(0.0) - actor/ratio_mean:np.float64(1.0) - actor/ratio_std:np.float64(0.0) - actor/loss:np.float64(2.7939677238464355e-08) - actor/grad_norm:np.float64(0.0022125244140625) - actor/lr:np.float64(1e-05) - perf/mfu/actor:np.float64(0.0) - training/global_step:7 - training/epoch:0 - critic/rewards/mean:0.3499218821525574 - critic/rewards/max:1.0 - critic/rewards/min:0.0 - critic/advantages/mean:-3.5390257835388184e-08 - critic/advantages/max:1.4323471784591675 - critic/advantages/min:-1.5831204652786255 - critic/returns/mean:-3.5390257835388184e-08 - critic/returns/max:1.4323471784591675 - critic/returns/min:-1.5831204652786255 - critic/rewards/zero_std_ratio:0.0 - critic/rewards/std_mean:0.22106099128723145 - critic/rewards/group_size:8.0 - timing_s/start_profile:0.00010767998173832893 - timing_s/agent_loop/num_preempted/min:np.int64(-1) - timing_s/agent_loop/num_preempted/max:np.int64(-1) - timing_s/agent_loop/num_preempted/mean:np.float64(-1.0) - timing_s/agent_loop/generate_sequences/min:np.float64(8.28840205539018) - timing_s/agent_loop/generate_sequences/max:np.float64(153.26795298606157) - timing_s/agent_loop/generate_sequences/mean:np.float64(139.1756035029539) - timing_s/agent_loop/tool_calls/min:np.float64(0.0) - timing_s/agent_loop/tool_calls/max:np.float64(0.0) - timing_s/agent_loop/tool_calls/mean:np.float64(0.0) - timing_s/agent_loop/compute_score/min:np.float64(0.0) - timing_s/agent_loop/compute_score/max:np.float64(0.0) - timing_s/agent_loop/compute_score/mean:np.float64(0.0) - timing_s/agent_loop/slowest/generate_sequences:np.float64(153.26795298606157) - timing_s/agent_loop/slowest/tool_calls:np.float64(0.0) - timing_s/agent_loop/slowest/compute_score:np.float64(0.0) - timing_s/agent_loop/slowest/num_preempted:np.int64(-1) - timing_s/agent_loop/slowest/prompt_length:52 - timing_s/agent_loop/slowest/response_length:0 - timing_s/gen:171.43194683035836 - timing_s/reward:445.8014082433656 - timing_s/old_log_prob:39.4237230126746 - timing_s/adv:0.0015877410769462585 - timing_s/update_actor:107.13772036368027 - timing_s/update_weights:4.496242770925164 - timing_s/step:768.2947581061162 - timing_s/stop_profile:0.00012323400005698204 - timing_per_image_ms/adv:0.04961690865457058 - timing_per_image_ms/gen:5357.248338448699 - timing_per_image_ms/update_actor:3348.0537613650085 - timing_per_image_ms/old_log_prob:1231.9913441460812 - perf/total_num_images:32 - perf/time_per_step:768.2947581061162 - perf/throughput:0.020825340575589473
[36m(vLLMOmniHttpServer pid=1141758)[0m WARNING 08-02 18:07:25 [async_omni.py:910] [AsyncOmni] reset_prefix_cache not yet supported with Orchestrator process
[36m(vLLMOmniHttpServer pid=1141758)[0m WARNING 08-02 18:07:25 [async_omni.py:892] [AsyncOmni] reset_mm_cache not yet supported with Orchestrator process
[36m(vLLMOmniHttpServer pid=1141758)[0m WARNING 08-02 18:10:19 [async_omni.py:899] [AsyncOmni] reset_encoder_cache not yet supported with Orchestrator process[32m [repeated 2x across cluster][0m
[36m(vLLMOmniHttpServer pid=1141755)[0m WARNING 08-02 18:22:02 [async_omni.py:910] [AsyncOmni] reset_prefix_cache not yet supported with Orchestrator process
[36m(vLLMOmniHttpServer pid=1141755)[0m WARNING 08-02 18:22:02 [async_omni.py:892] [AsyncOmni] reset_mm_cache not yet supported with Orchestrator process
[36m(vLLMOmniHttpServer pid=1141755)[0m WARNING 08-02 18:22:02 [async_omni.py:899] [AsyncOmni] reset_encoder_cache not yet supported with Orchestrator process[32m [repeated 2x across cluster][0m
[36m(TaskRunner pid=917056)[0m step:8 - perf/mfu/actor_infer:0.0 - actor/ppo_kl:np.float64(0.0) - actor/pg_clipfrac:np.float64(0.0) - actor/pg_clipfrac_higher:np.float64(0.0) - actor/pg_clipfrac_lower:np.float64(0.0) - actor/ratio_mean:np.float64(1.0) - actor/ratio_std:np.float64(0.0) - actor/loss:np.float64(-6.705522537231445e-08) - actor/grad_norm:np.float64(0.00469970703125) - actor/lr:np.float64(1e-05) - perf/mfu/actor:np.float64(0.0) - training/global_step:8 - training/epoch:0 - critic/rewards/mean:0.4259081482887268 - critic/rewards/max:0.7272727489471436 - critic/rewards/min:0.0 - critic/advantages/mean:4.470348358154297e-08 - critic/advantages/max:1.7279279232025146 - critic/advantages/min:-2.046785593032837 - critic/returns/mean:4.470348358154297e-08 - critic/returns/max:1.7279279232025146 - critic/returns/min:-2.046785593032837 - critic/rewards/zero_std_ratio:0.0 - critic/rewards/std_mean:0.17310424149036407 - critic/rewards/group_size:8.0 - timing_s/start_profile:0.0001461859792470932 - timing_s/agent_loop/num_preempted/min:np.int64(-1) - timing_s/agent_loop/num_preempted/max:np.int64(-1) - timing_s/agent_loop/num_preempted/mean:np.float64(-1.0) - timing_s/agent_loop/generate_sequences/min:np.float64(9.09685893682763) - timing_s/agent_loop/generate_sequences/max:np.float64(159.35846693906933) - timing_s/agent_loop/generate_sequences/mean:np.float64(143.60296859666414) - timing_s/agent_loop/tool_calls/min:np.float64(0.0) - timing_s/agent_loop/tool_calls/max:np.float64(0.0) - timing_s/agent_loop/tool_calls/mean:np.float64(0.0) - timing_s/agent_loop/compute_score/min:np.float64(0.0) - timing_s/agent_loop/compute_score/max:np.float64(0.0) - timing_s/agent_loop/compute_score/mean:np.float64(0.0) - timing_s/agent_loop/slowest/generate_sequences:np.float64(159.35846693906933) - timing_s/agent_loop/slowest/tool_calls:np.float64(0.0) - timing_s/agent_loop/slowest/compute_score:np.float64(0.0) - timing_s/agent_loop/slowest/num_preempted:np.int64(-1) - timing_s/agent_loop/slowest/prompt_length:47 - timing_s/agent_loop/slowest/response_length:0 - timing_s/gen:173.61689663119614 - timing_s/reward:553.7667915951461 - timing_s/old_log_prob:36.932526586111635 - timing_s/adv:0.0021624863147735596 - timing_s/update_actor:108.76986506395042 - timing_s/update_weights:3.739794551860541 - timing_s/step:876.8299929108471 - timing_s/stop_profile:5.31831756234169e-05 - timing_per_image_ms/adv:0.06757769733667374 - timing_per_image_ms/gen:5425.528019724879 - timing_per_image_ms/update_actor:3399.0582832484506 - timing_per_image_ms/old_log_prob:1154.1414558159886 - perf/total_num_images:32 - perf/time_per_step:876.8299929108471 - perf/throughput:0.018247550984067242
[36m(vLLMOmniHttpServer pid=1141758)[0m WARNING 08-02 18:22:02 [async_omni.py:910] [AsyncOmni] reset_prefix_cache not yet supported with Orchestrator process
[36m(vLLMOmniHttpServer pid=1141758)[0m WARNING 08-02 18:22:02 [async_omni.py:892] [AsyncOmni] reset_mm_cache not yet supported with Orchestrator process
[36m(vLLMOmniHttpServer pid=1141755)[0m WARNING 08-02 18:24:51 [async_omni.py:899] [AsyncOmni] reset_encoder_cache not yet supported with Orchestrator process[32m [repeated 2x across cluster][0m
[36m(vLLMOmniHttpServer pid=1141755)[0m WARNING 08-02 18:33:00 [async_omni.py:910] [AsyncOmni] reset_prefix_cache not yet supported with Orchestrator process
[36m(vLLMOmniHttpServer pid=1141755)[0m WARNING 08-02 18:33:00 [async_omni.py:892] [AsyncOmni] reset_mm_cache not yet supported with Orchestrator process[36m(TaskRunner pid=917056)[0m Training Progress:   6%|▌         | 9/150 [2:18:30<31:31:05, 804.72s/it]
[36m(TaskRunner pid=917056)[0m Training Progress:   7%|▋         | 10/150 [2:29:05<29:15:13, 752.24s/it]
[36m(TaskRunner pid=917056)[0m Training Progress:   7%|▋         | 11/150 [2:42:06<29:23:21, 761.16s/it]

[36m(vLLMOmniHttpServer pid=1141755)[0m WARNING 08-02 18:33:00 [async_omni.py:899] [AsyncOmni] reset_encoder_cache not yet supported with Orchestrator process[32m [repeated 2x across cluster][0m
[36m(TaskRunner pid=917056)[0m step:9 - perf/mfu/actor_infer:0.0 - actor/ppo_kl:np.float64(2.9103830456733704e-10) - actor/pg_clipfrac:np.float64(0.0) - actor/pg_clipfrac_higher:np.float64(0.0) - actor/pg_clipfrac_lower:np.float64(0.0) - actor/ratio_mean:np.float64(1.0) - actor/ratio_std:np.float64(0.0) - actor/loss:np.float64(-1.5832483768463135e-08) - actor/grad_norm:np.float64(0.0018463134765625) - actor/lr:np.float64(1e-05) - perf/mfu/actor:np.float64(0.0) - training/global_step:9 - training/epoch:0 - critic/rewards/mean:0.4167274236679077 - critic/rewards/max:1.0 - critic/rewards/min:0.0 - critic/advantages/mean:1.1175870895385742e-08 - critic/advantages/max:2.532496690750122 - critic/advantages/min:-0.9884907007217407 - critic/returns/mean:1.1175870895385742e-08 - critic/returns/max:2.532496690750122 - critic/returns/min:-0.9884907007217407 - critic/rewards/zero_std_ratio:0.0 - critic/rewards/std_mean:0.16594986617565155 - critic/rewards/group_size:8.0 - timing_s/start_profile:6.494717672467232e-05 - timing_s/agent_loop/num_preempted/min:np.int64(-1) - timing_s/agent_loop/num_preempted/max:np.int64(-1) - timing_s/agent_loop/num_preempted/mean:np.float64(-1.0) - timing_s/agent_loop/generate_sequences/min:np.float64(9.933933845255524) - timing_s/agent_loop/generate_sequences/max:np.float64(152.1026318767108) - timing_s/agent_loop/generate_sequences/mean:np.float64(136.41033323554439) - timing_s/agent_loop/tool_calls/min:np.float64(0.0) - timing_s/agent_loop/tool_calls/max:np.float64(0.0) - timing_s/agent_loop/tool_calls/mean:np.float64(0.0) - timing_s/agent_loop/compute_score/min:np.float64(0.0) - timing_s/agent_loop/compute_score/max:np.float64(0.0) - timing_s/agent_loop/compute_score/mean:np.float64(0.0) - timing_s/agent_loop/slowest/generate_sequences:np.float64(152.1026318767108) - timing_s/agent_loop/slowest/tool_calls:np.float64(0.0) - timing_s/agent_loop/slowest/compute_score:np.float64(0.0) - timing_s/agent_loop/slowest/num_preempted:np.int64(-1) - timing_s/agent_loop/slowest/prompt_length:47 - timing_s/agent_loop/slowest/response_length:0 - timing_s/gen:167.65410436317325 - timing_s/reward:336.4646247588098 - timing_s/old_log_prob:37.51214254507795 - timing_s/adv:0.0012021251022815704 - timing_s/update_actor:111.43901241756976 - timing_s/update_weights:4.833445037715137 - timing_s/step:657.9066463378258 - timing_s/stop_profile:0.00011749798431992531 - timing_per_image_ms/adv:0.037566409446299076 - timing_per_image_ms/gen:5239.190761349164 - timing_per_image_ms/update_actor:3482.469138049055 - timing_per_image_ms/old_log_prob:1172.254454533686 - perf/total_num_images:32 - perf/time_per_step:657.9066463378258 - perf/throughput:0.02431955975678687
[36m(vLLMOmniHttpServer pid=1141758)[0m WARNING 08-02 18:33:00 [async_omni.py:910] [AsyncOmni] reset_prefix_cache not yet supported with Orchestrator process
[36m(vLLMOmniHttpServer pid=1141758)[0m WARNING 08-02 18:33:00 [async_omni.py:892] [AsyncOmni] reset_mm_cache not yet supported with Orchestrator process
[36m(vLLMOmniHttpServer pid=1141755)[0m WARNING 08-02 18:35:55 [async_omni.py:899] [AsyncOmni] reset_encoder_cache not yet supported with Orchestrator process[32m [repeated 2x across cluster][0m
[36m(vLLMOmniHttpServer pid=1141758)[0m WARNING 08-02 18:43:35 [async_omni.py:910] [AsyncOmni] reset_prefix_cache not yet supported with Orchestrator process
[36m(vLLMOmniHttpServer pid=1141758)[0m WARNING 08-02 18:43:35 [async_omni.py:892] [AsyncOmni] reset_mm_cache not yet supported with Orchestrator process
[36m(vLLMOmniHttpServer pid=1141758)[0m WARNING 08-02 18:43:35 [async_omni.py:899] [AsyncOmni] reset_encoder_cache not yet supported with Orchestrator process[32m [repeated 2x across cluster][0m
[36m(TaskRunner pid=917056)[0m step:10 - perf/mfu/actor_infer:0.0 - actor/ppo_kl:np.float64(1.0186340659856796e-09) - actor/pg_clipfrac:np.float64(0.0) - actor/pg_clipfrac_higher:np.float64(0.0) - actor/pg_clipfrac_lower:np.float64(0.0) - actor/ratio_mean:np.float64(1.0) - actor/ratio_std:np.float64(0.0) - actor/loss:np.float64(3.725290298461914e-09) - actor/grad_norm:np.float64(0.022216796875) - actor/lr:np.float64(1e-05) - perf/mfu/actor:np.float64(0.0) - training/global_step:10 - training/epoch:0 - critic/rewards/mean:0.31323719024658203 - critic/rewards/max:0.9272727370262146 - critic/rewards/min:0.0 - critic/advantages/mean:-3.725290298461914e-09 - critic/advantages/max:2.589705228805542 - critic/advantages/min:-1.0946301221847534 - critic/returns/mean:-3.725290298461914e-09 - critic/returns/max:2.589705228805542 - critic/returns/min:-1.0946301221847534 - critic/rewards/zero_std_ratio:0.0 - critic/rewards/std_mean:0.2070053368806839 - critic/rewards/group_size:8.0 - timing_s/start_profile:0.0001327688805758953 - timing_s/agent_loop/num_preempted/min:np.int64(-1) - timing_s/agent_loop/num_preempted/max:np.int64(-1) - timing_s/agent_loop/num_preempted/mean:np.float64(-1.0) - timing_s/agent_loop/generate_sequences/min:np.float64(9.997281312942505) - timing_s/agent_loop/generate_sequences/max:np.float64(158.0559214898385) - timing_s/agent_loop/generate_sequences/mean:np.float64(141.75597675517201) - timing_s/agent_loop/tool_calls/min:np.float64(0.0) - timing_s/agent_loop/tool_calls/max:np.float64(0.0) - timing_s/agent_loop/tool_calls/mean:np.float64(0.0) - timing_s/agent_loop/compute_score/min:np.float64(0.0) - timing_s/agent_loop/compute_score/max:np.float64(0.0) - timing_s/agent_loop/compute_score/mean:np.float64(0.0) - timing_s/agent_loop/slowest/generate_sequences:np.float64(158.0559214898385) - timing_s/agent_loop/slowest/tool_calls:np.float64(0.0) - timing_s/agent_loop/slowest/compute_score:np.float64(0.0) - timing_s/agent_loop/slowest/num_preempted:np.int64(-1) - timing_s/agent_loop/slowest/prompt_length:44 - timing_s/agent_loop/slowest/response_length:0 - timing_s/gen:173.78986003482714 - timing_s/reward:307.22958821523935 - timing_s/old_log_prob:39.555390337947756 - timing_s/adv:0.0009196950122714043 - timing_s/update_actor:107.97153367521241 - timing_s/update_weights:5.920191105920821 - timing_s/step:634.4691518982872 - timing_s/stop_profile:3.150478005409241e-05 - timing_per_image_ms/adv:0.028740469133481383 - timing_per_image_ms/gen:5430.933126088348 - timing_per_image_ms/update_actor:3374.110427350388 - timing_per_image_ms/old_log_prob:1236.1059480608674 - perf/total_num_images:32 - perf/time_per_step:634.4691518982872 - perf/throughput:0.025217932112426778
[36m(vLLMOmniHttpServer pid=1141755)[0m WARNING 08-02 18:43:35 [async_omni.py:910] [AsyncOmni] reset_prefix_cache not yet supported with Orchestrator process
[36m(vLLMOmniHttpServer pid=1141755)[0m WARNING 08-02 18:43:35 [async_omni.py:892] [AsyncOmni] reset_mm_cache not yet supported with Orchestrator process
[36m(vLLMOmniHttpServer pid=1141758)[0m WARNING 08-02 18:46:14 [async_omni.py:899] [AsyncOmni] reset_encoder_cache not yet supported with Orchestrator process[32m [repeated 2x across cluster][0m
[36m(vLLMOmniHttpServer pid=1141755)[0m WARNING 08-02 18:56:36 [async_omni.py:910] [AsyncOmni] reset_prefix_cache not yet supported with Orchestrator process
[36m(vLLMOmniHttpServer pid=1141755)[0m WARNING 08-02 18:56:36 [async_omni.py:892] [AsyncOmni] reset_mm_cache not yet supported with Orchestrator process
[36m(vLLMOmniHttpServer pid=1141755)[0m WARNING 08-02 18:56:36 [async_omni.py:899] [AsyncOmni] reset_encoder_cache not yet supported with Orchestrator process[32m [repeated 2x across cluster][0m
[36m(TaskRunner pid=917056)[0m step:11 - perf/mfu/actor_infer:0.0 - actor/ppo_kl:np.float64(-1.7462298274040222e-10) - actor/pg_clipfrac:np.float64(0.0) - actor/pg_clipfrac_higher:np.float64(0.0) - actor/pg_clipfrac_lower:np.float64(0.0) - actor/ratio_mean:np.float64(1.0) - actor/ratio_std:np.float64(0.0) - actor/loss:np.float64(-4.470348358154297e-08) - actor/grad_norm:np.float64(0.000957489013671875) - actor/lr:np.float64(1e-05) - perf/mfu/actor:np.float64(0.0) - training/global_step:11 - training/epoch:0 - critic/rewards/mean:0.41450628638267517 - critic/rewards/max:0.8823529481887817 - critic/rewards/min:0.0 - critic/advantages/mean:3.725290298461914e-08 - critic/advantages/max:1.4183241128921509 - critic/advantages/min:-1.2226932048797607 - critic/returns/mean:3.725290298461914e-08 - critic/returns/max:1.4183241128921509 - critic/returns/min:-1.2226932048797607 - critic/rewards/zero_std_ratio:0.0 - critic/rewards/std_mean:0.11947865784168243 - critic/rewards/group_size:8.0 - timing_s/start_profile:5.972664803266525e-05 - timing_s/agent_loop/num_preempted/min:np.int64(-1) - timing_s/agent_loop/num_preempted/max:np.int64(-1) - timing_s/agent_loop/num_preempted/mean:np.float64(-1.0) - timing_s/agent_loop/generate_sequences/min:np.float64(8.378756781108677) - timing_s/agent_loop/generate_sequences/max:np.float64(142.6584381731227) - timing_s/agent_loop/generate_sequences/mean:np.float64(128.08371394092683) - timing_s/agent_loop/tool_calls/min:np.float64(0.0) - timing_s/agent_loop/tool_calls/max:np.float64(0.0) - timing_s/agent_loop/tool_calls/mean:np.float64(0.0) - timing_s/agent_loop/compute_score/min:np.float64(0.0) - timing_s/agent_loop/compute_score/max:np.float64(0.0) - timing_s/agent_loop/compute_score/mean:np.float64(0.0) - timing_s/agent_loop/slowest/generate_sequences:np.float64(142.6584381731227) - timing_s/agent_loop/slowest/tool_calls:np.float64(0.0) - timing_s/agent_loop/slowest/compute_score:np.float64(0.0) - timing_s/agent_loop/slowest/num_preempted:np.int64(-1) - timing_s/agent_loop/slowest/prompt_length:43 - timing_s/agent_loop/slowest/response_length:0 - timing_s/gen:158.21140660485253 - timing_s/reward:470.32544140471146 - timing_s/old_log_prob:39.29834693437442 - timing_s/adv:0.0014743641950190067 - timing_s/update_actor:107.97398633835837 - timing_s/update_weights:5.329131578095257 - timing_s/step:781.1417745887302 - timing_s/stop_profile:8.783582597970963e-05 - timing_per_image_ms/adv:0.04607388109434396 - timing_per_image_ms/gen:4944.1064564016415 - timing_per_image_ms/update_actor:3374.187073073699 - timing_per_image_ms/old_log_prob:1228.0733416992007 - perf/total_num_images:32 - perf/time_per_step:781.1417745887302 - perf/throughput:0.02048283745728997[36m(TaskRunner pid=917056)[0m Training Progress:   8%|▊         | 12/150 [2:54:12<28:45:55, 750.40s/it]
[36m(TaskRunner pid=917056)[0m Training Progress:   9%|▊         | 13/150 [3:06:32<28:26:03, 747.18s/it]

[36m(vLLMOmniHttpServer pid=1141758)[0m WARNING 08-02 18:56:36 [async_omni.py:910] [AsyncOmni] reset_prefix_cache not yet supported with Orchestrator process
[36m(vLLMOmniHttpServer pid=1141758)[0m WARNING 08-02 18:56:36 [async_omni.py:892] [AsyncOmni] reset_mm_cache not yet supported with Orchestrator process
[36m(vLLMOmniHttpServer pid=1141758)[0m WARNING 08-02 18:59:19 [async_omni.py:899] [AsyncOmni] reset_encoder_cache not yet supported with Orchestrator process[32m [repeated 2x across cluster][0m
[36m(vLLMOmniHttpServer pid=1141758)[0m WARNING 08-02 19:08:42 [async_omni.py:910] [AsyncOmni] reset_prefix_cache not yet supported with Orchestrator process
[36m(vLLMOmniHttpServer pid=1141758)[0m WARNING 08-02 19:08:42 [async_omni.py:892] [AsyncOmni] reset_mm_cache not yet supported with Orchestrator process
[36m(vLLMOmniHttpServer pid=1141758)[0m WARNING 08-02 19:08:42 [async_omni.py:899] [AsyncOmni] reset_encoder_cache not yet supported with Orchestrator process[32m [repeated 2x across cluster][0m
[36m(TaskRunner pid=917056)[0m step:12 - perf/mfu/actor_infer:0.0 - actor/ppo_kl:np.float64(-1.3387762010097504e-09) - actor/pg_clipfrac:np.float64(0.0) - actor/pg_clipfrac_higher:np.float64(0.0) - actor/pg_clipfrac_lower:np.float64(0.0) - actor/ratio_mean:np.float64(1.0) - actor/ratio_std:np.float64(0.0) - actor/loss:np.float64(-4.284083843231201e-08) - actor/grad_norm:np.float64(0.001739501953125) - actor/lr:np.float64(1e-05) - perf/mfu/actor:np.float64(0.0) - training/global_step:12 - training/epoch:0 - critic/rewards/mean:0.5463194251060486 - critic/rewards/max:1.0 - critic/rewards/min:0.012500000186264515 - critic/advantages/mean:3.3527612686157227e-08 - critic/advantages/max:1.8590987920761108 - critic/advantages/min:-1.4073551893234253 - critic/returns/mean:3.3527612686157227e-08 - critic/returns/max:1.8590987920761108 - critic/returns/min:-1.4073551893234253 - critic/rewards/zero_std_ratio:0.0 - critic/rewards/std_mean:0.16721990704536438 - critic/rewards/group_size:8.0 - timing_s/start_profile:0.00017578667029738426 - timing_s/agent_loop/num_preempted/min:np.int64(-1) - timing_s/agent_loop/num_preempted/max:np.int64(-1) - timing_s/agent_loop/num_preempted/mean:np.float64(-1.0) - timing_s/agent_loop/generate_sequences/min:np.float64(8.488977776374668) - timing_s/agent_loop/generate_sequences/max:np.float64(145.6389753241092) - timing_s/agent_loop/generate_sequences/mean:np.float64(127.61286343963002) - timing_s/agent_loop/tool_calls/min:np.float64(0.0) - timing_s/agent_loop/tool_calls/max:np.float64(0.0) - timing_s/agent_loop/tool_calls/mean:np.float64(0.0) - timing_s/agent_loop/compute_score/min:np.float64(0.0) - timing_s/agent_loop/compute_score/max:np.float64(0.0) - timing_s/agent_loop/compute_score/mean:np.float64(0.0) - timing_s/agent_loop/slowest/generate_sequences:np.float64(145.6389753241092) - timing_s/agent_loop/slowest/tool_calls:np.float64(0.0) - timing_s/agent_loop/slowest/compute_score:np.float64(0.0) - timing_s/agent_loop/slowest/num_preempted:np.int64(-1) - timing_s/agent_loop/slowest/prompt_length:53 - timing_s/agent_loop/slowest/response_length:0 - timing_s/gen:161.7337546381168 - timing_s/reward:404.8515867488459 - timing_s/old_log_prob:41.94567702524364 - timing_s/adv:0.0019047260284423828 - timing_s/update_actor:112.09898095391691 - timing_s/update_weights:4.83657671418041 - timing_s/step:725.4710500142537 - timing_s/stop_profile:9.620422497391701e-05 - timing_per_image_ms/adv:0.05952268838882446 - timing_per_image_ms/gen:5054.17983244115 - timing_per_image_ms/update_actor:3503.0931548099034 - timing_per_image_ms/old_log_prob:1310.8024070388637 - perf/total_num_images:32 - perf/time_per_step:725.4710500142537 - perf/throughput:0.02205463608738852
[36m(vLLMOmniHttpServer pid=1141755)[0m WARNING 08-02 19:08:42 [async_omni.py:910] [AsyncOmni] reset_prefix_cache not yet supported with Orchestrator process
[36m(vLLMOmniHttpServer pid=1141755)[0m WARNING 08-02 19:08:42 [async_omni.py:892] [AsyncOmni] reset_mm_cache not yet supported with Orchestrator process
[36m(vLLMOmniHttpServer pid=1141758)[0m WARNING 08-02 19:11:26 [async_omni.py:899] [AsyncOmni] reset_encoder_cache not yet supported with Orchestrator process[32m [repeated 2x across cluster][0m
[36m(vLLMOmniHttpServer pid=1141755)[0m WARNING 08-02 19:21:02 [async_omni.py:910] [AsyncOmni] reset_prefix_cache not yet supported with Orchestrator process
[36m(vLLMOmniHttpServer pid=1141755)[0m WARNING 08-02 19:21:02 [async_omni.py:892] [AsyncOmni] reset_mm_cache not yet supported with Orchestrator process
[36m(vLLMOmniHttpServer pid=1141755)[0m WARNING 08-02 19:21:02 [async_omni.py:899] [AsyncOmni] reset_encoder_cache not yet supported with Orchestrator process[32m [repeated 2x across cluster][0m
[36m(TaskRunner pid=917056)[0m step:13 - perf/mfu/actor_infer:0.0 - actor/ppo_kl:np.float64(-4.0745362639427185e-10) - actor/pg_clipfrac:np.float64(0.0) - actor/pg_clipfrac_higher:np.float64(0.0) - actor/pg_clipfrac_lower:np.float64(0.0) - actor/ratio_mean:np.float64(1.0) - actor/ratio_std:np.float64(0.0) - actor/loss:np.float64(-9.313225746154785e-09) - actor/grad_norm:np.float64(0.001739501953125) - actor/lr:np.float64(1e-05) - perf/mfu/actor:np.float64(0.0) - training/global_step:13 - training/epoch:0 - critic/rewards/mean:0.5321608781814575 - critic/rewards/max:1.0 - critic/rewards/min:0.0 - critic/advantages/mean:7.450580596923828e-09 - critic/advantages/max:0.8336479663848877 - critic/advantages/min:-2.152451753616333 - critic/returns/mean:7.450580596923828e-09 - critic/returns/max:0.8336479663848877 - critic/returns/min:-2.152451753616333 - critic/rewards/zero_std_ratio:0.0 - critic/rewards/std_mean:0.25419485569000244 - critic/rewards/group_size:8.0 - timing_s/start_profile:9.800400584936142e-05 - timing_s/agent_loop/num_preempted/min:np.int64(-1) - timing_s/agent_loop/num_preempted/max:np.int64(-1) - timing_s/agent_loop/num_preempted/mean:np.float64(-1.0) - timing_s/agent_loop/generate_sequences/min:np.float64(18.787384742870927) - timing_s/agent_loop/generate_sequences/max:np.float64(147.24978160392493) - timing_s/agent_loop/generate_sequences/mean:np.float64(123.48437390213076) - timing_s/agent_loop/tool_calls/min:np.float64(0.0) - timing_s/agent_loop/tool_calls/max:np.float64(0.0) - timing_s/agent_loop/tool_calls/mean:np.float64(0.0) - timing_s/agent_loop/compute_score/min:np.float64(0.0) - timing_s/agent_loop/compute_score/max:np.float64(0.0) - timing_s/agent_loop/compute_score/mean:np.float64(0.0) - timing_s/agent_loop/slowest/generate_sequences:np.float64(147.24978160392493) - timing_s/agent_loop/slowest/tool_calls:np.float64(0.0) - timing_s/agent_loop/slowest/compute_score:np.float64(0.0) - timing_s/agent_loop/slowest/num_preempted:np.int64(-1) - timing_s/agent_loop/slowest/prompt_length:51 - timing_s/agent_loop/slowest/response_length:0 - timing_s/gen:163.28590646898374 - timing_s/reward:421.5674570398405 - timing_s/old_log_prob:38.002660147845745 - timing_s/adv:0.002045098226517439 - timing_s/update_actor:111.94455969007686 - timing_s/update_weights:4.651436591986567 - timing_s/step:739.4564882637933 - timing_s/stop_profile:6.58365897834301e-05 - timing_per_image_ms/adv:0.06390931957866997 - timing_per_image_ms/gen:5102.684577155742 - timing_per_image_ms/update_actor:3498.267490314902 - timing_per_image_ms/old_log_prob:1187.5831296201795 - perf/total_num_images:32 - perf/time_per_step:739.4564882637933 - perf/throughput:0.02163751384150702
[36m(vLLMOmniHttpServer pid=1141758)[0m WARNING 08-02 19:21:02 [async_omni.py:910] [AsyncOmni] reset_prefix_cache not yet supported with Orchestrator process
[36m(vLLMOmniHttpServer pid=1141758)[0m WARNING 08-02 19:21:02 [async_omni.py:892] [AsyncOmni] reset_mm_cache not yet supported with Orchestrator process
[36m(vLLMOmniHttpServer pid=1141758)[0m WARNING 08-02 19:23:42 [async_omni.py:899] [AsyncOmni] reset_encoder_cache not yet supported with Orchestrator process[32m [repeated 2x across cluster][0m
[36m(vLLMOmniHttpServer pid=1141755)[0m WARNING 08-02 19:38:54 [async_omni.py:910] [AsyncOmni] reset_prefix_cache not yet supported with Orchestrator process
[36m(vLLMOmniHttpServer pid=1141755)[0m WARNING 08-02 19:38:54 [async_omni.py:892] [AsyncOmni] reset_mm_cache not yet supported with Orchestrator process[36m(TaskRunner pid=917056)[0m Training Progress:   9%|▉         | 14/150 [3:24:23<31:55:43, 845.17s/it]
[36m(TaskRunner pid=917056)[0m Training Progress:  10%|█         | 15/150 [3:35:59<30:00:38, 800.29s/it]
[36m(TaskRunner pid=917056)[0m Training Progress:  11%|█         | 16/150 [3:44:43<26:41:36, 717.14s/it]

[36m(vLLMOmniHttpServer pid=1141755)[0m WARNING 08-02 19:38:54 [async_omni.py:899] [AsyncOmni] reset_encoder_cache not yet supported with Orchestrator process[32m [repeated 2x across cluster][0m
[36m(TaskRunner pid=917056)[0m step:14 - perf/mfu/actor_infer:0.0 - actor/ppo_kl:np.float64(5.238689482212067e-10) - actor/pg_clipfrac:np.float64(0.0) - actor/pg_clipfrac_higher:np.float64(0.0) - actor/pg_clipfrac_lower:np.float64(0.0) - actor/ratio_mean:np.float64(1.0) - actor/ratio_std:np.float64(0.0) - actor/loss:np.float64(-6.239861249923706e-08) - actor/grad_norm:np.float64(0.0029144287109375) - actor/lr:np.float64(1e-05) - perf/mfu/actor:np.float64(0.0) - training/global_step:14 - training/epoch:0 - critic/rewards/mean:0.28419914841651917 - critic/rewards/max:1.0 - critic/rewards/min:0.0 - critic/advantages/mean:5.21540641784668e-08 - critic/advantages/max:2.2786383628845215 - critic/advantages/min:-1.253901481628418 - critic/returns/mean:5.21540641784668e-08 - critic/returns/max:2.2786383628845215 - critic/returns/min:-1.253901481628418 - critic/rewards/zero_std_ratio:0.25 - critic/rewards/std_mean:0.21631304919719696 - critic/rewards/group_size:8.0 - timing_s/start_profile:0.00014689425006508827 - timing_s/agent_loop/num_preempted/min:np.int64(-1) - timing_s/agent_loop/num_preempted/max:np.int64(-1) - timing_s/agent_loop/num_preempted/mean:np.float64(-1.0) - timing_s/agent_loop/generate_sequences/min:np.float64(8.452481815591455) - timing_s/agent_loop/generate_sequences/max:np.float64(142.77562082000077) - timing_s/agent_loop/generate_sequences/mean:np.float64(128.13246825666283) - timing_s/agent_loop/tool_calls/min:np.float64(0.0) - timing_s/agent_loop/tool_calls/max:np.float64(0.0) - timing_s/agent_loop/tool_calls/mean:np.float64(0.0) - timing_s/agent_loop/compute_score/min:np.float64(0.0) - timing_s/agent_loop/compute_score/max:np.float64(0.0) - timing_s/agent_loop/compute_score/mean:np.float64(0.0) - timing_s/agent_loop/slowest/generate_sequences:np.float64(142.77562082000077) - timing_s/agent_loop/slowest/tool_calls:np.float64(0.0) - timing_s/agent_loop/slowest/compute_score:np.float64(0.0) - timing_s/agent_loop/slowest/num_preempted:np.int64(-1) - timing_s/agent_loop/slowest/prompt_length:59 - timing_s/agent_loop/slowest/response_length:0 - timing_s/gen:159.65408621309325 - timing_s/reward:759.5999867077917 - timing_s/old_log_prob:40.31525089778006 - timing_s/adv:0.002010433003306389 - timing_s/update_actor:107.87193454615772 - timing_s/update_weights:3.882591251283884 - timing_s/step:1071.328167104628 - timing_s/stop_profile:5.4034870117902756e-05 - timing_per_image_ms/adv:0.06282603135332465 - timing_per_image_ms/gen:4989.190194159164 - timing_per_image_ms/update_actor:3370.9979545674287 - timing_per_image_ms/old_log_prob:1259.851590555627 - perf/total_num_images:32 - perf/time_per_step:1071.328167104628 - perf/throughput:0.014934732877640666
[36m(vLLMOmniHttpServer pid=1141758)[0m WARNING 08-02 19:38:54 [async_omni.py:910] [AsyncOmni] reset_prefix_cache not yet supported with Orchestrator process
[36m(vLLMOmniHttpServer pid=1141758)[0m WARNING 08-02 19:38:54 [async_omni.py:892] [AsyncOmni] reset_mm_cache not yet supported with Orchestrator process
[36m(vLLMOmniHttpServer pid=1141758)[0m WARNING 08-02 19:41:31 [async_omni.py:899] [AsyncOmni] reset_encoder_cache not yet supported with Orchestrator process[32m [repeated 2x across cluster][0m
[36m(vLLMOmniHttpServer pid=1141758)[0m WARNING 08-02 19:50:30 [async_omni.py:910] [AsyncOmni] reset_prefix_cache not yet supported with Orchestrator process
[36m(vLLMOmniHttpServer pid=1141758)[0m WARNING 08-02 19:50:30 [async_omni.py:892] [AsyncOmni] reset_mm_cache not yet supported with Orchestrator process
[36m(vLLMOmniHttpServer pid=1141758)[0m WARNING 08-02 19:50:30 [async_omni.py:899] [AsyncOmni] reset_encoder_cache not yet supported with Orchestrator process[32m [repeated 2x across cluster][0m
[36m(TaskRunner pid=917056)[0m step:15 - perf/mfu/actor_infer:0.0 - actor/ppo_kl:np.float64(4.656612873077393e-10) - actor/pg_clipfrac:np.float64(0.0) - actor/pg_clipfrac_higher:np.float64(0.0) - actor/pg_clipfrac_lower:np.float64(0.0) - actor/ratio_mean:np.float64(1.0) - actor/ratio_std:np.float64(0.0) - actor/loss:np.float64(1.862645149230957e-08) - actor/grad_norm:np.float64(0.0020904541015625) - actor/lr:np.float64(1e-05) - perf/mfu/actor:np.float64(0.0) - training/global_step:15 - training/epoch:0 - critic/rewards/mean:0.37525928020477295 - critic/rewards/max:0.9529411792755127 - critic/rewards/min:0.0 - critic/advantages/mean:-1.1175870895385742e-08 - critic/advantages/max:1.4415807723999023 - critic/advantages/min:-1.2131669521331787 - critic/returns/mean:-1.1175870895385742e-08 - critic/returns/max:1.4415807723999023 - critic/returns/min:-1.2131669521331787 - critic/rewards/zero_std_ratio:0.0 - critic/rewards/std_mean:0.18349599838256836 - critic/rewards/group_size:8.0 - timing_s/start_profile:8.485885336995125e-05 - timing_s/agent_loop/num_preempted/min:np.int64(-1) - timing_s/agent_loop/num_preempted/max:np.int64(-1) - timing_s/agent_loop/num_preempted/mean:np.float64(-1.0) - timing_s/agent_loop/generate_sequences/min:np.float64(8.297133777290583) - timing_s/agent_loop/generate_sequences/max:np.float64(138.62477391492575) - timing_s/agent_loop/generate_sequences/mean:np.float64(124.9697572174191) - timing_s/agent_loop/tool_calls/min:np.float64(0.0) - timing_s/agent_loop/tool_calls/max:np.float64(0.0) - timing_s/agent_loop/tool_calls/mean:np.float64(0.0) - timing_s/agent_loop/compute_score/min:np.float64(0.0) - timing_s/agent_loop/compute_score/max:np.float64(0.0) - timing_s/agent_loop/compute_score/mean:np.float64(0.0) - timing_s/agent_loop/slowest/generate_sequences:np.float64(138.62477391492575) - timing_s/agent_loop/slowest/tool_calls:np.float64(0.0) - timing_s/agent_loop/slowest/compute_score:np.float64(0.0) - timing_s/agent_loop/slowest/num_preempted:np.int64(-1) - timing_s/agent_loop/slowest/prompt_length:50 - timing_s/agent_loop/slowest/response_length:0 - timing_s/gen:156.67557942587882 - timing_s/reward:386.5003384966403 - timing_s/old_log_prob:39.45045047439635 - timing_s/adv:0.0012876377440989017 - timing_s/update_actor:108.27236523712054 - timing_s/update_weights:5.058664503972977 - timing_s/step:695.9610118721612 - timing_s/stop_profile:6.59208744764328e-05 - timing_per_image_ms/adv:0.04023867950309068 - timing_per_image_ms/gen:4896.111857058713 - timing_per_image_ms/update_actor:3383.511413660017 - timing_per_image_ms/old_log_prob:1232.8265773248859 - perf/total_num_images:32 - perf/time_per_step:695.9610118721612 - perf/throughput:0.022989793576165138
[36m(vLLMOmniHttpServer pid=1141755)[0m WARNING 08-02 19:50:30 [async_omni.py:910] [AsyncOmni] reset_prefix_cache not yet supported with Orchestrator process
[36m(vLLMOmniHttpServer pid=1141755)[0m WARNING 08-02 19:50:30 [async_omni.py:892] [AsyncOmni] reset_mm_cache not yet supported with Orchestrator process
[36m(vLLMOmniHttpServer pid=1141755)[0m WARNING 08-02 19:53:03 [async_omni.py:899] [AsyncOmni] reset_encoder_cache not yet supported with Orchestrator process[32m [repeated 2x across cluster][0m
[36m(vLLMOmniHttpServer pid=1141755)[0m WARNING 08-02 19:59:14 [async_omni.py:910] [AsyncOmni] reset_prefix_cache not yet supported with Orchestrator process
[36m(vLLMOmniHttpServer pid=1141755)[0m WARNING 08-02 19:59:14 [async_omni.py:892] [AsyncOmni] reset_mm_cache not yet supported with Orchestrator process
[36m(vLLMOmniHttpServer pid=1141755)[0m WARNING 08-02 19:59:14 [async_omni.py:899] [AsyncOmni] reset_encoder_cache not yet supported with Orchestrator process[32m [repeated 2x across cluster][0m
[36m(TaskRunner pid=917056)[0m step:16 - perf/mfu/actor_infer:0.0 - actor/ppo_kl:np.float64(-5.820766091346741e-11) - actor/pg_clipfrac:np.float64(0.0) - actor/pg_clipfrac_higher:np.float64(0.0) - actor/pg_clipfrac_lower:np.float64(0.0) - actor/ratio_mean:np.float64(1.0) - actor/ratio_std:np.float64(0.0) - actor/loss:np.float64(1.4901161193847656e-08) - actor/grad_norm:np.float64(0.0283203125) - actor/lr:np.float64(1e-05) - perf/mfu/actor:np.float64(0.0) - training/global_step:16 - training/epoch:0 - critic/rewards/mean:0.5143601298332214 - critic/rewards/max:1.0 - critic/rewards/min:0.0 - critic/advantages/mean:-1.862645149230957e-09 - critic/advantages/max:1.7042888402938843 - critic/advantages/min:-2.2503814697265625 - critic/returns/mean:-1.862645149230957e-09 - critic/returns/max:1.7042888402938843 - critic/returns/min:-2.2503814697265625 - critic/rewards/zero_std_ratio:0.0 - critic/rewards/std_mean:0.2795903980731964 - critic/rewards/group_size:8.0 - timing_s/start_profile:8.417386561632156e-05 - timing_s/agent_loop/num_preempted/min:np.int64(-1) - timing_s/agent_loop/num_preempted/max:np.int64(-1) - timing_s/agent_loop/num_preempted/mean:np.float64(-1.0) - timing_s/agent_loop/generate_sequences/min:np.float64(8.317448483780026) - timing_s/agent_loop/generate_sequences/max:np.float64(137.97885025292635) - timing_s/agent_loop/generate_sequences/mean:np.float64(124.9341001464054) - timing_s/agent_loop/tool_calls/min:np.float64(0.0) - timing_s/agent_loop/tool_calls/max:np.float64(0.0) - timing_s/agent_loop/tool_calls/mean:np.float64(0.0) - timing_s/agent_loop/compute_score/min:np.float64(0.0) - timing_s/agent_loop/compute_score/max:np.float64(0.0) - timing_s/agent_loop/compute_score/mean:np.float64(0.0) - timing_s/agent_loop/slowest/generate_sequences:np.float64(137.97885025292635) - timing_s/agent_loop/slowest/tool_calls:np.float64(0.0) - timing_s/agent_loop/slowest/compute_score:np.float64(0.0) - timing_s/agent_loop/slowest/num_preempted:np.int64(-1) - timing_s/agent_loop/slowest/prompt_length:57 - timing_s/agent_loop/slowest/response_length:0 - timing_s/gen:152.65525444038212 - timing_s/reward:216.85812953999266 - timing_s/old_log_prob:40.22546979505569 - timing_s/adv:0.0010169981978833675 - timing_s/update_actor:107.38448790693656 - timing_s/update_weights:6.688520024996251 - timing_s/step:523.8148632580414 - timing_s/stop_profile:4.227412864565849e-05 - timing_per_image_ms/adv:0.031781193683855236 - timing_per_image_ms/gen:4770.476701261941 - timing_per_image_ms/update_actor:3355.7652470917674 - timing_per_image_ms/old_log_prob:1257.0459310954902 - perf/total_num_images:32 - perf/time_per_step:523.8148632580414 - perf/throughput:0.030545143183762787[36m(TaskRunner pid=917056)[0m Training Progress:  11%|█▏        | 17/150 [3:55:53<25:57:57, 702.84s/it]
[36m(TaskRunner pid=917056)[0m Training Progress:  12%|█▏        | 18/150 [4:14:14<30:09:45, 822.62s/it]

[36m(vLLMOmniHttpServer pid=1141758)[0m WARNING 08-02 19:59:14 [async_omni.py:910] [AsyncOmni] reset_prefix_cache not yet supported with Orchestrator process
[36m(vLLMOmniHttpServer pid=1141758)[0m WARNING 08-02 19:59:14 [async_omni.py:892] [AsyncOmni] reset_mm_cache not yet supported with Orchestrator process
[36m(vLLMOmniHttpServer pid=1141755)[0m WARNING 08-02 20:01:50 [async_omni.py:899] [AsyncOmni] reset_encoder_cache not yet supported with Orchestrator process[32m [repeated 2x across cluster][0m
[36m(vLLMOmniHttpServer pid=1141758)[0m WARNING 08-02 20:10:23 [async_omni.py:910] [AsyncOmni] reset_prefix_cache not yet supported with Orchestrator process
[36m(vLLMOmniHttpServer pid=1141758)[0m WARNING 08-02 20:10:23 [async_omni.py:892] [AsyncOmni] reset_mm_cache not yet supported with Orchestrator process
[36m(vLLMOmniHttpServer pid=1141758)[0m WARNING 08-02 20:10:23 [async_omni.py:899] [AsyncOmni] reset_encoder_cache not yet supported with Orchestrator process[32m [repeated 2x across cluster][0m
[36m(TaskRunner pid=917056)[0m step:17 - perf/mfu/actor_infer:0.0 - actor/ppo_kl:np.float64(-1.0477378964424133e-09) - actor/pg_clipfrac:np.float64(0.0) - actor/pg_clipfrac_higher:np.float64(0.0) - actor/pg_clipfrac_lower:np.float64(0.0) - actor/ratio_mean:np.float64(1.0) - actor/ratio_std:np.float64(0.0) - actor/loss:np.float64(5.8673322200775146e-08) - actor/grad_norm:np.float64(0.0020904541015625) - actor/lr:np.float64(1e-05) - perf/mfu/actor:np.float64(0.0) - training/global_step:17 - training/epoch:0 - critic/rewards/mean:0.3858596682548523 - critic/rewards/max:0.8857142925262451 - critic/rewards/min:0.0 - critic/advantages/mean:-5.960464477539063e-08 - critic/advantages/max:1.5236549377441406 - critic/advantages/min:-1.9272178411483765 - critic/returns/mean:-5.960464477539063e-08 - critic/returns/max:1.5236549377441406 - critic/returns/min:-1.9272178411483765 - critic/rewards/zero_std_ratio:0.0 - critic/rewards/std_mean:0.17355281114578247 - critic/rewards/group_size:8.0 - timing_s/start_profile:6.555067375302315e-05 - timing_s/agent_loop/num_preempted/min:np.int64(-1) - timing_s/agent_loop/num_preempted/max:np.int64(-1) - timing_s/agent_loop/num_preempted/mean:np.float64(-1.0) - timing_s/agent_loop/generate_sequences/min:np.float64(8.137569542042911) - timing_s/agent_loop/generate_sequences/max:np.float64(138.17021508375183) - timing_s/agent_loop/generate_sequences/mean:np.float64(125.16427751946321) - timing_s/agent_loop/tool_calls/min:np.float64(0.0) - timing_s/agent_loop/tool_calls/max:np.float64(0.0) - timing_s/agent_loop/tool_calls/mean:np.float64(0.0) - timing_s/agent_loop/compute_score/min:np.float64(0.0) - timing_s/agent_loop/compute_score/max:np.float64(0.0) - timing_s/agent_loop/compute_score/mean:np.float64(0.0) - timing_s/agent_loop/slowest/generate_sequences:np.float64(138.17021508375183) - timing_s/agent_loop/slowest/tool_calls:np.float64(0.0) - timing_s/agent_loop/slowest/compute_score:np.float64(0.0) - timing_s/agent_loop/slowest/num_preempted:np.int64(-1) - timing_s/agent_loop/slowest/prompt_length:65 - timing_s/agent_loop/slowest/response_length:0 - timing_s/gen:154.99874849710613 - timing_s/reward:358.9054759279825 - timing_s/old_log_prob:40.88353926036507 - timing_s/adv:0.0012126071378588676 - timing_s/update_actor:109.50283664418384 - timing_s/update_weights:5.04807056998834 - timing_s/step:669.3414956331253 - timing_s/stop_profile:7.845181971788406e-05 - timing_per_image_ms/adv:0.037893973058089614 - timing_per_image_ms/gen:4843.710890534567 - timing_per_image_ms/update_actor:3421.963645130745 - timing_per_image_ms/old_log_prob:1277.6106018864084 - perf/total_num_images:32 - perf/time_per_step:669.3414956331253 - perf/throughput:0.023904090967594525
[36m(vLLMOmniHttpServer pid=1141755)[0m WARNING 08-02 20:10:23 [async_omni.py:910] [AsyncOmni] reset_prefix_cache not yet supported with Orchestrator process
[36m(vLLMOmniHttpServer pid=1141755)[0m WARNING 08-02 20:10:23 [async_omni.py:892] [AsyncOmni] reset_mm_cache not yet supported with Orchestrator process
[36m(vLLMOmniHttpServer pid=1141755)[0m WARNING 08-02 20:13:01 [async_omni.py:899] [AsyncOmni] reset_encoder_cache not yet supported with Orchestrator process[32m [repeated 2x across cluster][0m
[36m(vLLMOmniHttpServer pid=1141755)[0m WARNING 08-02 20:28:45 [async_omni.py:910] [AsyncOmni] reset_prefix_cache not yet supported with Orchestrator process
[36m(vLLMOmniHttpServer pid=1141755)[0m WARNING 08-02 20:28:45 [async_omni.py:892] [AsyncOmni] reset_mm_cache not yet supported with Orchestrator process
[36m(vLLMOmniHttpServer pid=1141755)[0m WARNING 08-02 20:28:45 [async_omni.py:899] [AsyncOmni] reset_encoder_cache not yet supported with Orchestrator process[32m [repeated 2x across cluster][0m
[36m(TaskRunner pid=917056)[0m step:18 - perf/mfu/actor_infer:0.0 - actor/ppo_kl:np.float64(-1.280568540096283e-09) - actor/pg_clipfrac:np.float64(0.0) - actor/pg_clipfrac_higher:np.float64(0.0) - actor/pg_clipfrac_lower:np.float64(0.0) - actor/ratio_mean:np.float64(1.0) - actor/ratio_std:np.float64(0.0) - actor/loss:np.float64(2.9802322387695312e-08) - actor/grad_norm:np.float64(0.001953125) - actor/lr:np.float64(1e-05) - perf/mfu/actor:np.float64(0.0) - training/global_step:18 - training/epoch:0 - critic/rewards/mean:0.3089583218097687 - critic/rewards/max:1.0 - critic/rewards/min:0.0 - critic/advantages/mean:-2.60770320892334e-08 - critic/advantages/max:1.3552607297897339 - critic/advantages/min:-1.5231692790985107 - critic/returns/mean:-2.60770320892334e-08 - critic/returns/max:1.3552607297897339 - critic/returns/min:-1.5231692790985107 - critic/rewards/zero_std_ratio:0.0 - critic/rewards/std_mean:0.17103852331638336 - critic/rewards/group_size:8.0 - timing_s/start_profile:9.762495756149292e-05 - timing_s/agent_loop/num_preempted/min:np.int64(-1) - timing_s/agent_loop/num_preempted/max:np.int64(-1) - timing_s/agent_loop/num_preempted/mean:np.float64(-1.0) - timing_s/agent_loop/generate_sequences/min:np.float64(16.60179046401754) - timing_s/agent_loop/generate_sequences/max:np.float64(140.51833796780556) - timing_s/agent_loop/generate_sequences/mean:np.float64(119.29889963650203) - timing_s/agent_loop/tool_calls/min:np.float64(0.0) - timing_s/agent_loop/tool_calls/max:np.float64(0.0) - timing_s/agent_loop/tool_calls/mean:np.float64(0.0) - timing_s/agent_loop/compute_score/min:np.float64(0.0) - timing_s/agent_loop/compute_score/max:np.float64(0.0) - timing_s/agent_loop/compute_score/mean:np.float64(0.0) - timing_s/agent_loop/slowest/generate_sequences:np.float64(140.51833796780556) - timing_s/agent_loop/slowest/tool_calls:np.float64(0.0) - timing_s/agent_loop/slowest/compute_score:np.float64(0.0) - timing_s/agent_loop/slowest/num_preempted:np.int64(-1) - timing_s/agent_loop/slowest/prompt_length:53 - timing_s/agent_loop/slowest/response_length:0 - timing_s/gen:156.19689935306087 - timing_s/reward:792.8502823980525 - timing_s/old_log_prob:40.16332000494003 - timing_s/adv:0.001303425058722496 - timing_s/update_actor:107.09041410172358 - timing_s/update_weights:4.868483216967434 - timing_s/step:1101.173199004028 - timing_s/stop_profile:0.00011259596794843674 - timing_per_image_ms/adv:0.040732033085078 - timing_per_image_ms/gen:4881.153104783152 - timing_per_image_ms/update_actor:3346.575440678862 - timing_per_image_ms/old_log_prob:1255.103750154376 - perf/total_num_images:32 - perf/time_per_step:1101.173199004028 - perf/throughput:0.014529957698272561
[36m(vLLMOmniHttpServer pid=1141758)[0m WARNING 08-02 20:28:45 [async_omni.py:910] [AsyncOmni] reset_prefix_cache not yet supported with Orchestrator process
[36m(vLLMOmniHttpServer pid=1141758)[0m WARNING 08-02 20:28:45 [async_omni.py:892] [AsyncOmni] reset_mm_cache not yet supported with Orchestrator process
[36m(vLLMOmniHttpServer pid=1141755)[0m WARNING 08-02 20:31:27 [async_omni.py:899] [AsyncOmni] reset_encoder_cache not yet supported with Orchestrator process[32m [repeated 2x across cluster][0m
[36m(vLLMOmniHttpServer pid=1141758)[0m WARNING 08-02 20:44:04 [async_omni.py:910] [AsyncOmni] reset_prefix_cache not yet supported with Orchestrator process
[36m(vLLMOmniHttpServer pid=1141758)[0m WARNING 08-02 20:44:04 [async_omni.py:892] [AsyncOmni] reset_mm_cache not yet supported with Orchestrator process[36m(TaskRunner pid=917056)[0m Training Progress:  13%|█▎        | 19/150 [4:29:33<30:59:01, 851.46s/it]
[36m(TaskRunner pid=917056)[0m Training Progress:  13%|█▎        | 20/150 [4:39:16<27:49:53, 770.72s/it]
[36m(TaskRunner pid=917056)[0m Training Progress:  14%|█▍        | 21/150 [4:49:07<25:41:23, 716.92s/it]

[36m(vLLMOmniHttpServer pid=1141758)[0m WARNING 08-02 20:44:04 [async_omni.py:899] [AsyncOmni] reset_encoder_cache not yet supported with Orchestrator process[32m [repeated 2x across cluster][0m
[36m(TaskRunner pid=917056)[0m step:19 - perf/mfu/actor_infer:0.0 - actor/ppo_kl:np.float64(-7.8580342233181e-10) - actor/pg_clipfrac:np.float64(0.0) - actor/pg_clipfrac_higher:np.float64(0.0) - actor/pg_clipfrac_lower:np.float64(0.0) - actor/ratio_mean:np.float64(1.0) - actor/ratio_std:np.float64(0.0) - actor/loss:np.float64(2.0489096641540527e-08) - actor/grad_norm:np.float64(0.00567626953125) - actor/lr:np.float64(1e-05) - perf/mfu/actor:np.float64(0.0) - training/global_step:19 - training/epoch:0 - critic/rewards/mean:0.3149305582046509 - critic/rewards/max:0.9333333373069763 - critic/rewards/min:0.0 - critic/advantages/mean:-2.7939677238464355e-08 - critic/advantages/max:1.6480069160461426 - critic/advantages/min:-1.770081639289856 - critic/returns/mean:-2.7939677238464355e-08 - critic/returns/max:1.6480069160461426 - critic/returns/min:-1.770081639289856 - critic/rewards/zero_std_ratio:0.0 - critic/rewards/std_mean:0.2224620133638382 - critic/rewards/group_size:8.0 - timing_s/start_profile:0.00014057708904147148 - timing_s/agent_loop/num_preempted/min:np.int64(-1) - timing_s/agent_loop/num_preempted/max:np.int64(-1) - timing_s/agent_loop/num_preempted/mean:np.float64(-1.0) - timing_s/agent_loop/generate_sequences/min:np.float64(8.87897593388334) - timing_s/agent_loop/generate_sequences/max:np.float64(144.66776168905199) - timing_s/agent_loop/generate_sequences/mean:np.float64(127.95180721190991) - timing_s/agent_loop/tool_calls/min:np.float64(0.0) - timing_s/agent_loop/tool_calls/max:np.float64(0.0) - timing_s/agent_loop/tool_calls/mean:np.float64(0.0) - timing_s/agent_loop/compute_score/min:np.float64(0.0) - timing_s/agent_loop/compute_score/max:np.float64(0.0) - timing_s/agent_loop/compute_score/mean:np.float64(0.0) - timing_s/agent_loop/slowest/generate_sequences:np.float64(144.66776168905199) - timing_s/agent_loop/slowest/tool_calls:np.float64(0.0) - timing_s/agent_loop/slowest/compute_score:np.float64(0.0) - timing_s/agent_loop/slowest/num_preempted:np.int64(-1) - timing_s/agent_loop/slowest/prompt_length:57 - timing_s/agent_loop/slowest/response_length:0 - timing_s/gen:161.09069771459326 - timing_s/reward:606.3188016242348 - timing_s/old_log_prob:37.62798398593441 - timing_s/adv:0.0014648851938545704 - timing_s/update_actor:108.86988274333999 - timing_s/update_weights:4.41635621804744 - timing_s/step:918.3277900139801 - timing_s/stop_profile:0.0001061432994902134 - timing_per_image_ms/adv:0.045777662307955325 - timing_per_image_ms/gen:5034.084303581039 - timing_per_image_ms/update_actor:3402.1838357293746 - timing_per_image_ms/old_log_prob:1175.8744995604502 - perf/total_num_images:32 - perf/time_per_step:918.3277900139801 - perf/throughput:0.017422972683595283
[36m(vLLMOmniHttpServer pid=1141755)[0m WARNING 08-02 20:44:04 [async_omni.py:910] [AsyncOmni] reset_prefix_cache not yet supported with Orchestrator process
[36m(vLLMOmniHttpServer pid=1141755)[0m WARNING 08-02 20:44:04 [async_omni.py:892] [AsyncOmni] reset_mm_cache not yet supported with Orchestrator process
[36m(vLLMOmniHttpServer pid=1141755)[0m WARNING 08-02 20:46:41 [async_omni.py:899] [AsyncOmni] reset_encoder_cache not yet supported with Orchestrator process[32m [repeated 2x across cluster][0m
[36m(vLLMOmniHttpServer pid=1141758)[0m WARNING 08-02 20:53:46 [async_omni.py:910] [AsyncOmni] reset_prefix_cache not yet supported with Orchestrator process
[36m(vLLMOmniHttpServer pid=1141758)[0m WARNING 08-02 20:53:46 [async_omni.py:892] [AsyncOmni] reset_mm_cache not yet supported with Orchestrator process
[36m(vLLMOmniHttpServer pid=1141758)[0m WARNING 08-02 20:53:46 [async_omni.py:899] [AsyncOmni] reset_encoder_cache not yet supported with Orchestrator process[32m [repeated 2x across cluster][0m
[36m(TaskRunner pid=917056)[0m step:20 - perf/mfu/actor_infer:0.0 - actor/ppo_kl:np.float64(-5.238689482212067e-10) - actor/pg_clipfrac:np.float64(0.0) - actor/pg_clipfrac_higher:np.float64(0.0) - actor/pg_clipfrac_lower:np.float64(0.0) - actor/ratio_mean:np.float64(1.0) - actor/ratio_std:np.float64(0.0) - actor/loss:np.float64(3.632158041000366e-08) - actor/grad_norm:np.float64(0.0208740234375) - actor/lr:np.float64(1e-05) - perf/mfu/actor:np.float64(0.0) - training/global_step:20 - training/epoch:0 - critic/rewards/mean:0.36580151319503784 - critic/rewards/max:0.7333333492279053 - critic/rewards/min:0.0 - critic/advantages/mean:-4.470348358154297e-08 - critic/advantages/max:1.2516738176345825 - critic/advantages/min:-1.30730402469635 - critic/returns/mean:-4.470348358154297e-08 - critic/returns/max:1.2516738176345825 - critic/returns/min:-1.30730402469635 - critic/rewards/zero_std_ratio:0.0 - critic/rewards/std_mean:0.11337840557098389 - critic/rewards/group_size:8.0 - timing_s/start_profile:0.00012987013906240463 - timing_s/agent_loop/num_preempted/min:np.int64(-1) - timing_s/agent_loop/num_preempted/max:np.int64(-1) - timing_s/agent_loop/num_preempted/mean:np.float64(-1.0) - timing_s/agent_loop/generate_sequences/min:np.float64(8.468649783171713) - timing_s/agent_loop/generate_sequences/max:np.float64(139.90587600972503) - timing_s/agent_loop/generate_sequences/mean:np.float64(126.63594972380088) - timing_s/agent_loop/tool_calls/min:np.float64(0.0) - timing_s/agent_loop/tool_calls/max:np.float64(0.0) - timing_s/agent_loop/tool_calls/mean:np.float64(0.0) - timing_s/agent_loop/compute_score/min:np.float64(0.0) - timing_s/agent_loop/compute_score/max:np.float64(0.0) - timing_s/agent_loop/compute_score/mean:np.float64(0.0) - timing_s/agent_loop/slowest/generate_sequences:np.float64(139.90587600972503) - timing_s/agent_loop/slowest/tool_calls:np.float64(0.0) - timing_s/agent_loop/slowest/compute_score:np.float64(0.0) - timing_s/agent_loop/slowest/num_preempted:np.int64(-1) - timing_s/agent_loop/slowest/prompt_length:58 - timing_s/agent_loop/slowest/response_length:0 - timing_s/gen:156.38652538368478 - timing_s/reward:275.97027844004333 - timing_s/old_log_prob:37.549159643705934 - timing_s/adv:0.0016696760430932045 - timing_s/update_actor:106.24844141118228 - timing_s/update_weights:6.146344995126128 - timing_s/step:582.3041335283779 - timing_s/stop_profile:5.9403013437986374e-05 - timing_per_image_ms/adv:0.05217737634666264 - timing_per_image_ms/gen:4887.0789182401495 - timing_per_image_ms/update_actor:3320.2637940994464 - timing_per_image_ms/old_log_prob:1173.4112388658104 - perf/total_num_images:32 - perf/time_per_step:582.3041335283779 - perf/throughput:0.027477050356916725
[36m(vLLMOmniHttpServer pid=1141755)[0m WARNING 08-02 20:53:46 [async_omni.py:910] [AsyncOmni] reset_prefix_cache not yet supported with Orchestrator process
[36m(vLLMOmniHttpServer pid=1141755)[0m WARNING 08-02 20:53:46 [async_omni.py:892] [AsyncOmni] reset_mm_cache not yet supported with Orchestrator process
[36m(vLLMOmniHttpServer pid=1141755)[0m WARNING 08-02 20:56:21 [async_omni.py:899] [AsyncOmni] reset_encoder_cache not yet supported with Orchestrator process[32m [repeated 2x across cluster][0m
[36m(vLLMOmniHttpServer pid=1141755)[0m WARNING 08-02 21:03:38 [async_omni.py:910] [AsyncOmni] reset_prefix_cache not yet supported with Orchestrator process
[36m(vLLMOmniHttpServer pid=1141755)[0m WARNING 08-02 21:03:38 [async_omni.py:892] [AsyncOmni] reset_mm_cache not yet supported with Orchestrator process
[36m(vLLMOmniHttpServer pid=1141755)[0m WARNING 08-02 21:03:38 [async_omni.py:899] [AsyncOmni] reset_encoder_cache not yet supported with Orchestrator process[32m [repeated 2x across cluster][0m
[36m(TaskRunner pid=917056)[0m step:21 - perf/mfu/actor_infer:0.0 - actor/ppo_kl:np.float64(-2.6193447411060333e-10) - actor/pg_clipfrac:np.float64(0.0) - actor/pg_clipfrac_higher:np.float64(0.0) - actor/pg_clipfrac_lower:np.float64(0.0) - actor/ratio_mean:np.float64(1.0) - actor/ratio_std:np.float64(0.0) - actor/loss:np.float64(-2.60770320892334e-08) - actor/grad_norm:np.float64(0.00164031982421875) - actor/lr:np.float64(1e-05) - perf/mfu/actor:np.float64(0.0) - training/global_step:21 - training/epoch:0 - critic/rewards/mean:0.40691691637039185 - critic/rewards/max:0.8095238208770752 - critic/rewards/min:0.0 - critic/advantages/mean:2.2351741790771484e-08 - critic/advantages/max:1.4537303447723389 - critic/advantages/min:-1.1743569374084473 - critic/returns/mean:2.2351741790771484e-08 - critic/returns/max:1.4537303447723389 - critic/returns/min:-1.1743569374084473 - critic/rewards/zero_std_ratio:0.0 - critic/rewards/std_mean:0.11688099056482315 - critic/rewards/group_size:8.0 - timing_s/start_profile:8.37431289255619e-05 - timing_s/agent_loop/num_preempted/min:np.int64(-1) - timing_s/agent_loop/num_preempted/max:np.int64(-1) - timing_s/agent_loop/num_preempted/mean:np.float64(-1.0) - timing_s/agent_loop/generate_sequences/min:np.float64(8.773511787876487) - timing_s/agent_loop/generate_sequences/max:np.float64(140.38119272794574) - timing_s/agent_loop/generate_sequences/mean:np.float64(123.07136996525514) - timing_s/agent_loop/tool_calls/min:np.float64(0.0) - timing_s/agent_loop/tool_calls/max:np.float64(0.0) - timing_s/agent_loop/tool_calls/mean:np.float64(0.0) - timing_s/agent_loop/compute_score/min:np.float64(0.0) - timing_s/agent_loop/compute_score/max:np.float64(0.0) - timing_s/agent_loop/compute_score/mean:np.float64(0.0) - timing_s/agent_loop/slowest/generate_sequences:np.float64(140.38119272794574) - timing_s/agent_loop/slowest/tool_calls:np.float64(0.0) - timing_s/agent_loop/slowest/compute_score:np.float64(0.0) - timing_s/agent_loop/slowest/num_preempted:np.int64(-1) - timing_s/agent_loop/slowest/prompt_length:48 - timing_s/agent_loop/slowest/response_length:0 - timing_s/gen:154.3435138859786 - timing_s/reward:283.9991799229756 - timing_s/old_log_prob:41.0523639600724 - timing_s/adv:0.0012612543068826199 - timing_s/update_actor:107.37549424078315 - timing_s/update_weights:4.383123073261231 - timing_s/step:591.1571019999683 - timing_s/stop_profile:9.068800136446953e-05 - timing_per_image_ms/adv:0.03941419709008187 - timing_per_image_ms/gen:4823.2348089368315 - timing_per_image_ms/update_actor:3355.4841950244736 - timing_per_image_ms/old_log_prob:1282.8863737522624 - perf/total_num_images:32 - perf/time_per_step:591.1571019999683 - perf/throughput:0.0270655633601791[36m(TaskRunner pid=917056)[0m Training Progress:  15%|█▍        | 22/150 [4:57:54<23:27:47, 659.90s/it]
[36m(TaskRunner pid=917056)[0m Training Progress:  15%|█▌        | 23/150 [5:08:55<23:17:40, 660.32s/it]

[36m(vLLMOmniHttpServer pid=1141758)[0m WARNING 08-02 21:03:38 [async_omni.py:910] [AsyncOmni] reset_prefix_cache not yet supported with Orchestrator process
[36m(vLLMOmniHttpServer pid=1141758)[0m WARNING 08-02 21:03:38 [async_omni.py:892] [AsyncOmni] reset_mm_cache not yet supported with Orchestrator process
[36m(vLLMOmniHttpServer pid=1141758)[0m WARNING 08-02 21:06:24 [async_omni.py:899] [AsyncOmni] reset_encoder_cache not yet supported with Orchestrator process[32m [repeated 2x across cluster][0m
[36m(vLLMOmniHttpServer pid=1141755)[0m WARNING 08-02 21:12:25 [async_omni.py:910] [AsyncOmni] reset_prefix_cache not yet supported with Orchestrator process
[36m(vLLMOmniHttpServer pid=1141755)[0m WARNING 08-02 21:12:25 [async_omni.py:892] [AsyncOmni] reset_mm_cache not yet supported with Orchestrator process
[36m(vLLMOmniHttpServer pid=1141755)[0m WARNING 08-02 21:12:25 [async_omni.py:899] [AsyncOmni] reset_encoder_cache not yet supported with Orchestrator process[32m [repeated 2x across cluster][0m
[36m(TaskRunner pid=917056)[0m step:22 - perf/mfu/actor_infer:0.0 - actor/ppo_kl:np.float64(-1.0477378964424133e-09) - actor/pg_clipfrac:np.float64(0.0) - actor/pg_clipfrac_higher:np.float64(0.0) - actor/pg_clipfrac_lower:np.float64(0.0) - actor/ratio_mean:np.float64(1.0) - actor/ratio_std:np.float64(0.0) - actor/loss:np.float64(-1.4901161193847656e-08) - actor/grad_norm:np.float64(0.002532958984375) - actor/lr:np.float64(1e-05) - perf/mfu/actor:np.float64(0.0) - training/global_step:22 - training/epoch:0 - critic/rewards/mean:0.29402926564216614 - critic/rewards/max:1.0 - critic/rewards/min:0.0 - critic/advantages/mean:1.4901161193847656e-08 - critic/advantages/max:2.710545778274536 - critic/advantages/min:-1.5412908792495728 - critic/returns/mean:1.4901161193847656e-08 - critic/returns/max:2.710545778274536 - critic/returns/min:-1.5412908792495728 - critic/rewards/zero_std_ratio:0.0 - critic/rewards/std_mean:0.1642947643995285 - critic/rewards/group_size:8.0 - timing_s/start_profile:0.00016963807865977287 - timing_s/agent_loop/num_preempted/min:np.int64(-1) - timing_s/agent_loop/num_preempted/max:np.int64(-1) - timing_s/agent_loop/num_preempted/mean:np.float64(-1.0) - timing_s/agent_loop/generate_sequences/min:np.float64(8.31081058876589) - timing_s/agent_loop/generate_sequences/max:np.float64(148.34676941810176) - timing_s/agent_loop/generate_sequences/mean:np.float64(133.20939806279785) - timing_s/agent_loop/tool_calls/min:np.float64(0.0) - timing_s/agent_loop/tool_calls/max:np.float64(0.0) - timing_s/agent_loop/tool_calls/mean:np.float64(0.0) - timing_s/agent_loop/compute_score/min:np.float64(0.0) - timing_s/agent_loop/compute_score/max:np.float64(0.0) - timing_s/agent_loop/compute_score/mean:np.float64(0.0) - timing_s/agent_loop/slowest/generate_sequences:np.float64(148.34676941810176) - timing_s/agent_loop/slowest/tool_calls:np.float64(0.0) - timing_s/agent_loop/slowest/compute_score:np.float64(0.0) - timing_s/agent_loop/slowest/num_preempted:np.int64(-1) - timing_s/agent_loop/slowest/prompt_length:49 - timing_s/agent_loop/slowest/response_length:0 - timing_s/gen:166.01370002003387 - timing_s/reward:215.86050379415974 - timing_s/old_log_prob:37.34672044729814 - timing_s/adv:0.0011214748956263065 - timing_s/update_actor:103.86128692701459 - timing_s/update_weights:3.5455527692101896 - timing_s/step:526.6313822912052 - timing_s/stop_profile:0.00010485667735338211 - timing_per_image_ms/adv:0.03504609048832208 - timing_per_image_ms/gen:5187.928125626058 - timing_per_image_ms/update_actor:3245.665216469206 - timing_per_image_ms/old_log_prob:1167.0850139780669 - perf/total_num_images:32 - perf/time_per_step:526.6313822912052 - perf/throughput:0.030381782282683387
[36m(vLLMOmniHttpServer pid=1141758)[0m WARNING 08-02 21:12:25 [async_omni.py:910] [AsyncOmni] reset_prefix_cache not yet supported with Orchestrator process
[36m(vLLMOmniHttpServer pid=1141758)[0m WARNING 08-02 21:12:25 [async_omni.py:892] [AsyncOmni] reset_mm_cache not yet supported with Orchestrator process
[36m(vLLMOmniHttpServer pid=1141755)[0m WARNING 08-02 21:14:55 [async_omni.py:899] [AsyncOmni] reset_encoder_cache not yet supported with Orchestrator process[32m [repeated 2x across cluster][0m
[36m(vLLMOmniHttpServer pid=1141755)[0m WARNING 08-02 21:23:26 [async_omni.py:910] [AsyncOmni] reset_prefix_cache not yet supported with Orchestrator process
[36m(vLLMOmniHttpServer pid=1141755)[0m WARNING 08-02 21:23:26 [async_omni.py:892] [AsyncOmni] reset_mm_cache not yet supported with Orchestrator process
[36m(vLLMOmniHttpServer pid=1141755)[0m WARNING 08-02 21:23:26 [async_omni.py:899] [AsyncOmni] reset_encoder_cache not yet supported with Orchestrator process[32m [repeated 2x across cluster][0m
[36m(TaskRunner pid=917056)[0m step:23 - perf/mfu/actor_infer:0.0 - actor/ppo_kl:np.float64(-1.6880221664905548e-09) - actor/pg_clipfrac:np.float64(0.0) - actor/pg_clipfrac_higher:np.float64(0.0) - actor/pg_clipfrac_lower:np.float64(0.0) - actor/ratio_mean:np.float64(1.0) - actor/ratio_std:np.float64(0.0) - actor/loss:np.float64(1.862645149230957e-09) - actor/grad_norm:np.float64(0.0033111572265625) - actor/lr:np.float64(1e-05) - perf/mfu/actor:np.float64(0.0) - training/global_step:23 - training/epoch:0 - critic/rewards/mean:0.4707189202308655 - critic/rewards/max:1.0 - critic/rewards/min:0.010526316240429878 - critic/advantages/mean:3.725290298461914e-09 - critic/advantages/max:1.2279980182647705 - critic/advantages/min:-2.176905393600464 - critic/returns/mean:3.725290298461914e-09 - critic/returns/max:1.2279980182647705 - critic/returns/min:-2.176905393600464 - critic/rewards/zero_std_ratio:0.0 - critic/rewards/std_mean:0.1975298523902893 - critic/rewards/group_size:8.0 - timing_s/start_profile:0.00014845328405499458 - timing_s/agent_loop/num_preempted/min:np.int64(-1) - timing_s/agent_loop/num_preempted/max:np.int64(-1) - timing_s/agent_loop/num_preempted/mean:np.float64(-1.0) - timing_s/agent_loop/generate_sequences/min:np.float64(8.764982040040195) - timing_s/agent_loop/generate_sequences/max:np.float64(135.13568396074697) - timing_s/agent_loop/generate_sequences/mean:np.float64(118.701223060154) - timing_s/agent_loop/tool_calls/min:np.float64(0.0) - timing_s/agent_loop/tool_calls/max:np.float64(0.0) - timing_s/agent_loop/tool_calls/mean:np.float64(0.0) - timing_s/agent_loop/compute_score/min:np.float64(0.0) - timing_s/agent_loop/compute_score/max:np.float64(0.0) - timing_s/agent_loop/compute_score/mean:np.float64(0.0) - timing_s/agent_loop/slowest/generate_sequences:np.float64(135.13568396074697) - timing_s/agent_loop/slowest/tool_calls:np.float64(0.0) - timing_s/agent_loop/slowest/compute_score:np.float64(0.0) - timing_s/agent_loop/slowest/num_preempted:np.int64(-1) - timing_s/agent_loop/slowest/prompt_length:44 - timing_s/agent_loop/slowest/response_length:0 - timing_s/gen:149.57224153121933 - timing_s/reward:366.068758840207 - timing_s/old_log_prob:36.87646860303357 - timing_s/adv:0.0013291551731526852 - timing_s/update_actor:105.3956578974612 - timing_s/update_weights:3.0980012100189924 - timing_s/step:661.0150574739091 - timing_s/stop_profile:0.00012378813698887825 - timing_per_image_ms/adv:0.04153609916102141 - timing_per_image_ms/gen:4674.132547850604 - timing_per_image_ms/update_actor:3293.6143092956627 - timing_per_image_ms/old_log_prob:1152.3896438447991 - perf/total_num_images:32 - perf/time_per_step:661.0150574739091 - perf/throughput:0.024205197474841993
[36m(vLLMOmniHttpServer pid=1141758)[0m WARNING 08-02 21:23:26 [async_omni.py:910] [AsyncOmni] reset_prefix_cache not yet supported with Orchestrator process
[36m(vLLMOmniHttpServer pid=1141758)[0m WARNING 08-02 21:23:26 [async_omni.py:892] [AsyncOmni] reset_mm_cache not yet supported with Orchestrator process
[36m(vLLMOmniHttpServer pid=1141755)[0m WARNING 08-02 21:25:57 [async_omni.py:899] [AsyncOmni] reset_encoder_cache not yet supported with Orchestrator process[32m [repeated 2x across cluster][0m
[36m(vLLMOmniHttpServer pid=1141755)[0m WARNING 08-02 21:39:22 [async_omni.py:910] [AsyncOmni] reset_prefix_cache not yet supported with Orchestrator process
[36m(vLLMOmniHttpServer pid=1141755)[0m WARNING 08-02 21:39:22 [async_omni.py:892] [AsyncOmni] reset_mm_cache not yet supported with Orchestrator process[36m(TaskRunner pid=917056)[0m Training Progress:  16%|█▌        | 24/150 [5:24:51<26:12:45, 748.94s/it]
[36m(WorkerDict pid=920971)[0m /data/verl-omni/.venv/lib/python3.12/site-packages/verl/plugin/platform/platform_cuda.py:99: FutureWarning: torch.cuda._set_allocator_settings is deprecated. Use torch._C._accelerator_setAllocatorSettings instead.
[36m(WorkerDict pid=920971)[0m   torch.cuda.memory._set_allocator_settings(settings)

[36m(vLLMOmniHttpServer pid=1141755)[0m WARNING 08-02 21:39:22 [async_omni.py:899] [AsyncOmni] reset_encoder_cache not yet supported with Orchestrator process[32m [repeated 2x across cluster][0m
[36m(TaskRunner pid=917056)[0m step:24 - perf/mfu/actor_infer:0.0 - actor/ppo_kl:np.float64(-1.1059455573558807e-09) - actor/pg_clipfrac:np.float64(0.0) - actor/pg_clipfrac_higher:np.float64(0.0) - actor/pg_clipfrac_lower:np.float64(0.0) - actor/ratio_mean:np.float64(1.0) - actor/ratio_std:np.float64(0.0) - actor/loss:np.float64(4.6566128730773926e-09) - actor/grad_norm:np.float64(0.004058837890625) - actor/lr:np.float64(1e-05) - perf/mfu/actor:np.float64(0.0) - training/global_step:24 - training/epoch:0 - critic/rewards/mean:0.1923133283853531 - critic/rewards/max:1.0 - critic/rewards/min:0.0 - critic/advantages/mean:0.0 - critic/advantages/max:3.6150779724121094 - critic/advantages/min:-1.1616016626358032 - critic/returns/mean:0.0 - critic/returns/max:3.6150779724121094 - critic/returns/min:-1.1616016626358032 - critic/rewards/zero_std_ratio:0.0 - critic/rewards/std_mean:0.1360148787498474 - critic/rewards/group_size:8.0 - timing_s/start_profile:0.00014450494199991226 - timing_s/agent_loop/num_preempted/min:np.int64(-1) - timing_s/agent_loop/num_preempted/max:np.int64(-1) - timing_s/agent_loop/num_preempted/mean:np.float64(-1.0) - timing_s/agent_loop/generate_sequences/min:np.float64(8.747743065934628) - timing_s/agent_loop/generate_sequences/max:np.float64(135.2919842917472) - timing_s/agent_loop/generate_sequences/mean:np.float64(118.49734950158745) - timing_s/agent_loop/tool_calls/min:np.float64(0.0) - timing_s/agent_loop/tool_calls/max:np.float64(0.0) - timing_s/agent_loop/tool_calls/mean:np.float64(0.0) - timing_s/agent_loop/compute_score/min:np.float64(0.0) - timing_s/agent_loop/compute_score/max:np.float64(0.0) - timing_s/agent_loop/compute_score/mean:np.float64(0.0) - timing_s/agent_loop/slowest/generate_sequences:np.float64(135.2919842917472) - timing_s/agent_loop/slowest/tool_calls:np.float64(0.0) - timing_s/agent_loop/slowest/compute_score:np.float64(0.0) - timing_s/agent_loop/slowest/num_preempted:np.int64(-1) - timing_s/agent_loop/slowest/prompt_length:54 - timing_s/agent_loop/slowest/response_length:0 - timing_s/gen:149.91780668497086 - timing_s/reward:669.9033778710291 - timing_s/old_log_prob:36.38567776186392 - timing_s/adv:0.0015048542991280556 - timing_s/update_actor:96.43044628575444 - timing_s/update_weights:2.7328040171414614 - timing_s/step:955.3735768259503 - timing_s/stop_profile:0.00010723201557993889 - timing_per_image_ms/adv:0.04702669684775174 - timing_per_image_ms/gen:4684.931458905339 - timing_per_image_ms/update_actor:3013.4514464298263 - timing_per_image_ms/old_log_prob:1137.0524300582474 - perf/total_num_images:32 - perf/time_per_step:955.3735768259503 - perf/throughput:0.016747375464535037
[36m(vLLMOmniHttpServer pid=1141758)[0m WARNING 08-02 21:39:22 [async_omni.py:910] [AsyncOmni] reset_prefix_cache not yet supported with Orchestrator process
[36m(vLLMOmniHttpServer pid=1141758)[0m WARNING 08-02 21:39:22 [async_omni.py:892] [AsyncOmni] reset_mm_cache not yet supported with Orchestrator process
[36m(vLLMOmniHttpServer pid=1141755)[0m WARNING 08-02 21:41:39 [async_omni.py:899] [AsyncOmni] reset_encoder_cache not yet supported with Orchestrator process[32m [repeated 2x across cluster][0m
[36m(TaskRunner pid=917056)[0m local_global_step_folder: checkpoints/dance_grpo/wan22_5b_t2v_ocr_s150/global_step_25
[36m(vLLMOmniHttpServer pid=1141758)[0m WARNING 08-02 21:41:39 [async_omni.py:899] [AsyncOmni] reset_encoder_cache not yet supported with Orchestrator process
[36m(vLLMOmniHttpServer pid=1141755)[0m WARNING 08-02 21:47:46 [async_omni.py:910] [AsyncOmni] reset_prefix_cache not yet supported with Orchestrator process
[36m(vLLMOmniHttpServer pid=1141755)[0m WARNING 08-02 21:47:46 [async_omni.py:892] [AsyncOmni] reset_mm_cache not yet supported with Orchestrator process
[36m(vLLMOmniHttpServer pid=1141755)[0m WARNING 08-02 21:47:46 [async_omni.py:899] [AsyncOmni] reset_encoder_cache not yet supported with Orchestrator process
[36m(TaskRunner pid=917056)[0m test_gen_batch meta info: {'recompute_log_prob': False, 'validate': True, 'global_steps': 25}
[36m(vLLMOmniHttpServer pid=1141758)[0m WARNING 08-02 21:47:46 [async_omni.py:910] [AsyncOmni] reset_prefix_cache not yet supported with Orchestrator process
[36m(vLLMOmniHttpServer pid=1141758)[0m WARNING 08-02 21:47:46 [async_omni.py:892] [AsyncOmni] reset_mm_cache not yet supported with Orchestrator process
[36m(vLLMOmniHttpServer pid=1141755)[0m WARNING 08-02 21:49:34 [async_omni.py:899] [AsyncOmni] reset_encoder_cache not yet supported with Orchestrator process[32m [repeated 2x across cluster][0m
[36m(vLLMOmniHttpServer pid=1141755)[0m WARNING 08-02 21:50:16 [async_omni.py:910] [AsyncOmni] reset_prefix_cache not yet supported with Orchestrator process
[36m(vLLMOmniHttpServer pid=1141755)[0m WARNING 08-02 21:50:16 [async_omni.py:892] [AsyncOmni] reset_mm_cache not yet supported with Orchestrator process
[36m(vLLMOmniHttpServer pid=1141755)[0m WARNING 08-02 21:50:16 [async_omni.py:899] [AsyncOmni] reset_encoder_cache not yet supported with Orchestrator process[32m [repeated 2x across cluster][0m
[36m(TaskRunner pid=917056)[0m validation generation end
[36m(TaskRunner pid=917056)[0m test_gen_batch meta info: {'recompute_log_prob': False, 'validate': True, 'global_steps': 25}
[36m(vLLMOmniHttpServer pid=1141758)[0m WARNING 08-02 21:50:16 [async_omni.py:910] [AsyncOmni] reset_prefix_cache not yet supported with Orchestrator process
[36m(vLLMOmniHttpServer pid=1141758)[0m WARNING 08-02 21:50:16 [async_omni.py:892] [AsyncOmni] reset_mm_cache not yet supported with Orchestrator process
[36m(vLLMOmniHttpServer pid=1141755)[0m WARNING 08-02 21:52:02 [async_omni.py:899] [AsyncOmni] reset_encoder_cache not yet supported with Orchestrator process[32m [repeated 2x across cluster][0m
[36m(vLLMOmniHttpServer pid=1141755)[0m WARNING 08-02 21:54:49 [async_omni.py:910] [AsyncOmni] reset_prefix_cache not yet supported with Orchestrator process
[36m(vLLMOmniHttpServer pid=1141755)[0m WARNING 08-02 21:54:49 [async_omni.py:892] [AsyncOmni] reset_mm_cache not yet supported with Orchestrator process
[36m(vLLMOmniHttpServer pid=1141755)[0m WARNING 08-02 21:54:49 [async_omni.py:899] [AsyncOmni] reset_encoder_cache not yet supported with Orchestrator process[32m [repeated 2x across cluster][0m
[36m(TaskRunner pid=917056)[0m validation generation end
[36m(TaskRunner pid=917056)[0m test_gen_batch meta info: {'recompute_log_prob': False, 'validate': True, 'global_steps': 25}
[36m(vLLMOmniHttpServer pid=1141758)[0m WARNING 08-02 21:54:49 [async_omni.py:910] [AsyncOmni] reset_prefix_cache not yet supported with Orchestrator process
[36m(vLLMOmniHttpServer pid=1141758)[0m WARNING 08-02 21:54:49 [async_omni.py:892] [AsyncOmni] reset_mm_cache not yet supported with Orchestrator process
[36m(vLLMOmniHttpServer pid=1141758)[0m WARNING 08-02 21:56:36 [async_omni.py:899] [AsyncOmni] reset_encoder_cache not yet supported with Orchestrator process[32m [repeated 2x across cluster][0m
[36m(vLLMOmniHttpServer pid=1141755)[0m WARNING 08-02 22:00:48 [async_omni.py:910] [AsyncOmni] reset_prefix_cache not yet supported with Orchestrator process
[36m(vLLMOmniHttpServer pid=1141755)[0m WARNING 08-02 22:00:48 [async_omni.py:892] [AsyncOmni] reset_mm_cache not yet supported with Orchestrator process
[36m(vLLMOmniHttpServer pid=1141755)[0m WARNING 08-02 22:00:48 [async_omni.py:899] [AsyncOmni] reset_encoder_cache not yet supported with Orchestrator process[32m [repeated 2x across cluster][0m
[36m(TaskRunner pid=917056)[0m validation generation end
[36m(TaskRunner pid=917056)[0m test_gen_batch meta info: {'recompute_log_prob': False, 'validate': True, 'global_steps': 25}
[36m(vLLMOmniHttpServer pid=1141758)[0m WARNING 08-02 22:00:48 [async_omni.py:910] [AsyncOmni] reset_prefix_cache not yet supported with Orchestrator process
[36m(vLLMOmniHttpServer pid=1141758)[0m WARNING 08-02 22:00:48 [async_omni.py:892] [AsyncOmni] reset_mm_cache not yet supported with Orchestrator process[36m(TaskRunner pid=917056)[0m Training Progress:  17%|█▋        | 25/150 [6:12:55<48:14:49, 1389.52s/it]
[36m(WorkerDict pid=920968)[0m /data/verl-omni/.venv/lib/python3.12/site-packages/verl/plugin/platform/platform_cuda.py:99: FutureWarning: torch.cuda._set_allocator_settings is deprecated. Use torch._C._accelerator_setAllocatorSettings instead.
[36m(WorkerDict pid=920968)[0m   torch.cuda.memory._set_allocator_settings(settings)

[36m(vLLMOmniHttpServer pid=1141755)[0m WARNING 08-02 22:02:34 [async_omni.py:899] [AsyncOmni] reset_encoder_cache not yet supported with Orchestrator process[32m [repeated 2x across cluster][0m
[36m(vLLMOmniHttpServer pid=1141755)[0m WARNING 08-02 22:05:23 [async_omni.py:910] [AsyncOmni] reset_prefix_cache not yet supported with Orchestrator process
[36m(vLLMOmniHttpServer pid=1141755)[0m WARNING 08-02 22:05:23 [async_omni.py:892] [AsyncOmni] reset_mm_cache not yet supported with Orchestrator process
[36m(vLLMOmniHttpServer pid=1141755)[0m WARNING 08-02 22:05:23 [async_omni.py:899] [AsyncOmni] reset_encoder_cache not yet supported with Orchestrator process[32m [repeated 2x across cluster][0m
[36m(TaskRunner pid=917056)[0m validation generation end
[36m(TaskRunner pid=917056)[0m test_gen_batch meta info: {'recompute_log_prob': False, 'validate': True, 'global_steps': 25}
[36m(vLLMOmniHttpServer pid=1141758)[0m WARNING 08-02 22:05:23 [async_omni.py:910] [AsyncOmni] reset_prefix_cache not yet supported with Orchestrator process
[36m(vLLMOmniHttpServer pid=1141758)[0m WARNING 08-02 22:05:23 [async_omni.py:892] [AsyncOmni] reset_mm_cache not yet supported with Orchestrator process
[36m(vLLMOmniHttpServer pid=1141755)[0m WARNING 08-02 22:07:10 [async_omni.py:899] [AsyncOmni] reset_encoder_cache not yet supported with Orchestrator process[32m [repeated 2x across cluster][0m
[36m(vLLMOmniHttpServer pid=1141755)[0m WARNING 08-02 22:11:03 [async_omni.py:910] [AsyncOmni] reset_prefix_cache not yet supported with Orchestrator process
[36m(vLLMOmniHttpServer pid=1141755)[0m WARNING 08-02 22:11:03 [async_omni.py:892] [AsyncOmni] reset_mm_cache not yet supported with Orchestrator process
[36m(vLLMOmniHttpServer pid=1141755)[0m WARNING 08-02 22:11:03 [async_omni.py:899] [AsyncOmni] reset_encoder_cache not yet supported with Orchestrator process[32m [repeated 2x across cluster][0m
[36m(TaskRunner pid=917056)[0m validation generation end
[36m(TaskRunner pid=917056)[0m test_gen_batch meta info: {'recompute_log_prob': False, 'validate': True, 'global_steps': 25}
[36m(vLLMOmniHttpServer pid=1141758)[0m WARNING 08-02 22:11:03 [async_omni.py:910] [AsyncOmni] reset_prefix_cache not yet supported with Orchestrator process
[36m(vLLMOmniHttpServer pid=1141758)[0m WARNING 08-02 22:11:03 [async_omni.py:892] [AsyncOmni] reset_mm_cache not yet supported with Orchestrator process
[36m(vLLMOmniHttpServer pid=1141755)[0m WARNING 08-02 22:12:50 [async_omni.py:899] [AsyncOmni] reset_encoder_cache not yet supported with Orchestrator process[32m [repeated 2x across cluster][0m
[36m(vLLMOmniHttpServer pid=1141755)[0m WARNING 08-02 22:17:24 [async_omni.py:910] [AsyncOmni] reset_prefix_cache not yet supported with Orchestrator process
[36m(vLLMOmniHttpServer pid=1141755)[0m WARNING 08-02 22:17:24 [async_omni.py:892] [AsyncOmni] reset_mm_cache not yet supported with Orchestrator process
[36m(vLLMOmniHttpServer pid=1141755)[0m WARNING 08-02 22:17:24 [async_omni.py:899] [AsyncOmni] reset_encoder_cache not yet supported with Orchestrator process[32m [repeated 2x across cluster][0m
[36m(TaskRunner pid=917056)[0m validation generation end
[36m(TaskRunner pid=917056)[0m test_gen_batch meta info: {'recompute_log_prob': False, 'validate': True, 'global_steps': 25}
[36m(vLLMOmniHttpServer pid=1141758)[0m WARNING 08-02 22:17:24 [async_omni.py:910] [AsyncOmni] reset_prefix_cache not yet supported with Orchestrator process
[36m(vLLMOmniHttpServer pid=1141758)[0m WARNING 08-02 22:17:24 [async_omni.py:892] [AsyncOmni] reset_mm_cache not yet supported with Orchestrator process
[36m(vLLMOmniHttpServer pid=1141755)[0m WARNING 08-02 22:19:11 [async_omni.py:899] [AsyncOmni] reset_encoder_cache not yet supported with Orchestrator process[32m [repeated 2x across cluster][0m
[36m(vLLMOmniHttpServer pid=1141755)[0m WARNING 08-02 22:19:52 [async_omni.py:910] [AsyncOmni] reset_prefix_cache not yet supported with Orchestrator process
[36m(vLLMOmniHttpServer pid=1141755)[0m WARNING 08-02 22:19:52 [async_omni.py:892] [AsyncOmni] reset_mm_cache not yet supported with Orchestrator process
[36m(vLLMOmniHttpServer pid=1141755)[0m WARNING 08-02 22:19:52 [async_omni.py:899] [AsyncOmni] reset_encoder_cache not yet supported with Orchestrator process[32m [repeated 2x across cluster][0m
[36m(TaskRunner pid=917056)[0m validation generation end
[36m(TaskRunner pid=917056)[0m test_gen_batch meta info: {'recompute_log_prob': False, 'validate': True, 'global_steps': 25}
[36m(vLLMOmniHttpServer pid=1141758)[0m WARNING 08-02 22:19:52 [async_omni.py:910] [AsyncOmni] reset_prefix_cache not yet supported with Orchestrator process
[36m(vLLMOmniHttpServer pid=1141758)[0m WARNING 08-02 22:19:52 [async_omni.py:892] [AsyncOmni] reset_mm_cache not yet supported with Orchestrator process
[36m(vLLMOmniHttpServer pid=1141755)[0m WARNING 08-02 22:21:37 [async_omni.py:899] [AsyncOmni] reset_encoder_cache not yet supported with Orchestrator process[32m [repeated 2x across cluster][0m
[36m(vLLMOmniHttpServer pid=1141758)[0m WARNING 08-02 22:26:12 [async_omni.py:910] [AsyncOmni] reset_prefix_cache not yet supported with Orchestrator process
[36m(vLLMOmniHttpServer pid=1141758)[0m WARNING 08-02 22:26:12 [async_omni.py:892] [AsyncOmni] reset_mm_cache not yet supported with Orchestrator process
[36m(vLLMOmniHttpServer pid=1141758)[0m WARNING 08-02 22:26:12 [async_omni.py:899] [AsyncOmni] reset_encoder_cache not yet supported with Orchestrator process[32m [repeated 2x across cluster][0m
[36m(TaskRunner pid=917056)[0m validation generation end
[36m(TaskRunner pid=917056)[0m Dumped generations to /data/verl-omni/workspace/val_generations/wan22_5b_t2v_ocr_s150/25.jsonl
[36m(vLLMOmniHttpServer pid=1141755)[0m WARNING 08-02 22:26:12 [async_omni.py:910] [AsyncOmni] reset_prefix_cache not yet supported with Orchestrator process
[36m(vLLMOmniHttpServer pid=1141755)[0m WARNING 08-02 22:26:12 [async_omni.py:892] [AsyncOmni] reset_mm_cache not yet supported with Orchestrator process
[36m(vLLMOmniHttpServer pid=1141755)[0m WARNING 08-02 22:26:12 [async_omni.py:899] [AsyncOmni] reset_encoder_cache not yet supported with Orchestrator process
[36m(TaskRunner pid=917056)[0m step:25 - perf/mfu/actor_infer:0.0 - actor/ppo_kl:np.float64(-3.2014213502407074e-10) - actor/pg_clipfrac:np.float64(0.0) - actor/pg_clipfrac_higher:np.float64(0.0) - actor/pg_clipfrac_lower:np.float64(0.0) - actor/ratio_mean:np.float64(1.0) - actor/ratio_std:np.float64(0.0) - actor/loss:np.float64(-5.960464477539063e-08) - actor/grad_norm:np.float64(0.0015869140625) - actor/lr:np.float64(1e-05) - perf/mfu/actor:np.float64(0.0) - val-core/dance_grpo/ocr/reward/mean@1:np.float64(0.4863443388021551) - val-aux/num_turns/min:np.int32(2) - val-aux/num_turns/max:np.int32(2) - val-aux/num_turns/mean:np.float64(2.0) - training/global_step:25 - training/epoch:0 - critic/rewards/mean:0.3942336142063141 - critic/rewards/max:1.0 - critic/rewards/min:0.0 - critic/advantages/mean:5.960464477539063e-08 - critic/advantages/max:1.020848274230957 - critic/advantages/min:-1.4579355716705322 - critic/returns/mean:5.960464477539063e-08 - critic/returns/max:1.020848274230957 - critic/returns/min:-1.4579355716705322 - critic/rewards/zero_std_ratio:0.0 - critic/rewards/std_mean:0.19427894055843353 - critic/rewards/group_size:8.0 - timing_s/start_profile:0.00013866974040865898 - timing_s/agent_loop/num_preempted/min:np.int64(-1) - timing_s/agent_loop/num_preempted/max:np.int64(-1) - timing_s/agent_loop/num_preempted/mean:np.float64(-1.0) - timing_s/agent_loop/generate_sequences/min:np.float64(8.189056004397571) - timing_s/agent_loop/generate_sequences/max:np.float64(121.4579029972665) - timing_s/agent_loop/generate_sequences/mean:np.float64(104.24609605732257) - timing_s/agent_loop/tool_calls/min:np.float64(0.0) - timing_s/agent_loop/tool_calls/max:np.float64(0.0) - timing_s/agent_loop/tool_calls/mean:np.float64(0.0) - timing_s/agent_loop/compute_score/min:np.float64(0.0) - timing_s/agent_loop/compute_score/max:np.float64(0.0) - timing_s/agent_loop/compute_score/mean:np.float64(0.0) - timing_s/agent_loop/slowest/generate_sequences:np.float64(121.4579029972665) - timing_s/agent_loop/slowest/tool_calls:np.float64(0.0) - timing_s/agent_loop/slowest/compute_score:np.float64(0.0) - timing_s/agent_loop/slowest/num_preempted:np.int64(-1) - timing_s/agent_loop/slowest/prompt_length:48 - timing_s/agent_loop/slowest/response_length:0 - timing_s/gen:136.5981936766766 - timing_s/reward:231.98638999974355 - timing_s/old_log_prob:31.848480482120067 - timing_s/adv:0.0011519030667841434 - timing_s/update_actor:84.04540718439966 - timing_s/save_checkpoint:17.26425100117922 - timing_s/update_weights:2.659245789051056 - timing_s/step:504.4048488130793 - timing_s/testing:2379.203404847998 - timing_s/stop_profile:0.00029890192672610283 - timing_per_image_ms/adv:0.03599697083700448 - timing_per_image_ms/gen:4268.693552396144 - timing_per_image_ms/update_actor:2626.4189745124895 - timing_per_image_ms/old_log_prob:995.2650150662521 - perf/total_num_images:32 - perf/time_per_step:504.4048488130793 - perf/throughput:0.03172055153246401[36m(TaskRunner pid=917056)[0m Training Progress:  17%|█▋        | 26/150 [6:29:46<43:57:00, 1275.97s/it]
[36m(TaskRunner pid=917056)[0m Training Progress:  18%|█▊        | 27/150 [6:40:56<37:23:17, 1094.29s/it]
[36m(TaskRunner pid=917056)[0m Training Progress:  19%|█▊        | 28/150 [6:50:23<31:42:56, 935.87s/it] 

[36m(vLLMOmniHttpServer pid=1141755)[0m WARNING 08-02 22:29:29 [async_omni.py:899] [AsyncOmni] reset_encoder_cache not yet supported with Orchestrator process
[36m(vLLMOmniHttpServer pid=1141755)[0m WARNING 08-02 22:44:17 [async_omni.py:910] [AsyncOmni] reset_prefix_cache not yet supported with Orchestrator process
[36m(vLLMOmniHttpServer pid=1141755)[0m WARNING 08-02 22:44:17 [async_omni.py:892] [AsyncOmni] reset_mm_cache not yet supported with Orchestrator process
[36m(vLLMOmniHttpServer pid=1141755)[0m WARNING 08-02 22:44:17 [async_omni.py:899] [AsyncOmni] reset_encoder_cache not yet supported with Orchestrator process[32m [repeated 2x across cluster][0m
[36m(TaskRunner pid=917056)[0m step:26 - perf/mfu/actor_infer:0.0 - actor/ppo_kl:np.float64(0.0) - actor/pg_clipfrac:np.float64(0.0) - actor/pg_clipfrac_higher:np.float64(0.0) - actor/pg_clipfrac_lower:np.float64(0.0) - actor/ratio_mean:np.float64(1.0) - actor/ratio_std:np.float64(3.0416869023497384e-09) - actor/loss:np.float64(-2.7939677238464355e-08) - actor/grad_norm:np.float64(0.00160980224609375) - actor/lr:np.float64(1e-05) - perf/mfu/actor:np.float64(0.0) - training/global_step:26 - training/epoch:0 - critic/rewards/mean:0.11325453966856003 - critic/rewards/max:0.42500001192092896 - critic/rewards/min:0.0 - critic/advantages/mean:1.862645149230957e-08 - critic/advantages/max:1.3691719770431519 - critic/advantages/min:-1.9559597969055176 - critic/returns/mean:1.862645149230957e-08 - critic/returns/max:1.3691719770431519 - critic/returns/min:-1.9559597969055176 - critic/rewards/zero_std_ratio:0.0 - critic/rewards/std_mean:0.06039123237133026 - critic/rewards/group_size:8.0 - timing_s/start_profile:9.307079017162323e-05 - timing_s/agent_loop/num_preempted/min:np.int64(-1) - timing_s/agent_loop/num_preempted/max:np.int64(-1) - timing_s/agent_loop/num_preempted/mean:np.float64(-1.0) - timing_s/agent_loop/generate_sequences/min:np.float64(7.120098051615059) - timing_s/agent_loop/generate_sequences/max:np.float64(108.75199494790286) - timing_s/agent_loop/generate_sequences/mean:np.float64(96.36596018781711) - timing_s/agent_loop/tool_calls/min:np.float64(0.0) - timing_s/agent_loop/tool_calls/max:np.float64(0.0) - timing_s/agent_loop/tool_calls/mean:np.float64(0.0) - timing_s/agent_loop/compute_score/min:np.float64(0.0) - timing_s/agent_loop/compute_score/max:np.float64(0.0) - timing_s/agent_loop/compute_score/mean:np.float64(0.0) - timing_s/agent_loop/slowest/generate_sequences:np.float64(108.75199494790286) - timing_s/agent_loop/slowest/tool_calls:np.float64(0.0) - timing_s/agent_loop/slowest/compute_score:np.float64(0.0) - timing_s/agent_loop/slowest/num_preempted:np.int64(-1) - timing_s/agent_loop/slowest/prompt_length:57 - timing_s/agent_loop/slowest/response_length:0 - timing_s/gen:123.1010896442458 - timing_s/reward:770.0012493771501 - timing_s/old_log_prob:30.8989153560251 - timing_s/adv:0.002614045049995184 - timing_s/update_actor:83.85852082306519 - timing_s/update_weights:2.8485641293227673 - timing_s/step:1010.7139419391751 - timing_s/stop_profile:0.00010484084486961365 - timing_per_image_ms/adv:0.0816889078123495 - timing_per_image_ms/gen:3846.9090513826814 - timing_per_image_ms/update_actor:2620.5787757207872 - timing_per_image_ms/old_log_prob:965.5911048757844 - perf/total_num_images:32 - perf/time_per_step:1010.7139419391751 - perf/throughput:0.015830394076984923
[36m(vLLMOmniHttpServer pid=1141758)[0m WARNING 08-02 22:44:17 [async_omni.py:910] [AsyncOmni] reset_prefix_cache not yet supported with Orchestrator process
[36m(vLLMOmniHttpServer pid=1141758)[0m WARNING 08-02 22:44:17 [async_omni.py:892] [AsyncOmni] reset_mm_cache not yet supported with Orchestrator process
[36m(vLLMOmniHttpServer pid=1141758)[0m WARNING 08-02 22:46:20 [async_omni.py:899] [AsyncOmni] reset_encoder_cache not yet supported with Orchestrator process[32m [repeated 2x across cluster][0m
[36m(vLLMOmniHttpServer pid=1141755)[0m WARNING 08-02 22:55:27 [async_omni.py:910] [AsyncOmni] reset_prefix_cache not yet supported with Orchestrator process
[36m(vLLMOmniHttpServer pid=1141755)[0m WARNING 08-02 22:55:27 [async_omni.py:892] [AsyncOmni] reset_mm_cache not yet supported with Orchestrator process
[36m(vLLMOmniHttpServer pid=1141755)[0m WARNING 08-02 22:55:27 [async_omni.py:899] [AsyncOmni] reset_encoder_cache not yet supported with Orchestrator process[32m [repeated 2x across cluster][0m
[36m(TaskRunner pid=917056)[0m step:27 - perf/mfu/actor_infer:0.0 - actor/ppo_kl:np.float64(-1.4842953532934189e-09) - actor/pg_clipfrac:np.float64(0.0) - actor/pg_clipfrac_higher:np.float64(0.0) - actor/pg_clipfrac_lower:np.float64(0.0) - actor/ratio_mean:np.float64(1.0) - actor/ratio_std:np.float64(0.0) - actor/loss:np.float64(5.98374754190445e-08) - actor/grad_norm:np.float64(0.00177764892578125) - actor/lr:np.float64(1e-05) - perf/mfu/actor:np.float64(0.0) - training/global_step:27 - training/epoch:0 - critic/rewards/mean:0.3969852328300476 - critic/rewards/max:1.0 - critic/rewards/min:0.0 - critic/advantages/mean:-5.587935447692871e-08 - critic/advantages/max:0.6781773567199707 - critic/advantages/min:-1.466755747795105 - critic/returns/mean:-5.587935447692871e-08 - critic/returns/max:0.6781773567199707 - critic/returns/min:-1.466755747795105 - critic/rewards/zero_std_ratio:0.0 - critic/rewards/std_mean:0.12766538560390472 - critic/rewards/group_size:8.0 - timing_s/start_profile:0.00016322312876582146 - timing_s/agent_loop/num_preempted/min:np.int64(-1) - timing_s/agent_loop/num_preempted/max:np.int64(-1) - timing_s/agent_loop/num_preempted/mean:np.float64(-1.0) - timing_s/agent_loop/generate_sequences/min:np.float64(7.243680890649557) - timing_s/agent_loop/generate_sequences/max:np.float64(108.94389931624755) - timing_s/agent_loop/generate_sequences/mean:np.float64(101.62311254205997) - timing_s/agent_loop/tool_calls/min:np.float64(0.0) - timing_s/agent_loop/tool_calls/max:np.float64(0.0) - timing_s/agent_loop/tool_calls/mean:np.float64(0.0) - timing_s/agent_loop/compute_score/min:np.float64(0.0) - timing_s/agent_loop/compute_score/max:np.float64(0.0) - timing_s/agent_loop/compute_score/mean:np.float64(0.0) - timing_s/agent_loop/slowest/generate_sequences:np.float64(108.94389931624755) - timing_s/agent_loop/slowest/tool_calls:np.float64(0.0) - timing_s/agent_loop/slowest/compute_score:np.float64(0.0) - timing_s/agent_loop/slowest/num_preempted:np.int64(-1) - timing_s/agent_loop/slowest/prompt_length:61 - timing_s/agent_loop/slowest/response_length:0 - timing_s/gen:123.29112312709913 - timing_s/reward:430.2147552939132 - timing_s/old_log_prob:30.9068086380139 - timing_s/adv:0.001528147142380476 - timing_s/update_actor:82.5764637333341 - timing_s/update_weights:3.2141783740371466 - timing_s/step:670.2075662808493 - timing_s/stop_profile:0.00012444891035556793 - timing_per_image_ms/adv:0.047754598199389875 - timing_per_image_ms/gen:3852.8475977218477 - timing_per_image_ms/update_actor:2580.5144916666904 - timing_per_image_ms/old_log_prob:965.8377699379344 - perf/total_num_images:32 - perf/time_per_step:670.2075662808493 - perf/throughput:0.02387320108722143
[36m(vLLMOmniHttpServer pid=1141758)[0m WARNING 08-02 22:55:27 [async_omni.py:910] [AsyncOmni] reset_prefix_cache not yet supported with Orchestrator process
[36m(vLLMOmniHttpServer pid=1141758)[0m WARNING 08-02 22:55:27 [async_omni.py:892] [AsyncOmni] reset_mm_cache not yet supported with Orchestrator process
[36m(vLLMOmniHttpServer pid=1141755)[0m WARNING 08-02 22:57:31 [async_omni.py:899] [AsyncOmni] reset_encoder_cache not yet supported with Orchestrator process[32m [repeated 2x across cluster][0m
[36m(vLLMOmniHttpServer pid=1141755)[0m WARNING 08-02 23:04:53 [async_omni.py:910] [AsyncOmni] reset_prefix_cache not yet supported with Orchestrator process
[36m(vLLMOmniHttpServer pid=1141755)[0m WARNING 08-02 23:04:53 [async_omni.py:892] [AsyncOmni] reset_mm_cache not yet supported with Orchestrator process
[36m(vLLMOmniHttpServer pid=1141755)[0m WARNING 08-02 23:04:53 [async_omni.py:899] [AsyncOmni] reset_encoder_cache not yet supported with Orchestrator process[32m [repeated 2x across cluster][0m
[36m(TaskRunner pid=917056)[0m step:28 - perf/mfu/actor_infer:0.0 - actor/ppo_kl:np.float64(4.656612873077393e-10) - actor/pg_clipfrac:np.float64(0.0) - actor/pg_clipfrac_higher:np.float64(0.0) - actor/pg_clipfrac_lower:np.float64(0.0) - actor/ratio_mean:np.float64(1.0) - actor/ratio_std:np.float64(0.0) - actor/loss:np.float64(-9.313225746154785e-09) - actor/grad_norm:np.float64(0.0016632080078125) - actor/lr:np.float64(1e-05) - perf/mfu/actor:np.float64(0.0) - training/global_step:28 - training/epoch:0 - critic/rewards/mean:0.24909228086471558 - critic/rewards/max:1.0 - critic/rewards/min:0.0 - critic/advantages/mean:0.0 - critic/advantages/max:1.2950488328933716 - critic/advantages/min:-2.1427173614501953 - critic/returns/mean:0.0 - critic/returns/max:1.2950488328933716 - critic/returns/min:-2.1427173614501953 - critic/rewards/zero_std_ratio:0.0 - critic/rewards/std_mean:0.1265123188495636 - critic/rewards/group_size:8.0 - timing_s/start_profile:0.000162424985319376 - timing_s/agent_loop/num_preempted/min:np.int64(-1) - timing_s/agent_loop/num_preempted/max:np.int64(-1) - timing_s/agent_loop/num_preempted/mean:np.float64(-1.0) - timing_s/agent_loop/generate_sequences/min:np.float64(7.2301563010551035) - timing_s/agent_loop/generate_sequences/max:np.float64(108.42182883806527) - timing_s/agent_loop/generate_sequences/mean:np.float64(101.09142109066306) - timing_s/agent_loop/tool_calls/min:np.float64(0.0) - timing_s/agent_loop/tool_calls/max:np.float64(0.0) - timing_s/agent_loop/tool_calls/mean:np.float64(0.0) - timing_s/agent_loop/compute_score/min:np.float64(0.0) - timing_s/agent_loop/compute_score/max:np.float64(0.0) - timing_s/agent_loop/compute_score/mean:np.float64(0.0) - timing_s/agent_loop/slowest/generate_sequences:np.float64(108.42182883806527) - timing_s/agent_loop/slowest/tool_calls:np.float64(0.0) - timing_s/agent_loop/slowest/compute_score:np.float64(0.0) - timing_s/agent_loop/slowest/num_preempted:np.int64(-1) - timing_s/agent_loop/slowest/prompt_length:54 - timing_s/agent_loop/slowest/response_length:0 - timing_s/gen:123.00882520899177 - timing_s/reward:324.94745362829417 - timing_s/old_log_prob:30.402384493034333 - timing_s/adv:0.001753899734467268 - timing_s/update_actor:84.47820487292483 - timing_s/update_weights:3.2031433349475265 - timing_s/step:566.0445642010309 - timing_s/stop_profile:0.00010571721941232681 - timing_per_image_ms/adv:0.054809366702102125 - timing_per_image_ms/gen:3844.0257877809927 - timing_per_image_ms/update_actor:2639.943902278901 - timing_per_image_ms/old_log_prob:950.0745154073229 - perf/total_num_images:32 - perf/time_per_step:566.0445642010309 - perf/throughput:0.028266325678056675[36m(TaskRunner pid=917056)[0m Training Progress:  19%|█▉        | 29/150 [6:57:26<26:17:10, 782.07s/it]
[36m(TaskRunner pid=917056)[0m Training Progress:  20%|██        | 30/150 [7:06:39<23:46:43, 713.36s/it]

[36m(vLLMOmniHttpServer pid=1141758)[0m WARNING 08-02 23:04:53 [async_omni.py:910] [AsyncOmni] reset_prefix_cache not yet supported with Orchestrator process
[36m(vLLMOmniHttpServer pid=1141758)[0m WARNING 08-02 23:04:53 [async_omni.py:892] [AsyncOmni] reset_mm_cache not yet supported with Orchestrator process
[36m(vLLMOmniHttpServer pid=1141755)[0m WARNING 08-02 23:06:56 [async_omni.py:899] [AsyncOmni] reset_encoder_cache not yet supported with Orchestrator process[32m [repeated 2x across cluster][0m
[36m(vLLMOmniHttpServer pid=1141755)[0m WARNING 08-02 23:11:57 [async_omni.py:910] [AsyncOmni] reset_prefix_cache not yet supported with Orchestrator process
[36m(vLLMOmniHttpServer pid=1141755)[0m WARNING 08-02 23:11:57 [async_omni.py:892] [AsyncOmni] reset_mm_cache not yet supported with Orchestrator process
[36m(vLLMOmniHttpServer pid=1141755)[0m WARNING 08-02 23:11:57 [async_omni.py:899] [AsyncOmni] reset_encoder_cache not yet supported with Orchestrator process[32m [repeated 2x across cluster][0m
[36m(TaskRunner pid=917056)[0m step:29 - perf/mfu/actor_infer:0.0 - actor/ppo_kl:np.float64(9.313225746154785e-10) - actor/pg_clipfrac:np.float64(0.0) - actor/pg_clipfrac_higher:np.float64(0.0) - actor/pg_clipfrac_lower:np.float64(0.0) - actor/ratio_mean:np.float64(1.0) - actor/ratio_std:np.float64(0.0) - actor/loss:np.float64(7.636845111846924e-08) - actor/grad_norm:np.float64(0.007171630859375) - actor/lr:np.float64(1e-05) - perf/mfu/actor:np.float64(0.0) - training/global_step:29 - training/epoch:0 - critic/rewards/mean:0.46289828419685364 - critic/rewards/max:0.9176470637321472 - critic/rewards/min:0.0 - critic/advantages/mean:-7.729977369308472e-08 - critic/advantages/max:1.1182456016540527 - critic/advantages/min:-0.756460428237915 - critic/returns/mean:-7.729977369308472e-08 - critic/returns/max:1.1182456016540527 - critic/returns/min:-0.756460428237915 - critic/rewards/zero_std_ratio:0.0 - critic/rewards/std_mean:0.10082320123910904 - critic/rewards/group_size:8.0 - timing_s/start_profile:0.00017736619338393211 - timing_s/agent_loop/num_preempted/min:np.int64(-1) - timing_s/agent_loop/num_preempted/max:np.int64(-1) - timing_s/agent_loop/num_preempted/mean:np.float64(-1.0) - timing_s/agent_loop/generate_sequences/min:np.float64(7.10696066217497) - timing_s/agent_loop/generate_sequences/max:np.float64(108.68175844894722) - timing_s/agent_loop/generate_sequences/mean:np.float64(98.74173022151808) - timing_s/agent_loop/tool_calls/min:np.float64(0.0) - timing_s/agent_loop/tool_calls/max:np.float64(0.0) - timing_s/agent_loop/tool_calls/mean:np.float64(0.0) - timing_s/agent_loop/compute_score/min:np.float64(0.0) - timing_s/agent_loop/compute_score/max:np.float64(0.0) - timing_s/agent_loop/compute_score/mean:np.float64(0.0) - timing_s/agent_loop/slowest/generate_sequences:np.float64(108.68175844894722) - timing_s/agent_loop/slowest/tool_calls:np.float64(0.0) - timing_s/agent_loop/slowest/compute_score:np.float64(0.0) - timing_s/agent_loop/slowest/num_preempted:np.int64(-1) - timing_s/agent_loop/slowest/prompt_length:38 - timing_s/agent_loop/slowest/response_length:0 - timing_s/gen:121.84099125908688 - timing_s/reward:182.8331319419667 - timing_s/old_log_prob:31.602797565050423 - timing_s/adv:0.001225573942065239 - timing_s/update_actor:83.74204379599541 - timing_s/update_weights:3.0012978790327907 - timing_s/step:423.02345892228186 - timing_s/stop_profile:8.837413042783737e-05 - timing_per_image_ms/adv:0.03829918568953872 - timing_per_image_ms/gen:3807.530976846465 - timing_per_image_ms/update_actor:2616.9388686248567 - timing_per_image_ms/old_log_prob:987.5874239078257 - perf/total_num_images:32 - perf/time_per_step:423.02345892228186 - perf/throughput:0.037822961499020626
[36m(vLLMOmniHttpServer pid=1141758)[0m WARNING 08-02 23:11:56 [async_omni.py:910] [AsyncOmni] reset_prefix_cache not yet supported with Orchestrator process
[36m(vLLMOmniHttpServer pid=1141758)[0m WARNING 08-02 23:11:56 [async_omni.py:892] [AsyncOmni] reset_mm_cache not yet supported with Orchestrator process
[36m(vLLMOmniHttpServer pid=1141755)[0m WARNING 08-02 23:14:00 [async_omni.py:899] [AsyncOmni] reset_encoder_cache not yet supported with Orchestrator process[32m [repeated 2x across cluster][0m
[36m(vLLMOmniHttpServer pid=1141758)[0m WARNING 08-02 23:21:09 [async_omni.py:910] [AsyncOmni] reset_prefix_cache not yet supported with Orchestrator process
[36m(vLLMOmniHttpServer pid=1141758)[0m WARNING 08-02 23:21:09 [async_omni.py:892] [AsyncOmni] reset_mm_cache not yet supported with Orchestrator process
[36m(vLLMOmniHttpServer pid=1141758)[0m WARNING 08-02 23:21:09 [async_omni.py:899] [AsyncOmni] reset_encoder_cache not yet supported with Orchestrator process[32m [repeated 2x across cluster][0m
[36m(TaskRunner pid=917056)[0m step:30 - perf/mfu/actor_infer:0.0 - actor/ppo_kl:np.float64(-1.076841726899147e-09) - actor/pg_clipfrac:np.float64(0.0) - actor/pg_clipfrac_higher:np.float64(0.0) - actor/pg_clipfrac_lower:np.float64(0.0) - actor/ratio_mean:np.float64(1.0) - actor/ratio_std:np.float64(0.0) - actor/loss:np.float64(-5.029141902923584e-08) - actor/grad_norm:np.float64(0.0019378662109375) - actor/lr:np.float64(1e-05) - perf/mfu/actor:np.float64(0.0) - training/global_step:30 - training/epoch:0 - critic/rewards/mean:0.6157171130180359 - critic/rewards/max:1.0 - critic/rewards/min:0.0 - critic/advantages/mean:4.6566128730773926e-08 - critic/advantages/max:1.4837065935134888 - critic/advantages/min:-1.4701647758483887 - critic/returns/mean:4.6566128730773926e-08 - critic/returns/max:1.4837065935134888 - critic/returns/min:-1.4701647758483887 - critic/rewards/zero_std_ratio:0.0 - critic/rewards/std_mean:0.2040434032678604 - critic/rewards/group_size:8.0 - timing_s/start_profile:0.000148773193359375 - timing_s/agent_loop/num_preempted/min:np.int64(-1) - timing_s/agent_loop/num_preempted/max:np.int64(-1) - timing_s/agent_loop/num_preempted/mean:np.float64(-1.0) - timing_s/agent_loop/generate_sequences/min:np.float64(7.24554555490613) - timing_s/agent_loop/generate_sequences/max:np.float64(109.03797750687227) - timing_s/agent_loop/generate_sequences/mean:np.float64(101.37116295508167) - timing_s/agent_loop/tool_calls/min:np.float64(0.0) - timing_s/agent_loop/tool_calls/max:np.float64(0.0) - timing_s/agent_loop/tool_calls/mean:np.float64(0.0) - timing_s/agent_loop/compute_score/min:np.float64(0.0) - timing_s/agent_loop/compute_score/max:np.float64(0.0) - timing_s/agent_loop/compute_score/mean:np.float64(0.0) - timing_s/agent_loop/slowest/generate_sequences:np.float64(109.03797750687227) - timing_s/agent_loop/slowest/tool_calls:np.float64(0.0) - timing_s/agent_loop/slowest/compute_score:np.float64(0.0) - timing_s/agent_loop/slowest/num_preempted:np.int64(-1) - timing_s/agent_loop/slowest/prompt_length:55 - timing_s/agent_loop/slowest/response_length:0 - timing_s/gen:122.5283982292749 - timing_s/reward:312.8886442198418 - timing_s/old_log_prob:30.867950906977057 - timing_s/adv:0.0013366560451686382 - timing_s/update_actor:83.32406681403518 - timing_s/update_weights:3.2102360860444605 - timing_s/step:552.8234214251861 - timing_s/stop_profile:0.00010772794485092163 - timing_per_image_ms/adv:0.041770501411519945 - timing_per_image_ms/gen:3829.0124446648406 - timing_per_image_ms/update_actor:2603.8770879385993 - timing_per_image_ms/old_log_prob:964.623465843033 - perf/total_num_images:32 - perf/time_per_step:552.8234214251861 - perf/throughput:0.02894233380841895
[36m(vLLMOmniHttpServer pid=1141755)[0m WARNING 08-02 23:21:10 [async_omni.py:910] [AsyncOmni] reset_prefix_cache not yet supported with Orchestrator process
[36m(vLLMOmniHttpServer pid=1141755)[0m WARNING 08-02 23:21:10 [async_omni.py:892] [AsyncOmni] reset_mm_cache not yet supported with Orchestrator process
[36m(vLLMOmniHttpServer pid=1141755)[0m WARNING 08-02 23:23:12 [async_omni.py:899] [AsyncOmni] reset_encoder_cache not yet supported with Orchestrator process[32m [repeated 2x across cluster][0m
[36m(vLLMOmniHttpServer pid=1141755)[0m WARNING 08-02 23:28:14 [async_omni.py:910] [AsyncOmni] reset_prefix_cache not yet supported with Orchestrator process
[36m(vLLMOmniHttpServer pid=1141755)[0m WARNING 08-02 23:28:14 [async_omni.py:892] [AsyncOmni] reset_mm_cache not yet supported with Orchestrator process[36m(TaskRunner pid=917056)[0m Training Progress:  21%|██        | 31/150 [7:13:43<20:42:55, 626.68s/it]
[36m(TaskRunner pid=917056)[0m Training Progress:  21%|██▏       | 32/150 [7:21:28<18:56:37, 577.95s/it]
[36m(TaskRunner pid=917056)[0m Training Progress:  22%|██▏       | 33/150 [7:29:11<17:39:43, 543.45s/it]

[36m(vLLMOmniHttpServer pid=1141755)[0m WARNING 08-02 23:28:14 [async_omni.py:899] [AsyncOmni] reset_encoder_cache not yet supported with Orchestrator process[32m [repeated 2x across cluster][0m
[36m(TaskRunner pid=917056)[0m step:31 - perf/mfu/actor_infer:0.0 - actor/ppo_kl:np.float64(5.820766091346741e-11) - actor/pg_clipfrac:np.float64(0.0) - actor/pg_clipfrac_higher:np.float64(0.0) - actor/pg_clipfrac_lower:np.float64(0.0) - actor/ratio_mean:np.float64(1.0) - actor/ratio_std:np.float64(0.0) - actor/loss:np.float64(-3.91155481338501e-08) - actor/grad_norm:np.float64(0.00136566162109375) - actor/lr:np.float64(1e-05) - perf/mfu/actor:np.float64(0.0) - training/global_step:31 - training/epoch:0 - critic/rewards/mean:0.5229662656784058 - critic/rewards/max:1.0 - critic/rewards/min:0.0 - critic/advantages/mean:4.842877388000488e-08 - critic/advantages/max:1.17442786693573 - critic/advantages/min:-1.5558241605758667 - critic/returns/mean:4.842877388000488e-08 - critic/returns/max:1.17442786693573 - critic/returns/min:-1.5558241605758667 - critic/rewards/zero_std_ratio:0.0 - critic/rewards/std_mean:0.2156057506799698 - critic/rewards/group_size:8.0 - timing_s/start_profile:0.0001567811705172062 - timing_s/agent_loop/num_preempted/min:np.int64(-1) - timing_s/agent_loop/num_preempted/max:np.int64(-1) - timing_s/agent_loop/num_preempted/mean:np.float64(-1.0) - timing_s/agent_loop/generate_sequences/min:np.float64(7.279173607937992) - timing_s/agent_loop/generate_sequences/max:np.float64(108.76185621321201) - timing_s/agent_loop/generate_sequences/mean:np.float64(101.28160774926073) - timing_s/agent_loop/tool_calls/min:np.float64(0.0) - timing_s/agent_loop/tool_calls/max:np.float64(0.0) - timing_s/agent_loop/tool_calls/mean:np.float64(0.0) - timing_s/agent_loop/compute_score/min:np.float64(0.0) - timing_s/agent_loop/compute_score/max:np.float64(0.0) - timing_s/agent_loop/compute_score/mean:np.float64(0.0) - timing_s/agent_loop/slowest/generate_sequences:np.float64(108.76185621321201) - timing_s/agent_loop/slowest/tool_calls:np.float64(0.0) - timing_s/agent_loop/slowest/compute_score:np.float64(0.0) - timing_s/agent_loop/slowest/num_preempted:np.int64(-1) - timing_s/agent_loop/slowest/prompt_length:48 - timing_s/agent_loop/slowest/response_length:0 - timing_s/gen:122.31026205606759 - timing_s/reward:183.63766511389986 - timing_s/old_log_prob:31.618419638834894 - timing_s/adv:0.0017018988728523254 - timing_s/update_actor:83.47300749411806 - timing_s/update_weights:3.184585207607597 - timing_s/step:424.2277028649114 - timing_s/stop_profile:0.00011000689119100571 - timing_per_image_ms/adv:0.05318433977663517 - timing_per_image_ms/gen:3822.195689252112 - timing_per_image_ms/update_actor:2608.5314841911895 - timing_per_image_ms/old_log_prob:988.0756137135904 - perf/total_num_images:32 - perf/time_per_step:424.2277028649114 - perf/throughput:0.03771559446011697
[36m(vLLMOmniHttpServer pid=1141758)[0m WARNING 08-02 23:28:14 [async_omni.py:910] [AsyncOmni] reset_prefix_cache not yet supported with Orchestrator process
[36m(vLLMOmniHttpServer pid=1141758)[0m WARNING 08-02 23:28:14 [async_omni.py:892] [AsyncOmni] reset_mm_cache not yet supported with Orchestrator process
[36m(vLLMOmniHttpServer pid=1141755)[0m WARNING 08-02 23:30:17 [async_omni.py:899] [AsyncOmni] reset_encoder_cache not yet supported with Orchestrator process[32m [repeated 2x across cluster][0m
[36m(vLLMOmniHttpServer pid=1141755)[0m WARNING 08-02 23:35:58 [async_omni.py:910] [AsyncOmni] reset_prefix_cache not yet supported with Orchestrator process
[36m(vLLMOmniHttpServer pid=1141755)[0m WARNING 08-02 23:35:58 [async_omni.py:892] [AsyncOmni] reset_mm_cache not yet supported with Orchestrator process
[36m(vLLMOmniHttpServer pid=1141755)[0m WARNING 08-02 23:35:58 [async_omni.py:899] [AsyncOmni] reset_encoder_cache not yet supported with Orchestrator process[32m [repeated 2x across cluster][0m
[36m(TaskRunner pid=917056)[0m step:32 - perf/mfu/actor_infer:0.0 - actor/ppo_kl:np.float64(-6.693881005048752e-10) - actor/pg_clipfrac:np.float64(0.0) - actor/pg_clipfrac_higher:np.float64(0.0) - actor/pg_clipfrac_lower:np.float64(0.0) - actor/ratio_mean:np.float64(1.0) - actor/ratio_std:np.float64(0.0) - actor/loss:np.float64(1.862645149230957e-08) - actor/grad_norm:np.float64(0.001373291015625) - actor/lr:np.float64(1e-05) - perf/mfu/actor:np.float64(0.0) - training/global_step:32 - training/epoch:0 - critic/rewards/mean:0.47458332777023315 - critic/rewards/max:1.0 - critic/rewards/min:0.0 - critic/advantages/mean:-1.4901161193847656e-08 - critic/advantages/max:1.5450242757797241 - critic/advantages/min:-1.3605438470840454 - critic/returns/mean:-1.4901161193847656e-08 - critic/returns/max:1.5450242757797241 - critic/returns/min:-1.3605438470840454 - critic/rewards/zero_std_ratio:0.0 - critic/rewards/std_mean:0.1529569774866104 - critic/rewards/group_size:8.0 - timing_s/start_profile:0.00014588376507163048 - timing_s/agent_loop/num_preempted/min:np.int64(-1) - timing_s/agent_loop/num_preempted/max:np.int64(-1) - timing_s/agent_loop/num_preempted/mean:np.float64(-1.0) - timing_s/agent_loop/generate_sequences/min:np.float64(7.136459708213806) - timing_s/agent_loop/generate_sequences/max:np.float64(108.62768845586106) - timing_s/agent_loop/generate_sequences/mean:np.float64(94.22984885812912) - timing_s/agent_loop/tool_calls/min:np.float64(0.0) - timing_s/agent_loop/tool_calls/max:np.float64(0.0) - timing_s/agent_loop/tool_calls/mean:np.float64(0.0) - timing_s/agent_loop/compute_score/min:np.float64(0.0) - timing_s/agent_loop/compute_score/max:np.float64(0.0) - timing_s/agent_loop/compute_score/mean:np.float64(0.0) - timing_s/agent_loop/slowest/generate_sequences:np.float64(108.62768845586106) - timing_s/agent_loop/slowest/tool_calls:np.float64(0.0) - timing_s/agent_loop/slowest/compute_score:np.float64(0.0) - timing_s/agent_loop/slowest/num_preempted:np.int64(-1) - timing_s/agent_loop/slowest/prompt_length:51 - timing_s/agent_loop/slowest/response_length:0 - timing_s/gen:122.41708370205015 - timing_s/reward:224.48983947979286 - timing_s/old_log_prob:31.104763681069016 - timing_s/adv:0.0015053022652864456 - timing_s/update_actor:82.96180421998724 - timing_s/update_weights:3.048184863757342 - timing_s/step:464.0252852868289 - timing_s/stop_profile:0.00010814378038048744 - timing_per_image_ms/adv:0.047040695790201426 - timing_per_image_ms/gen:3825.533865689067 - timing_per_image_ms/update_actor:2592.5563818746014 - timing_per_image_ms/old_log_prob:972.0238650334068 - perf/total_num_images:32 - perf/time_per_step:464.0252852868289 - perf/throughput:0.034480879614372496
[36m(vLLMOmniHttpServer pid=1141758)[0m WARNING 08-02 23:35:58 [async_omni.py:910] [AsyncOmni] reset_prefix_cache not yet supported with Orchestrator process
[36m(vLLMOmniHttpServer pid=1141758)[0m WARNING 08-02 23:35:58 [async_omni.py:892] [AsyncOmni] reset_mm_cache not yet supported with Orchestrator process
[36m(vLLMOmniHttpServer pid=1141755)[0m WARNING 08-02 23:38:02 [async_omni.py:899] [AsyncOmni] reset_encoder_cache not yet supported with Orchestrator process[32m [repeated 2x across cluster][0m
[36m(vLLMOmniHttpServer pid=1141755)[0m WARNING 08-02 23:43:41 [async_omni.py:910] [AsyncOmni] reset_prefix_cache not yet supported with Orchestrator process
[36m(vLLMOmniHttpServer pid=1141755)[0m WARNING 08-02 23:43:41 [async_omni.py:892] [AsyncOmni] reset_mm_cache not yet supported with Orchestrator process
[36m(vLLMOmniHttpServer pid=1141755)[0m WARNING 08-02 23:43:41 [async_omni.py:899] [AsyncOmni] reset_encoder_cache not yet supported with Orchestrator process[32m [repeated 2x across cluster][0m
[36m(TaskRunner pid=917056)[0m step:33 - perf/mfu/actor_infer:0.0 - actor/ppo_kl:np.float64(-1.1059455573558807e-09) - actor/pg_clipfrac:np.float64(0.0) - actor/pg_clipfrac_higher:np.float64(0.0) - actor/pg_clipfrac_lower:np.float64(0.0) - actor/ratio_mean:np.float64(1.0) - actor/ratio_std:np.float64(0.0) - actor/loss:np.float64(-6.332993507385254e-08) - actor/grad_norm:np.float64(0.0016937255859375) - actor/lr:np.float64(1e-05) - perf/mfu/actor:np.float64(0.0) - training/global_step:33 - training/epoch:0 - critic/rewards/mean:0.4261351227760315 - critic/rewards/max:1.0 - critic/rewards/min:0.0 - critic/advantages/mean:6.891787052154541e-08 - critic/advantages/max:1.288865089416504 - critic/advantages/min:-1.3054957389831543 - critic/returns/mean:6.891787052154541e-08 - critic/returns/max:1.288865089416504 - critic/returns/min:-1.3054957389831543 - critic/rewards/zero_std_ratio:0.0 - critic/rewards/std_mean:0.1725931167602539 - critic/rewards/group_size:8.0 - timing_s/start_profile:0.00014685513451695442 - timing_s/agent_loop/num_preempted/min:np.int64(-1) - timing_s/agent_loop/num_preempted/max:np.int64(-1) - timing_s/agent_loop/num_preempted/mean:np.float64(-1.0) - timing_s/agent_loop/generate_sequences/min:np.float64(7.080665555782616) - timing_s/agent_loop/generate_sequences/max:np.float64(108.70392876397818) - timing_s/agent_loop/generate_sequences/mean:np.float64(98.50257813358621) - timing_s/agent_loop/tool_calls/min:np.float64(0.0) - timing_s/agent_loop/tool_calls/max:np.float64(0.0) - timing_s/agent_loop/tool_calls/mean:np.float64(0.0) - timing_s/agent_loop/compute_score/min:np.float64(0.0) - timing_s/agent_loop/compute_score/max:np.float64(0.0) - timing_s/agent_loop/compute_score/mean:np.float64(0.0) - timing_s/agent_loop/slowest/generate_sequences:np.float64(108.70392876397818) - timing_s/agent_loop/slowest/tool_calls:np.float64(0.0) - timing_s/agent_loop/slowest/compute_score:np.float64(0.0) - timing_s/agent_loop/slowest/num_preempted:np.int64(-1) - timing_s/agent_loop/slowest/prompt_length:44 - timing_s/agent_loop/slowest/response_length:0 - timing_s/gen:122.64450761210173 - timing_s/reward:222.74356357287616 - timing_s/old_log_prob:30.81499736290425 - timing_s/adv:0.0014123800210654736 - timing_s/update_actor:83.59561592200771 - timing_s/update_weights:2.944913173560053 - timing_s/step:462.74713859707117 - timing_s/stop_profile:0.00011055963113904 - timing_per_image_ms/adv:0.04413687565829605 - timing_per_image_ms/gen:3832.640862878179 - timing_per_image_ms/update_actor:2612.362997562741 - timing_per_image_ms/old_log_prob:962.9686675907578 - perf/total_num_images:32 - perf/time_per_step:462.74713859707117 - perf/throughput:0.03457611871681764[36m(TaskRunner pid=917056)[0m Training Progress:  23%|██▎       | 34/150 [7:36:35<16:33:27, 513.86s/it]
[36m(TaskRunner pid=917056)[0m Training Progress:  23%|██▎       | 35/150 [7:50:35<19:32:23, 611.69s/it]

[36m(vLLMOmniHttpServer pid=1141758)[0m WARNING 08-02 23:43:41 [async_omni.py:910] [AsyncOmni] reset_prefix_cache not yet supported with Orchestrator process
[36m(vLLMOmniHttpServer pid=1141758)[0m WARNING 08-02 23:43:41 [async_omni.py:892] [AsyncOmni] reset_mm_cache not yet supported with Orchestrator process
[36m(vLLMOmniHttpServer pid=1141755)[0m WARNING 08-02 23:45:44 [async_omni.py:899] [AsyncOmni] reset_encoder_cache not yet supported with Orchestrator process[32m [repeated 2x across cluster][0m
[36m(vLLMOmniHttpServer pid=1141755)[0m WARNING 08-02 23:51:06 [async_omni.py:910] [AsyncOmni] reset_prefix_cache not yet supported with Orchestrator process
[36m(vLLMOmniHttpServer pid=1141755)[0m WARNING 08-02 23:51:06 [async_omni.py:892] [AsyncOmni] reset_mm_cache not yet supported with Orchestrator process
[36m(vLLMOmniHttpServer pid=1141755)[0m WARNING 08-02 23:51:06 [async_omni.py:899] [AsyncOmni] reset_encoder_cache not yet supported with Orchestrator process[32m [repeated 2x across cluster][0m
[36m(TaskRunner pid=917056)[0m step:34 - perf/mfu/actor_infer:0.0 - actor/ppo_kl:np.float64(6.402842700481415e-10) - actor/pg_clipfrac:np.float64(0.0) - actor/pg_clipfrac_higher:np.float64(0.0) - actor/pg_clipfrac_lower:np.float64(0.0) - actor/ratio_mean:np.float64(1.0) - actor/ratio_std:np.float64(0.0) - actor/loss:np.float64(6.705522537231445e-08) - actor/grad_norm:np.float64(0.0028839111328125) - actor/lr:np.float64(1e-05) - perf/mfu/actor:np.float64(0.0) - training/global_step:34 - training/epoch:0 - critic/rewards/mean:0.563709020614624 - critic/rewards/max:0.9846153855323792 - critic/rewards/min:0.0 - critic/advantages/mean:-7.636845111846924e-08 - critic/advantages/max:1.4228869676589966 - critic/advantages/min:-2.158045530319214 - critic/returns/mean:-7.636845111846924e-08 - critic/returns/max:1.4228869676589966 - critic/returns/min:-2.158045530319214 - critic/rewards/zero_std_ratio:0.0 - critic/rewards/std_mean:0.1742372363805771 - critic/rewards/group_size:8.0 - timing_s/start_profile:0.00017581507563591003 - timing_s/agent_loop/num_preempted/min:np.int64(-1) - timing_s/agent_loop/num_preempted/max:np.int64(-1) - timing_s/agent_loop/num_preempted/mean:np.float64(-1.0) - timing_s/agent_loop/generate_sequences/min:np.float64(7.234903764910996) - timing_s/agent_loop/generate_sequences/max:np.float64(109.11267546890303) - timing_s/agent_loop/generate_sequences/mean:np.float64(101.77746838597523) - timing_s/agent_loop/tool_calls/min:np.float64(0.0) - timing_s/agent_loop/tool_calls/max:np.float64(0.0) - timing_s/agent_loop/tool_calls/mean:np.float64(0.0) - timing_s/agent_loop/compute_score/min:np.float64(0.0) - timing_s/agent_loop/compute_score/max:np.float64(0.0) - timing_s/agent_loop/compute_score/mean:np.float64(0.0) - timing_s/agent_loop/slowest/generate_sequences:np.float64(109.11267546890303) - timing_s/agent_loop/slowest/tool_calls:np.float64(0.0) - timing_s/agent_loop/slowest/compute_score:np.float64(0.0) - timing_s/agent_loop/slowest/num_preempted:np.int64(-1) - timing_s/agent_loop/slowest/prompt_length:48 - timing_s/agent_loop/slowest/response_length:0 - timing_s/gen:122.53126866789535 - timing_s/reward:205.2705416958779 - timing_s/old_log_prob:30.81291079800576 - timing_s/adv:0.001338376197963953 - timing_s/update_actor:82.87625628337264 - timing_s/update_weights:3.1615508110262454 - timing_s/step:444.65622077323496 - timing_s/stop_profile:0.00010623922571539879 - timing_per_image_ms/adv:0.04182425618637353 - timing_per_image_ms/gen:3829.1021458717296 - timing_per_image_ms/update_actor:2589.883008855395 - timing_per_image_ms/old_log_prob:962.90346243768 - perf/total_num_images:32 - perf/time_per_step:444.65622077323496 - perf/throughput:0.035982854287244195
[36m(vLLMOmniHttpServer pid=1141758)[0m WARNING 08-02 23:51:06 [async_omni.py:910] [AsyncOmni] reset_prefix_cache not yet supported with Orchestrator process
[36m(vLLMOmniHttpServer pid=1141758)[0m WARNING 08-02 23:51:06 [async_omni.py:892] [AsyncOmni] reset_mm_cache not yet supported with Orchestrator process
[36m(vLLMOmniHttpServer pid=1141755)[0m WARNING 08-02 23:53:09 [async_omni.py:899] [AsyncOmni] reset_encoder_cache not yet supported with Orchestrator process[32m [repeated 2x across cluster][0m
[36m(vLLMOmniHttpServer pid=1141755)[0m WARNING 08-03 00:05:06 [async_omni.py:910] [AsyncOmni] reset_prefix_cache not yet supported with Orchestrator process
[36m(vLLMOmniHttpServer pid=1141755)[0m WARNING 08-03 00:05:06 [async_omni.py:892] [AsyncOmni] reset_mm_cache not yet supported with Orchestrator process
[36m(vLLMOmniHttpServer pid=1141755)[0m WARNING 08-03 00:05:06 [async_omni.py:899] [AsyncOmni] reset_encoder_cache not yet supported with Orchestrator process[32m [repeated 2x across cluster][0m
[36m(TaskRunner pid=917056)[0m step:35 - perf/mfu/actor_infer:0.0 - actor/ppo_kl:np.float64(-1.3969838619232178e-09) - actor/pg_clipfrac:np.float64(0.0) - actor/pg_clipfrac_higher:np.float64(0.0) - actor/pg_clipfrac_lower:np.float64(0.0) - actor/ratio_mean:np.float64(1.0) - actor/ratio_std:np.float64(0.0) - actor/loss:np.float64(-1.862645149230957e-09) - actor/grad_norm:np.float64(0.0021820068359375) - actor/lr:np.float64(1e-05) - perf/mfu/actor:np.float64(0.0) - training/global_step:35 - training/epoch:0 - critic/rewards/mean:0.12430555373430252 - critic/rewards/max:0.800000011920929 - critic/rewards/min:0.0 - critic/advantages/mean:0.0 - critic/advantages/max:3.0011327266693115 - critic/advantages/min:-1.5720219612121582 - critic/returns/mean:0.0 - critic/returns/max:3.0011327266693115 - critic/returns/min:-1.5720219612121582 - critic/rewards/zero_std_ratio:0.0 - critic/rewards/std_mean:0.12099061906337738 - critic/rewards/group_size:8.0 - timing_s/start_profile:0.00016849208623170853 - timing_s/agent_loop/num_preempted/min:np.int64(-1) - timing_s/agent_loop/num_preempted/max:np.int64(-1) - timing_s/agent_loop/num_preempted/mean:np.float64(-1.0) - timing_s/agent_loop/generate_sequences/min:np.float64(7.087474403902888) - timing_s/agent_loop/generate_sequences/max:np.float64(108.78637065319344) - timing_s/agent_loop/generate_sequences/mean:np.float64(98.67766955496336) - timing_s/agent_loop/tool_calls/min:np.float64(0.0) - timing_s/agent_loop/tool_calls/max:np.float64(0.0) - timing_s/agent_loop/tool_calls/mean:np.float64(0.0) - timing_s/agent_loop/compute_score/min:np.float64(0.0) - timing_s/agent_loop/compute_score/max:np.float64(0.0) - timing_s/agent_loop/compute_score/mean:np.float64(0.0) - timing_s/agent_loop/slowest/generate_sequences:np.float64(108.78637065319344) - timing_s/agent_loop/slowest/tool_calls:np.float64(0.0) - timing_s/agent_loop/slowest/compute_score:np.float64(0.0) - timing_s/agent_loop/slowest/num_preempted:np.int64(-1) - timing_s/agent_loop/slowest/prompt_length:47 - timing_s/agent_loop/slowest/response_length:0 - timing_s/gen:122.25882435869426 - timing_s/reward:600.4028512807563 - timing_s/old_log_prob:31.064886246807873 - timing_s/adv:0.0015310440212488174 - timing_s/update_actor:83.12983407313004 - timing_s/update_weights:2.899946234188974 - timing_s/step:839.7609089198522 - timing_s/stop_profile:0.00010919524356722832 - timing_per_image_ms/adv:0.047845125664025545 - timing_per_image_ms/gen:3820.5882612091955 - timing_per_image_ms/update_actor:2597.807314785314 - timing_per_image_ms/old_log_prob:970.777695212746 - perf/total_num_images:32 - perf/time_per_step:839.7609089198522 - perf/throughput:0.019053042157654257
[36m(vLLMOmniHttpServer pid=1141758)[0m WARNING 08-03 00:05:06 [async_omni.py:910] [AsyncOmni] reset_prefix_cache not yet supported with Orchestrator process
[36m(vLLMOmniHttpServer pid=1141758)[0m WARNING 08-03 00:05:06 [async_omni.py:892] [AsyncOmni] reset_mm_cache not yet supported with Orchestrator process
[36m(vLLMOmniHttpServer pid=1141755)[0m WARNING 08-03 00:07:10 [async_omni.py:899] [AsyncOmni] reset_encoder_cache not yet supported with Orchestrator process[32m [repeated 2x across cluster][0m
[36m(vLLMOmniHttpServer pid=1141758)[0m WARNING 08-03 00:22:26 [async_omni.py:910] [AsyncOmni] reset_prefix_cache not yet supported with Orchestrator process
[36m(vLLMOmniHttpServer pid=1141758)[0m WARNING 08-03 00:22:26 [async_omni.py:892] [AsyncOmni] reset_mm_cache not yet supported with Orchestrator process[36m(TaskRunner pid=917056)[0m Training Progress:  24%|██▍       | 36/150 [8:07:56<23:26:46, 740.41s/it]
[36m(TaskRunner pid=917056)[0m Training Progress:  25%|██▍       | 37/150 [8:16:24<21:03:20, 670.80s/it]
[36m(TaskRunner pid=917056)[0m Training Progress:  25%|██▌       | 38/150 [8:28:38<21:27:16, 689.61s/it]

[36m(vLLMOmniHttpServer pid=1141758)[0m WARNING 08-03 00:22:26 [async_omni.py:899] [AsyncOmni] reset_encoder_cache not yet supported with Orchestrator process[32m [repeated 2x across cluster][0m
[36m(TaskRunner pid=917056)[0m step:36 - perf/mfu/actor_infer:0.0 - actor/ppo_kl:np.float64(-7.8580342233181e-10) - actor/pg_clipfrac:np.float64(0.0) - actor/pg_clipfrac_higher:np.float64(0.0) - actor/pg_clipfrac_lower:np.float64(0.0) - actor/ratio_mean:np.float64(1.0) - actor/ratio_std:np.float64(0.0) - actor/loss:np.float64(2.2351741790771484e-08) - actor/grad_norm:np.float64(0.0011138916015625) - actor/lr:np.float64(1e-05) - perf/mfu/actor:np.float64(0.0) - training/global_step:36 - training/epoch:0 - critic/rewards/mean:0.519163966178894 - critic/rewards/max:1.0 - critic/rewards/min:0.0 - critic/advantages/mean:-2.60770320892334e-08 - critic/advantages/max:0.8341749906539917 - critic/advantages/min:-0.935287356376648 - critic/returns/mean:-2.60770320892334e-08 - critic/returns/max:0.8341749906539917 - critic/returns/min:-0.935287356376648 - critic/rewards/zero_std_ratio:0.25 - critic/rewards/std_mean:0.1252339482307434 - critic/rewards/group_size:8.0 - timing_s/start_profile:0.00015061721205711365 - timing_s/agent_loop/num_preempted/min:np.int64(-1) - timing_s/agent_loop/num_preempted/max:np.int64(-1) - timing_s/agent_loop/num_preempted/mean:np.float64(-1.0) - timing_s/agent_loop/generate_sequences/min:np.float64(7.102306040003896) - timing_s/agent_loop/generate_sequences/max:np.float64(109.09164197184145) - timing_s/agent_loop/generate_sequences/mean:np.float64(101.45396734330279) - timing_s/agent_loop/tool_calls/min:np.float64(0.0) - timing_s/agent_loop/tool_calls/max:np.float64(0.0) - timing_s/agent_loop/tool_calls/mean:np.float64(0.0) - timing_s/agent_loop/compute_score/min:np.float64(0.0) - timing_s/agent_loop/compute_score/max:np.float64(0.0) - timing_s/agent_loop/compute_score/mean:np.float64(0.0) - timing_s/agent_loop/slowest/generate_sequences:np.float64(109.09164197184145) - timing_s/agent_loop/slowest/tool_calls:np.float64(0.0) - timing_s/agent_loop/slowest/compute_score:np.float64(0.0) - timing_s/agent_loop/slowest/num_preempted:np.int64(-1) - timing_s/agent_loop/slowest/prompt_length:53 - timing_s/agent_loop/slowest/response_length:0 - timing_s/gen:123.2560396939516 - timing_s/reward:703.8331945599057 - timing_s/old_log_prob:50.65367620578036 - timing_s/adv:0.0017356500029563904 - timing_s/update_actor:158.44916033791378 - timing_s/update_weights:4.347380351275206 - timing_s/step:1040.5437739696354 - timing_s/stop_profile:0.00011560926213860512 - timing_per_image_ms/adv:0.0542390625923872 - timing_per_image_ms/gen:3851.7512404359877 - timing_per_image_ms/update_actor:4951.536260559806 - timing_per_image_ms/old_log_prob:1582.9273814306362 - perf/total_num_images:32 - perf/time_per_step:1040.5437739696354 - perf/throughput:0.015376575594662973
[36m(vLLMOmniHttpServer pid=1141755)[0m WARNING 08-03 00:22:26 [async_omni.py:910] [AsyncOmni] reset_prefix_cache not yet supported with Orchestrator process
[36m(vLLMOmniHttpServer pid=1141755)[0m WARNING 08-03 00:22:26 [async_omni.py:892] [AsyncOmni] reset_mm_cache not yet supported with Orchestrator process
[36m(vLLMOmniHttpServer pid=1141755)[0m WARNING 08-03 00:25:54 [async_omni.py:899] [AsyncOmni] reset_encoder_cache not yet supported with Orchestrator process[32m [repeated 2x across cluster][0m
[36m(vLLMOmniHttpServer pid=1141755)[0m WARNING 08-03 00:30:55 [async_omni.py:910] [AsyncOmni] reset_prefix_cache not yet supported with Orchestrator process
[36m(vLLMOmniHttpServer pid=1141755)[0m WARNING 08-03 00:30:55 [async_omni.py:892] [AsyncOmni] reset_mm_cache not yet supported with Orchestrator process
[36m(vLLMOmniHttpServer pid=1141755)[0m WARNING 08-03 00:30:55 [async_omni.py:899] [AsyncOmni] reset_encoder_cache not yet supported with Orchestrator process[32m [repeated 2x across cluster][0m
[36m(TaskRunner pid=917056)[0m step:37 - perf/mfu/actor_infer:0.0 - actor/ppo_kl:np.float64(2.9103830456733704e-10) - actor/pg_clipfrac:np.float64(0.0) - actor/pg_clipfrac_higher:np.float64(0.0) - actor/pg_clipfrac_lower:np.float64(0.0) - actor/ratio_mean:np.float64(1.0) - actor/ratio_std:np.float64(0.0) - actor/loss:np.float64(-7.450580596923828e-09) - actor/grad_norm:np.float64(0.01422119140625) - actor/lr:np.float64(1e-05) - perf/mfu/actor:np.float64(0.0) - training/global_step:37 - training/epoch:0 - critic/rewards/mean:0.37204593420028687 - critic/rewards/max:1.0 - critic/rewards/min:0.0 - critic/advantages/mean:1.4901161193847656e-08 - critic/advantages/max:2.930227756500244 - critic/advantages/min:-1.3647011518478394 - critic/returns/mean:1.4901161193847656e-08 - critic/returns/max:2.930227756500244 - critic/returns/min:-1.3647011518478394 - critic/rewards/zero_std_ratio:0.0 - critic/rewards/std_mean:0.24008068442344666 - critic/rewards/group_size:8.0 - timing_s/start_profile:0.00015196390450000763 - timing_s/agent_loop/num_preempted/min:np.int64(-1) - timing_s/agent_loop/num_preempted/max:np.int64(-1) - timing_s/agent_loop/num_preempted/mean:np.float64(-1.0) - timing_s/agent_loop/generate_sequences/min:np.float64(10.967610925901681) - timing_s/agent_loop/generate_sequences/max:np.float64(192.8138070506975) - timing_s/agent_loop/generate_sequences/mean:np.float64(163.32074561905756) - timing_s/agent_loop/tool_calls/min:np.float64(0.0) - timing_s/agent_loop/tool_calls/max:np.float64(0.0) - timing_s/agent_loop/tool_calls/mean:np.float64(0.0) - timing_s/agent_loop/compute_score/min:np.float64(0.0) - timing_s/agent_loop/compute_score/max:np.float64(0.0) - timing_s/agent_loop/compute_score/mean:np.float64(0.0) - timing_s/agent_loop/slowest/generate_sequences:np.float64(192.8138070506975) - timing_s/agent_loop/slowest/tool_calls:np.float64(0.0) - timing_s/agent_loop/slowest/compute_score:np.float64(0.0) - timing_s/agent_loop/slowest/num_preempted:np.int64(-1) - timing_s/agent_loop/slowest/prompt_length:39 - timing_s/agent_loop/slowest/response_length:0 - timing_s/gen:207.19256221409887 - timing_s/reward:182.96957651898265 - timing_s/old_log_prob:31.277926062233746 - timing_s/adv:0.0012263148091733456 - timing_s/update_actor:83.52978515578434 - timing_s/update_weights:3.2155343238264322 - timing_s/step:508.1886673318222 - timing_s/stop_profile:0.00011009583249688148 - timing_per_image_ms/adv:0.03832233778666705 - timing_per_image_ms/gen:6474.76756919059 - timing_per_image_ms/update_actor:2610.3057861182606 - timing_per_image_ms/old_log_prob:977.4351894448046 - perf/total_num_images:32 - perf/time_per_step:508.1886673318222 - perf/throughput:0.0314843699368699
[36m(vLLMOmniHttpServer pid=1141758)[0m WARNING 08-03 00:30:55 [async_omni.py:910] [AsyncOmni] reset_prefix_cache not yet supported with Orchestrator process
[36m(vLLMOmniHttpServer pid=1141758)[0m WARNING 08-03 00:30:55 [async_omni.py:892] [AsyncOmni] reset_mm_cache not yet supported with Orchestrator process
[36m(vLLMOmniHttpServer pid=1141755)[0m WARNING 08-03 00:32:59 [async_omni.py:899] [AsyncOmni] reset_encoder_cache not yet supported with Orchestrator process[32m [repeated 2x across cluster][0m
[36m(vLLMOmniHttpServer pid=1141755)[0m WARNING 08-03 00:43:09 [async_omni.py:910] [AsyncOmni] reset_prefix_cache not yet supported with Orchestrator process
[36m(vLLMOmniHttpServer pid=1141755)[0m WARNING 08-03 00:43:09 [async_omni.py:892] [AsyncOmni] reset_mm_cache not yet supported with Orchestrator process
[36m(vLLMOmniHttpServer pid=1141755)[0m WARNING 08-03 00:43:09 [async_omni.py:899] [AsyncOmni] reset_encoder_cache not yet supported with Orchestrator process[32m [repeated 2x across cluster][0m
[36m(TaskRunner pid=917056)[0m step:38 - perf/mfu/actor_infer:0.0 - actor/ppo_kl:np.float64(-1.2514647096395493e-09) - actor/pg_clipfrac:np.float64(0.0) - actor/pg_clipfrac_higher:np.float64(0.0) - actor/pg_clipfrac_lower:np.float64(0.0) - actor/ratio_mean:np.float64(1.0) - actor/ratio_std:np.float64(0.0) - actor/loss:np.float64(-6.705522537231445e-08) - actor/grad_norm:np.float64(0.001007080078125) - actor/lr:np.float64(1e-05) - perf/mfu/actor:np.float64(0.0) - training/global_step:38 - training/epoch:0 - critic/rewards/mean:0.44655296206474304 - critic/rewards/max:1.0 - critic/rewards/min:0.0 - critic/advantages/mean:6.705522537231445e-08 - critic/advantages/max:0.7683326601982117 - critic/advantages/min:-1.6593399047851562 - critic/returns/mean:6.705522537231445e-08 - critic/returns/max:0.7683326601982117 - critic/returns/min:-1.6593399047851562 - critic/rewards/zero_std_ratio:0.0 - critic/rewards/std_mean:0.12357719242572784 - critic/rewards/group_size:8.0 - timing_s/start_profile:0.0002793287858366966 - timing_s/agent_loop/num_preempted/min:np.int64(-1) - timing_s/agent_loop/num_preempted/max:np.int64(-1) - timing_s/agent_loop/num_preempted/mean:np.float64(-1.0) - timing_s/agent_loop/generate_sequences/min:np.float64(7.16134212911129) - timing_s/agent_loop/generate_sequences/max:np.float64(108.55608226312324) - timing_s/agent_loop/generate_sequences/mean:np.float64(98.63167829399754) - timing_s/agent_loop/tool_calls/min:np.float64(0.0) - timing_s/agent_loop/tool_calls/max:np.float64(0.0) - timing_s/agent_loop/tool_calls/mean:np.float64(0.0) - timing_s/agent_loop/compute_score/min:np.float64(0.0) - timing_s/agent_loop/compute_score/max:np.float64(0.0) - timing_s/agent_loop/compute_score/mean:np.float64(0.0) - timing_s/agent_loop/slowest/generate_sequences:np.float64(108.55608226312324) - timing_s/agent_loop/slowest/tool_calls:np.float64(0.0) - timing_s/agent_loop/slowest/compute_score:np.float64(0.0) - timing_s/agent_loop/slowest/num_preempted:np.int64(-1) - timing_s/agent_loop/slowest/prompt_length:64 - timing_s/agent_loop/slowest/response_length:0 - timing_s/gen:123.27191228885204 - timing_s/reward:491.2373910690658 - timing_s/old_log_prob:31.332298980094492 - timing_s/adv:0.0015733558684587479 - timing_s/update_actor:84.4935935488902 - timing_s/update_weights:2.9074017889797688 - timing_s/step:733.2468002797104 - timing_s/stop_profile:6.421282887458801e-05 - timing_per_image_ms/adv:0.04916737088933587 - timing_per_image_ms/gen:3852.247259026626 - timing_per_image_ms/update_actor:2640.424798402819 - timing_per_image_ms/old_log_prob:979.1343431279529 - perf/total_num_images:32 - perf/time_per_step:733.2468002797104 - perf/throughput:0.021820756659144652[36m(TaskRunner pid=917056)[0m Training Progress:  26%|██▌       | 39/150 [8:42:50<22:46:09, 738.46s/it]
[36m(TaskRunner pid=917056)[0m Training Progress:  27%|██▋       | 40/150 [8:50:09<19:48:45, 648.41s/it]

[36m(vLLMOmniHttpServer pid=1141758)[0m WARNING 08-03 00:43:09 [async_omni.py:910] [AsyncOmni] reset_prefix_cache not yet supported with Orchestrator process
[36m(vLLMOmniHttpServer pid=1141758)[0m WARNING 08-03 00:43:09 [async_omni.py:892] [AsyncOmni] reset_mm_cache not yet supported with Orchestrator process
[36m(vLLMOmniHttpServer pid=1141755)[0m WARNING 08-03 00:45:10 [async_omni.py:899] [AsyncOmni] reset_encoder_cache not yet supported with Orchestrator process[32m [repeated 2x across cluster][0m
[36m(vLLMOmniHttpServer pid=1141755)[0m WARNING 08-03 00:57:21 [async_omni.py:910] [AsyncOmni] reset_prefix_cache not yet supported with Orchestrator process
[36m(vLLMOmniHttpServer pid=1141755)[0m WARNING 08-03 00:57:21 [async_omni.py:892] [AsyncOmni] reset_mm_cache not yet supported with Orchestrator process
[36m(vLLMOmniHttpServer pid=1141755)[0m WARNING 08-03 00:57:21 [async_omni.py:899] [AsyncOmni] reset_encoder_cache not yet supported with Orchestrator process[32m [repeated 2x across cluster][0m
[36m(TaskRunner pid=917056)[0m step:39 - perf/mfu/actor_infer:0.0 - actor/ppo_kl:np.float64(-2.0372681319713593e-10) - actor/pg_clipfrac:np.float64(0.0) - actor/pg_clipfrac_higher:np.float64(0.0) - actor/pg_clipfrac_lower:np.float64(0.0) - actor/ratio_mean:np.float64(1.0) - actor/ratio_std:np.float64(0.0) - actor/loss:np.float64(1.7695128917694092e-08) - actor/grad_norm:np.float64(0.0014190673828125) - actor/lr:np.float64(1e-05) - perf/mfu/actor:np.float64(0.0) - training/global_step:39 - training/epoch:0 - critic/rewards/mean:0.2884516417980194 - critic/rewards/max:1.0 - critic/rewards/min:0.0 - critic/advantages/mean:-1.4901161193847656e-08 - critic/advantages/max:0.7704801559448242 - critic/advantages/min:-0.2842922806739807 - critic/returns/mean:-1.4901161193847656e-08 - critic/returns/max:0.7704801559448242 - critic/returns/min:-0.2842922806739807 - critic/rewards/zero_std_ratio:0.0 - critic/rewards/std_mean:0.07225818186998367 - critic/rewards/group_size:8.0 - timing_s/start_profile:7.983716204762459e-05 - timing_s/agent_loop/num_preempted/min:np.int64(-1) - timing_s/agent_loop/num_preempted/max:np.int64(-1) - timing_s/agent_loop/num_preempted/mean:np.float64(-1.0) - timing_s/agent_loop/generate_sequences/min:np.float64(27.141127639915794) - timing_s/agent_loop/generate_sequences/max:np.float64(107.94678170606494) - timing_s/agent_loop/generate_sequences/mean:np.float64(85.59169878823741) - timing_s/agent_loop/tool_calls/min:np.float64(0.0) - timing_s/agent_loop/tool_calls/max:np.float64(0.0) - timing_s/agent_loop/tool_calls/mean:np.float64(0.0) - timing_s/agent_loop/compute_score/min:np.float64(0.0) - timing_s/agent_loop/compute_score/max:np.float64(0.0) - timing_s/agent_loop/compute_score/mean:np.float64(0.0) - timing_s/agent_loop/slowest/generate_sequences:np.float64(107.94678170606494) - timing_s/agent_loop/slowest/tool_calls:np.float64(0.0) - timing_s/agent_loop/slowest/compute_score:np.float64(0.0) - timing_s/agent_loop/slowest/num_preempted:np.int64(-1) - timing_s/agent_loop/slowest/prompt_length:52 - timing_s/agent_loop/slowest/response_length:0 - timing_s/gen:120.97138639586046 - timing_s/reward:610.3305149567313 - timing_s/old_log_prob:31.8795786309056 - timing_s/adv:0.0014478331431746483 - timing_s/update_actor:85.3536542346701 - timing_s/update_weights:3.755516634322703 - timing_s/step:852.2949433401227 - timing_s/stop_profile:0.00011989381164312363 - timing_per_image_ms/adv:0.04524478572420776 - timing_per_image_ms/gen:3780.3558248706395 - timing_per_image_ms/update_actor:2667.3016948334407 - timing_per_image_ms/old_log_prob:996.2368322158 - perf/total_num_images:32 - perf/time_per_step:852.2949433401227 - perf/throughput:0.018772843984379863
[36m(vLLMOmniHttpServer pid=1141758)[0m WARNING 08-03 00:57:21 [async_omni.py:910] [AsyncOmni] reset_prefix_cache not yet supported with Orchestrator process
[36m(vLLMOmniHttpServer pid=1141758)[0m WARNING 08-03 00:57:21 [async_omni.py:892] [AsyncOmni] reset_mm_cache not yet supported with Orchestrator process
[36m(vLLMOmniHttpServer pid=1141758)[0m WARNING 08-03 00:59:27 [async_omni.py:899] [AsyncOmni] reset_encoder_cache not yet supported with Orchestrator process[32m [repeated 2x across cluster][0m
[36m(vLLMOmniHttpServer pid=1141755)[0m WARNING 08-03 01:04:39 [async_omni.py:910] [AsyncOmni] reset_prefix_cache not yet supported with Orchestrator process
[36m(vLLMOmniHttpServer pid=1141755)[0m WARNING 08-03 01:04:39 [async_omni.py:892] [AsyncOmni] reset_mm_cache not yet supported with Orchestrator process
[36m(vLLMOmniHttpServer pid=1141755)[0m WARNING 08-03 01:04:39 [async_omni.py:899] [AsyncOmni] reset_encoder_cache not yet supported with Orchestrator process[32m [repeated 2x across cluster][0m
[36m(TaskRunner pid=917056)[0m step:40 - perf/mfu/actor_infer:0.0 - actor/ppo_kl:np.float64(-8.731149137020111e-10) - actor/pg_clipfrac:np.float64(0.0) - actor/pg_clipfrac_higher:np.float64(0.0) - actor/pg_clipfrac_lower:np.float64(0.0) - actor/ratio_mean:np.float64(1.0) - actor/ratio_std:np.float64(0.0) - actor/loss:np.float64(2.9802322387695312e-08) - actor/grad_norm:np.float64(0.00543212890625) - actor/lr:np.float64(1e-05) - perf/mfu/actor:np.float64(0.0) - training/global_step:40 - training/epoch:0 - critic/rewards/mean:0.5997268557548523 - critic/rewards/max:1.0 - critic/rewards/min:0.0235294122248888 - critic/advantages/mean:-2.9802322387695312e-08 - critic/advantages/max:1.9028431177139282 - critic/advantages/min:-1.192220687866211 - critic/returns/mean:-2.9802322387695312e-08 - critic/returns/max:1.9028431177139282 - critic/returns/min:-1.192220687866211 - critic/rewards/zero_std_ratio:0.0 - critic/rewards/std_mean:0.18362849950790405 - critic/rewards/group_size:8.0 - timing_s/start_profile:0.00018382491543889046 - timing_s/agent_loop/num_preempted/min:np.int64(-1) - timing_s/agent_loop/num_preempted/max:np.int64(-1) - timing_s/agent_loop/num_preempted/mean:np.float64(-1.0) - timing_s/agent_loop/generate_sequences/min:np.float64(13.878562068101019) - timing_s/agent_loop/generate_sequences/max:np.float64(109.47313450975344) - timing_s/agent_loop/generate_sequences/mean:np.float64(96.76415724087565) - timing_s/agent_loop/tool_calls/min:np.float64(0.0) - timing_s/agent_loop/tool_calls/max:np.float64(0.0) - timing_s/agent_loop/tool_calls/mean:np.float64(0.0) - timing_s/agent_loop/compute_score/min:np.float64(0.0) - timing_s/agent_loop/compute_score/max:np.float64(0.0) - timing_s/agent_loop/compute_score/mean:np.float64(0.0) - timing_s/agent_loop/slowest/generate_sequences:np.float64(109.47313450975344) - timing_s/agent_loop/slowest/tool_calls:np.float64(0.0) - timing_s/agent_loop/slowest/compute_score:np.float64(0.0) - timing_s/agent_loop/slowest/num_preempted:np.int64(-1) - timing_s/agent_loop/slowest/prompt_length:41 - timing_s/agent_loop/slowest/response_length:0 - timing_s/gen:125.82375393807888 - timing_s/reward:190.9788954630494 - timing_s/old_log_prob:32.644573733676225 - timing_s/adv:0.0013055279850959778 - timing_s/update_actor:85.37442518025637 - timing_s/update_weights:3.24926698487252 - timing_s/step:438.074538287241 - timing_s/stop_profile:0.0001234067603945732 - timing_per_image_ms/adv:0.040797749534249306 - timing_per_image_ms/gen:3931.992310564965 - timing_per_image_ms/update_actor:2667.9507868830115 - timing_per_image_ms/old_log_prob:1020.142929177382 - perf/total_num_images:32 - perf/time_per_step:438.074538287241 - perf/throughput:0.036523464848141805
[36m(vLLMOmniHttpServer pid=1141758)[0m WARNING 08-03 01:04:39 [async_omni.py:910] [AsyncOmni] reset_prefix_cache not yet supported with Orchestrator process
[36m(vLLMOmniHttpServer pid=1141758)[0m WARNING 08-03 01:04:39 [async_omni.py:892] [AsyncOmni] reset_mm_cache not yet supported with Orchestrator process
[36m(vLLMOmniHttpServer pid=1141755)[0m WARNING 08-03 01:06:44 [async_omni.py:899] [AsyncOmni] reset_encoder_cache not yet supported with Orchestrator process[32m [repeated 2x across cluster][0m
[36m(vLLMOmniHttpServer pid=1141755)[0m WARNING 08-03 01:11:46 [async_omni.py:910] [AsyncOmni] reset_prefix_cache not yet supported with Orchestrator process
[36m(vLLMOmniHttpServer pid=1141755)[0m WARNING 08-03 01:11:46 [async_omni.py:892] [AsyncOmni] reset_mm_cache not yet supported with Orchestrator process[36m(TaskRunner pid=917056)[0m Training Progress:  27%|██▋       | 41/150 [8:57:16<17:37:14, 581.96s/it]
[36m(TaskRunner pid=917056)[0m Training Progress:  28%|██▊       | 42/150 [9:09:06<18:37:05, 620.61s/it]
*** SIGTERM received at time=1785720359 on cpu 40 ***
PC: @     0x71860c8910d7  (unknown)  (unknown)
    @     0x71860c842520  (unknown)  (unknown)
    @ ... and at least 1 more frames
[2026-08-03 01:25:59,161 E 899103 899103] logging.cc:474: *** SIGTERM received at time=1785720359 on cpu 40 ***
[2026-08-03 01:25:59,161 E 899103 899103] logging.cc:474: PC: @     0x71860c8910d7  (unknown)  (unknown)
[2026-08-03 01:25:59,161 E 899103 899103] logging.cc:474:     @     0x71860c842520  (unknown)  (unknown)
[2026-08-03 01:25:59,161 E 899103 899103] logging.cc:474:     @ ... and at least 1 more frames
+ CUDA_COMPAT_DIR=/data/verl-omni/.cuda-compat/usr/local/cuda-13.3/compat
+ VENV_CU13_LIB=/data/verl-omni/.venv/lib/python3.12/site-packages/nvidia/cu13/lib
+ '[' -d /data/verl-omni/.cuda-compat/usr/local/cuda-13.3/compat ']'
+ export LD_LIBRARY_PATH=/data/verl-omni/.cuda-compat/usr/local/cuda-13.3/compat:/data/verl-omni/.venv/lib/python3.12/site-packages/nvidia/cu13/lib
+ LD_LIBRARY_PATH=/data/verl-omni/.cuda-compat/usr/local/cuda-13.3/compat:/data/verl-omni/.venv/lib/python3.12/site-packages/nvidia/cu13/lib
+ WORKSPACE=/data/verl-omni/workspace
+ ocr_train_path=/data/verl-omni/workspace/data/ocr/wan22/train.parquet
+ ocr_test_path=/data/verl-omni/workspace/data/ocr/wan22/test_smoke.parquet
+ model_name=/data/models/Wan2.2-TI2V-5B-Diffusers
+ reward_model_name=/data/models/Qwen3-VL-8B-Instruct
+ reward_function_path=verl_omni/utils/reward_score/genrm_ocr.py
+ CUDA_VISIBLE_DEVICES=3,6
+ export CUDA_VISIBLE_DEVICES
+ NUM_GPUS_ACTOR_ROLLOUT_REWARD=2
+ ROLLOUT_TP=1
+ REWARD_TP=1
+ ENGINE=vllm_omni
+ REWARD_ENGINE=vllm
+ python3 -m verl_omni.trainer.main_diffusion algorithm.adv_estimator=dance_grpo actor_rollout_ref.model.algorithm=dance_grpo actor_rollout_ref.actor.diffusion_loss.loss_mode=dance_grpo data.train_files=/data/verl-omni/workspace/data/ocr/wan22/train.parquet data.val_files=/data/verl-omni/workspace/data/ocr/wan22/test_smoke.parquet data.train_batch_size=4 data.val_batch_size=8 data.max_prompt_length=1024 data.seed=42 actor_rollout_ref.model.path=/data/models/Wan2.2-TI2V-5B-Diffusers actor_rollout_ref.model.attn_backend=native 'actor_rollout_ref.model.custom_chat_template="{% if messages %}{% for message in messages %}{% if message[\"role\"] == \"user\" %}{{ message[\"content\"] }}{% endif %}{% endfor %}{% endif %}</s>"' actor_rollout_ref.actor.optim.lr=1e-5 actor_rollout_ref.actor.optim.weight_decay=0.0001 actor_rollout_ref.actor.ppo_mini_batch_size=4 actor_rollout_ref.actor.ppo_micro_batch_size_per_gpu=4 actor_rollout_ref.actor.fsdp_config.param_offload=True actor_rollout_ref.actor.fsdp_config.optimizer_offload=True actor_rollout_ref.actor.fsdp_config.model_dtype=bfloat16 actor_rollout_ref.actor.fsdp_config.wrap_policy.min_num_params=10000 actor_rollout_ref.rollout.log_prob_micro_batch_size_per_gpu=16 actor_rollout_ref.rollout.tensor_model_parallel_size=1 actor_rollout_ref.rollout.name=vllm_omni actor_rollout_ref.rollout.n=8 actor_rollout_ref.rollout.seed=42 actor_rollout_ref.rollout.agent.num_workers=2 actor_rollout_ref.rollout.load_format=safetensors actor_rollout_ref.rollout.layered_summon=True actor_rollout_ref.rollout.rollout_attn_backend=TORCH_SDPA actor_rollout_ref.rollout.pipeline.true_cfg_scale=5.0 actor_rollout_ref.rollout.pipeline.height=704 actor_rollout_ref.rollout.pipeline.width=1280 actor_rollout_ref.rollout.pipeline.num_frames=8 actor_rollout_ref.rollout.pipeline.num_inference_steps=10 actor_rollout_ref.rollout.pipeline.guidance_scale=5.0 actor_rollout_ref.rollout.pipeline.max_sequence_length=1024 actor_rollout_ref.rollout.algo.noise_level=1.2 actor_rollout_ref.rollout.algo.sde_type=dance_sde actor_rollout_ref.rollout.algo.sde_window_size=2 'actor_rollout_ref.rollout.algo.sde_window_range=[0,5]' actor_rollout_ref.rollout.val_kwargs.pipeline.num_inference_steps=50 actor_rollout_ref.rollout.val_kwargs.algo.noise_level=0.0 actor_rollout_ref.ref.log_prob_micro_batch_size_per_gpu=16 reward.num_workers=2 reward.reward_model.enable=True reward.reward_model.model_path=/data/models/Qwen3-VL-8B-Instruct reward.reward_model.rollout.name=vllm reward.reward_model.rollout.tensor_model_parallel_size=1 reward.reward_model.rollout.max_model_len=32768 reward.custom_reward_function.path=verl_omni/utils/reward_score/genrm_ocr.py reward.custom_reward_function.name=compute_score_ocr 'trainer.logger=["console", "tensorboard"]' trainer.project_name=dance_grpo trainer.experiment_name=wan22_5b_t2v_ocr_s150 trainer.log_val_generations=8 trainer.val_before_train=True trainer.validation_data_dir=/data/verl-omni/workspace/val_generations/wan22_5b_t2v_ocr_s150 trainer.n_gpus_per_node=2 trainer.nnodes=1 trainer.save_freq=25 trainer.test_freq=25 trainer.total_epochs=15 trainer.total_training_steps=150 trainer.resume_mode=auto
+ tee run_wan22_5b_t2v_ocr.log
INFO 08-03 03:24:07 [patch.py:252] NVFP4 W4A4 weight_scale NaN-clamp: installed.
/data/verl-omni/.venv/lib/python3.12/site-packages/verl/workers/engine/mindspeed/transformer_impl.py:24: UserWarning: NPU not support router replay for now.
  from verl.utils.megatron.router_replay_patch import RouterReplay
2026-08-03 03:24:18,375	INFO worker.py:2015 -- Started a local Ray instance. View the dashboard at [1m[32mhttp://127.0.0.1:8265 [39m[22m
[36m(pid=2199620)[0m /data/verl-omni/.venv/lib/python3.12/site-packages/verl/workers/engine/mindspeed/transformer_impl.py:24: UserWarning: NPU not support router replay for now.
[36m(pid=2199620)[0m   from verl.utils.megatron.router_replay_patch import RouterReplay
ray init kwargs: {'num_cpus': None, 'runtime_env': {'env_vars': {'TOKENIZERS_PARALLELISM': 'true', 'NCCL_DEBUG': 'WARN', 'VLLM_LOGGING_LEVEL': 'WARN', 'VLLM_ALLOW_RUNTIME_LORA_UPDATING': 'true', 'CUDA_DEVICE_MAX_CONNECTIONS': '1', 'VLLM_DISABLE_COMPILE_CACHE': '1', 'HCCL_HOST_SOCKET_PORT_RANGE': 'auto', 'HCCL_NPU_SOCKET_PORT_RANGE': 'auto', 'HSA_NO_SCRATCH_RECLAIM': '1'}, 'working_dir': None}}
[36m(TaskRunner pid=2199620)[0m TaskRunner hostname: huirui, PID: 2199620
[36m(TaskRunner pid=2199620)[0m {'actor_rollout_ref': {'actor': {'_target_': 'verl_omni.workers.config.diffusion.FSDPDiffusionActorConfig',
[36m(TaskRunner pid=2199620)[0m                                  'checkpoint': {'_target_': 'verl.trainer.config.CheckpointConfig',
[36m(TaskRunner pid=2199620)[0m                                                 'async_save': False,
[36m(TaskRunner pid=2199620)[0m                                                 'load_contents': ['model',
[36m(TaskRunner pid=2199620)[0m                                                                   'optimizer',
[36m(TaskRunner pid=2199620)[0m                                                                   'extra'],
[36m(TaskRunner pid=2199620)[0m                                                 'save_contents': ['model',
[36m(TaskRunner pid=2199620)[0m                                                                   'optimizer',
[36m(TaskRunner pid=2199620)[0m                                                                   'extra']},
[36m(TaskRunner pid=2199620)[0m                                  'data_loader_seed': 42,
[36m(TaskRunner pid=2199620)[0m                                  'diffusion_loss': {'_target_': 'verl_omni.workers.config.diffusion.DiffusionLossConfig',
[36m(TaskRunner pid=2199620)[0m                                                     'adaptive_weight_min': 1e-05,
[36m(TaskRunner pid=2199620)[0m                                                     'add_kl_coefficient': True,
[36m(TaskRunner pid=2199620)[0m                                                     'adv_clip_max': 5.0,
[36m(TaskRunner pid=2199620)[0m                                                     'clip_ratio': 0.0001,
[36m(TaskRunner pid=2199620)[0m                                                     'dpo_beta': 2000.0,
[36m(TaskRunner pid=2199620)[0m                                                     'kl_mask_threshold': 1e-05,
[36m(TaskRunner pid=2199620)[0m                                                     'loss_mode': 'dance_grpo',
[36m(TaskRunner pid=2199620)[0m                                                     'mix_beta': 0.5,
[36m(TaskRunner pid=2199620)[0m                                                     'ref_kl_coef': 0.0},
[36m(TaskRunner pid=2199620)[0m                                  'distill_loss_coef': 1.0,
[36m(TaskRunner pid=2199620)[0m                                  'distill_loss_mode': 'distill_kl',
[36m(TaskRunner pid=2199620)[0m                                  'fsdp_config': {'_target_': 'verl.workers.config.FSDPEngineConfig',
[36m(TaskRunner pid=2199620)[0m                                                  'dtype': 'bfloat16',
[36m(TaskRunner pid=2199620)[0m                                                  'forward_only': False,
[36m(TaskRunner pid=2199620)[0m                                                  'forward_prefetch': False,
[36m(TaskRunner pid=2199620)[0m                                                  'fsdp_size': -1,
[36m(TaskRunner pid=2199620)[0m                                                  'full_determinism': False,
[36m(TaskRunner pid=2199620)[0m                                                  'model_dtype': 'bfloat16',
[36m(TaskRunner pid=2199620)[0m                                                  'offload_policy': False,
[36m(TaskRunner pid=2199620)[0m                                                  'optimizer_offload': True,
[36m(TaskRunner pid=2199620)[0m                                                  'param_offload': True,
[36m(TaskRunner pid=2199620)[0m                                                  'reshard_after_forward': True,
[36m(TaskRunner pid=2199620)[0m                                                  'seed': 42,
[36m(TaskRunner pid=2199620)[0m                                                  'strategy': 'fsdp',
[36m(TaskRunner pid=2199620)[0m                                                  'ulysses_sequence_parallel_size': 1,
[36m(TaskRunner pid=2199620)[0m                                                  'use_orig_params': False,
[36m(TaskRunner pid=2199620)[0m                                                  'wrap_policy': {'min_num_params': 10000}},
[36m(TaskRunner pid=2199620)[0m                                  'grad_clip': 1.0,
[36m(TaskRunner pid=2199620)[0m                                  'kl_loss_coef': 0.001,
[36m(TaskRunner pid=2199620)[0m                                  'loss_scale_factor': None,
[36m(TaskRunner pid=2199620)[0m                                  'optim': {'_target_': 'verl.workers.config.FSDPOptimizerConfig',
[36m(TaskRunner pid=2199620)[0m                                            'betas': [0.9, 0.999],
[36m(TaskRunner pid=2199620)[0m                                            'clip_grad': 1.0,
[36m(TaskRunner pid=2199620)[0m                                            'lr': 1e-05,
[36m(TaskRunner pid=2199620)[0m                                            'lr_scheduler_type': 'constant',
[36m(TaskRunner pid=2199620)[0m                                            'lr_warmup_steps': -1,
[36m(TaskRunner pid=2199620)[0m                                            'lr_warmup_steps_ratio': 0.0,
[36m(TaskRunner pid=2199620)[0m                                            'min_lr_ratio': 0.0,
[36m(TaskRunner pid=2199620)[0m                                            'num_cycles': 0.5,
[36m(TaskRunner pid=2199620)[0m                                            'optimizer': 'AdamW',
[36m(TaskRunner pid=2199620)[0m                                            'optimizer_impl': 'torch.optim',
[36m(TaskRunner pid=2199620)[0m                                            'override_optimizer_config': None,
[36m(TaskRunner pid=2199620)[0m                                            'total_training_steps': -1,
[36m(TaskRunner pid=2199620)[0m                                            'warmup_style': None,
[36m(TaskRunner pid=2199620)[0m                                            'weight_decay': 0.0001,
[36m(TaskRunner pid=2199620)[0m                                            'zero_indexed_step': True},
[36m(TaskRunner pid=2199620)[0m                                  'ppo_epochs': 1,
[36m(TaskRunner pid=2199620)[0m                                  'ppo_micro_batch_size_per_gpu': 4,
[36m(TaskRunner pid=2199620)[0m                                  'ppo_mini_batch_size': 4,
[36m(TaskRunner pid=2199620)[0m                                  'profiler': {'_target_': 'verl.utils.profiler.ProfilerConfig',
[36m(TaskRunner pid=2199620)[0m                                               'all_ranks': False,
[36m(TaskRunner pid=2199620)[0m                                               'enable': False,
[36m(TaskRunner pid=2199620)[0m                                               'ranks': [],
[36m(TaskRunner pid=2199620)[0m                                               'save_path': 'outputs/profile',
[36m(TaskRunner pid=2199620)[0m                                               'tool': 'torch',
[36m(TaskRunner pid=2199620)[0m                                               'tool_config': {'nsys': {'_target_': 'verl.utils.profiler.config.NsightToolConfig',
[36m(TaskRunner pid=2199620)[0m                                                                        'discrete': False,
[36m(TaskRunner pid=2199620)[0m                                                                        'name': 'nsight'},
[36m(TaskRunner pid=2199620)[0m                                                               'torch': {'_target_': 'verl.utils.profiler.config.TorchProfilerToolConfig',
[36m(TaskRunner pid=2199620)[0m                                                                         'contents': [],
[36m(TaskRunner pid=2199620)[0m                                                                         'discrete': False,
[36m(TaskRunner pid=2199620)[0m                                                                         'name': 'torch'},
[36m(TaskRunner pid=2199620)[0m                                                               'torch_memory': {'_target_': 'verl.utils.profiler.config.TorchMemoryToolConfig',
[36m(TaskRunner pid=2199620)[0m                                                                                'name': 'torch_memory',
[36m(TaskRunner pid=2199620)[0m                                                                                'stack_depth': 32,
[36m(TaskRunner pid=2199620)[0m                                                                                'trace_alloc_max_entries': 100000}}},
[36m(TaskRunner pid=2199620)[0m                                  'rollout_correction': {'_target_': 'verl.trainer.config.algorithm.RolloutCorrectionConfig',
[36m(TaskRunner pid=2199620)[0m                                                         'bypass_mode': False,
[36m(TaskRunner pid=2199620)[0m                                                         'loss_type': 'ppo_clip',
[36m(TaskRunner pid=2199620)[0m                                                         'rollout_is': None,
[36m(TaskRunner pid=2199620)[0m                                                         'rollout_is_batch_normalize': False,
[36m(TaskRunner pid=2199620)[0m                                                         'rollout_is_threshold': 2.0,
[36m(TaskRunner pid=2199620)[0m                                                         'rollout_rs': None,
[36m(TaskRunner pid=2199620)[0m                                                         'rollout_rs_threshold': None},
[36m(TaskRunner pid=2199620)[0m                                  'rollout_n': 8,
[36m(TaskRunner pid=2199620)[0m                                  'shuffle': False,
[36m(TaskRunner pid=2199620)[0m                                  'strategy': 'fsdp',
[36m(TaskRunner pid=2199620)[0m                                  'use_distill_loss': False,
[36m(TaskRunner pid=2199620)[0m                                  'use_kl_loss': False},
[36m(TaskRunner pid=2199620)[0m                        'hybrid_engine': True,
[36m(TaskRunner pid=2199620)[0m                        'model': {'_target_': 'verl_omni.workers.config.diffusion.DiffusionModelConfig',
[36m(TaskRunner pid=2199620)[0m                                  'algo': {'_target_': 'verl_omni.workers.config.diffusion.DiffusionRolloutAlgoConfig',
[36m(TaskRunner pid=2199620)[0m                                           'noise_level': 1.2,
[36m(TaskRunner pid=2199620)[0m                                           'sde_type': 'dance_sde',
[36m(TaskRunner pid=2199620)[0m                                           'sde_window_range': [0, 5],
[36m(TaskRunner pid=2199620)[0m                                           'sde_window_size': 2},
[36m(TaskRunner pid=2199620)[0m                                  'algorithm': 'dance_grpo',
[36m(TaskRunner pid=2199620)[0m                                  'attn_backend': 'native',
[36m(TaskRunner pid=2199620)[0m                                  'config_path': None,
[36m(TaskRunner pid=2199620)[0m                                  'custom_chat_template': '{% if messages %}{% '
[36m(TaskRunner pid=2199620)[0m                                                          'for message in '
[36m(TaskRunner pid=2199620)[0m                                                          'messages %}{% if '
[36m(TaskRunner pid=2199620)[0m                                                          'message["role"] == '
[36m(TaskRunner pid=2199620)[0m                                                          '"user" %}{{ '
[36m(TaskRunner pid=2199620)[0m                                                          'message["content"] '
[36m(TaskRunner pid=2199620)[0m                                                          '}}{% endif %}{% '
[36m(TaskRunner pid=2199620)[0m                                                          'endfor %}{% endif '
[36m(TaskRunner pid=2199620)[0m                                                          '%}</s>',
[36m(TaskRunner pid=2199620)[0m                                  'enable_gradient_checkpointing': True,
[36m(TaskRunner pid=2199620)[0m                                  'exclude_modules': None,
[36m(TaskRunner pid=2199620)[0m                                  'external_lib': None,
[36m(TaskRunner pid=2199620)[0m                                  'fsdp_layer_prefixes': ['transformer_blocks.'],
[36m(TaskRunner pid=2199620)[0m                                  'lora_adapter_path': None,
[36m(TaskRunner pid=2199620)[0m                                  'lora_alpha': 64,
[36m(TaskRunner pid=2199620)[0m                                  'lora_dtype': None,
[36m(TaskRunner pid=2199620)[0m                                  'lora_init_weights': 'gaussian',
[36m(TaskRunner pid=2199620)[0m                                  'lora_rank': 0,
[36m(TaskRunner pid=2199620)[0m                                  'model_type': 'diffusion_model',
[36m(TaskRunner pid=2199620)[0m                                  'mtp': {'_target_': 'verl.workers.config.MtpConfig',
[36m(TaskRunner pid=2199620)[0m                                          'enable': False},
[36m(TaskRunner pid=2199620)[0m                                  'path': '/data/models/Wan2.2-TI2V-5B-Diffusers',
[36m(TaskRunner pid=2199620)[0m                                  'pipeline': {'_target_': 'verl_omni.workers.config.diffusion.DiffusionPipelineConfig',
[36m(TaskRunner pid=2199620)[0m                                               'guidance_scale': 5.0,
[36m(TaskRunner pid=2199620)[0m                                               'height': 704,
[36m(TaskRunner pid=2199620)[0m                                               'max_sequence_length': 1024,
[36m(TaskRunner pid=2199620)[0m                                               'num_frames': 8,
[36m(TaskRunner pid=2199620)[0m                                               'num_inference_steps': 10,
[36m(TaskRunner pid=2199620)[0m                                               'true_cfg_scale': 5.0,
[36m(TaskRunner pid=2199620)[0m                                               'width': 1280},
[36m(TaskRunner pid=2199620)[0m                                  'policy_state_adapters': ['default'],
[36m(TaskRunner pid=2199620)[0m                                  'target_modules': 'all-linear',
[36m(TaskRunner pid=2199620)[0m                                  'target_parameters': None,
[36m(TaskRunner pid=2199620)[0m                                  'tokenizer_path': None,
[36m(TaskRunner pid=2199620)[0m                                  'transformer_subfolder': 'transformer',
[36m(TaskRunner pid=2199620)[0m                                  'trust_remote_code': False,
[36m(TaskRunner pid=2199620)[0m                                  'use_shm': False},
[36m(TaskRunner pid=2199620)[0m                        'nccl_timeout': 600,
[36m(TaskRunner pid=2199620)[0m                        'ref': {'_target_': 'verl_omni.workers.config.diffusion.FSDPDiffusionActorConfig',
[36m(TaskRunner pid=2199620)[0m                                'fsdp_config': {'_target_': 'verl.workers.config.FSDPEngineConfig',
[36m(TaskRunner pid=2199620)[0m                                                'dtype': 'bfloat16',
[36m(TaskRunner pid=2199620)[0m                                                'forward_only': True,
[36m(TaskRunner pid=2199620)[0m                                                'forward_prefetch': False,
[36m(TaskRunner pid=2199620)[0m                                                'fsdp_size': -1,
[36m(TaskRunner pid=2199620)[0m                                                'full_determinism': False,
[36m(TaskRunner pid=2199620)[0m                                                'model_dtype': 'fp32',
[36m(TaskRunner pid=2199620)[0m                                                'offload_policy': False,
[36m(TaskRunner pid=2199620)[0m                                                'optimizer_offload': False,
[36m(TaskRunner pid=2199620)[0m                                                'param_offload': False,
[36m(TaskRunner pid=2199620)[0m                                                'reshard_after_forward': True,
[36m(TaskRunner pid=2199620)[0m                                                'seed': 42,
[36m(TaskRunner pid=2199620)[0m                                                'strategy': 'fsdp',
[36m(TaskRunner pid=2199620)[0m                                                'ulysses_sequence_parallel_size': 1,
[36m(TaskRunner pid=2199620)[0m                                                'use_orig_params': False,
[36m(TaskRunner pid=2199620)[0m                                                'wrap_policy': {'min_num_params': 0}},
[36m(TaskRunner pid=2199620)[0m                                'log_prob_micro_batch_size_per_gpu': 16,
[36m(TaskRunner pid=2199620)[0m                                'profiler': {'_target_': 'verl.utils.profiler.ProfilerConfig',
[36m(TaskRunner pid=2199620)[0m                                             'all_ranks': False,
[36m(TaskRunner pid=2199620)[0m                                             'enable': False,
[36m(TaskRunner pid=2199620)[0m                                             'ranks': [],
[36m(TaskRunner pid=2199620)[0m                                             'save_path': 'outputs/profile',
[36m(TaskRunner pid=2199620)[0m                                             'tool': 'torch',
[36m(TaskRunner pid=2199620)[0m                                             'tool_config': {'nsys': {'_target_': 'verl.utils.profiler.config.NsightToolConfig',
[36m(TaskRunner pid=2199620)[0m                                                                      'discrete': False,
[36m(TaskRunner pid=2199620)[0m                                                                      'name': 'nsight'},
[36m(TaskRunner pid=2199620)[0m                                                             'torch': {'_target_': 'verl.utils.profiler.config.TorchProfilerToolConfig',
[36m(TaskRunner pid=2199620)[0m                                                                       'contents': [],
[36m(TaskRunner pid=2199620)[0m                                                                       'discrete': False,
[36m(TaskRunner pid=2199620)[0m                                                                       'name': 'torch'},
[36m(TaskRunner pid=2199620)[0m                                                             'torch_memory': {'_target_': 'verl.utils.profiler.config.TorchMemoryToolConfig',
[36m(TaskRunner pid=2199620)[0m                                                                              'name': 'torch_memory',
[36m(TaskRunner pid=2199620)[0m                                                                              'stack_depth': 32,
[36m(TaskRunner pid=2199620)[0m                                                                              'trace_alloc_max_entries': 100000}}},
[36m(TaskRunner pid=2199620)[0m                                'rollout_n': 8,
[36m(TaskRunner pid=2199620)[0m                                'strategy': 'fsdp'},
[36m(TaskRunner pid=2199620)[0m                        'rollout': {'_target_': 'verl_omni.workers.config.diffusion.DiffusionRolloutConfig',
[36m(TaskRunner pid=2199620)[0m                                    'agent': {'_target_': 'verl.workers.config.AgentLoopConfig',
[36m(TaskRunner pid=2199620)[0m                                              'default_agent_loop': 'diffusion_single_turn_agent',
[36m(TaskRunner pid=2199620)[0m                                              'num_workers': 2},
[36m(TaskRunner pid=2199620)[0m                                    'algo': {'_target_': 'verl_omni.workers.config.diffusion.DiffusionRolloutAlgoConfig',
[36m(TaskRunner pid=2199620)[0m                                             'iters_per_group': 1,
[36m(TaskRunner pid=2199620)[0m                                             'noise_level': 1.2,
[36m(TaskRunner pid=2199620)[0m                                             'sample_strategy': 'random',
[36m(TaskRunner pid=2199620)[0m                                             'sde_type': 'dance_sde',
[36m(TaskRunner pid=2199620)[0m                                             'sde_window_range': [0, 5],
[36m(TaskRunner pid=2199620)[0m                                             'sde_window_seed': 0,
[36m(TaskRunner pid=2199620)[0m                                             'sde_window_size': 2},
[36m(TaskRunner pid=2199620)[0m                                    'calculate_log_probs': False,
[36m(TaskRunner pid=2199620)[0m                                    'checkpoint_engine': {'_target_': 'verl.workers.config.CheckpointEngineConfig',
[36m(TaskRunner pid=2199620)[0m                                                          'backend': 'naive',
[36m(TaskRunner pid=2199620)[0m                                                          'custom_backend_module': None,
[36m(TaskRunner pid=2199620)[0m                                                          'engine_kwargs': {},
[36m(TaskRunner pid=2199620)[0m                                                          'update_weights_bucket_megabytes': 2048},
[36m(TaskRunner pid=2199620)[0m                                    'cudagraph_capture_sizes': None,
[36m(TaskRunner pid=2199620)[0m                                    'data_parallel_size': 1,
[36m(TaskRunner pid=2199620)[0m                                    'disable_log_stats': True,
[36m(TaskRunner pid=2199620)[0m                                    'disaggregation': {'_target_': 'verl.workers.config.DisaggregationConfig',
[36m(TaskRunner pid=2199620)[0m                                                       'enabled': False},
[36m(TaskRunner pid=2199620)[0m                                    'dtype': 'bfloat16',
[36m(TaskRunner pid=2199620)[0m                                    'enable_chunked_prefill': True,
[36m(TaskRunner pid=2199620)[0m                                    'enable_prefix_caching': True,
[36m(TaskRunner pid=2199620)[0m                                    'enable_rollout_routing_replay': False,
[36m(TaskRunner pid=2199620)[0m                                    'enforce_eager': False,
[36m(TaskRunner pid=2199620)[0m                                    'engine_kwargs': {'vllm_omni': {}},
[36m(TaskRunner pid=2199620)[0m                                    'expert_parallel_size': 1,
[36m(TaskRunner pid=2199620)[0m                                    'external_lib': None,
[36m(TaskRunner pid=2199620)[0m                                    'free_cache_engine': True,
[36m(TaskRunner pid=2199620)[0m                                    'gpu_memory_utilization': 0.5,
[36m(TaskRunner pid=2199620)[0m                                    'layered_summon': True,
[36m(TaskRunner pid=2199620)[0m                                    'load_format': 'safetensors',
[36m(TaskRunner pid=2199620)[0m                                    'log_prob_micro_batch_size_per_gpu': 16,
[36m(TaskRunner pid=2199620)[0m                                    'logprobs_mode': 'processed_logprobs',
[36m(TaskRunner pid=2199620)[0m                                    'max_model_len': None,
[36m(TaskRunner pid=2199620)[0m                                    'max_num_batched_tokens': 8192,
[36m(TaskRunner pid=2199620)[0m                                    'max_num_seqs': 1024,
[36m(TaskRunner pid=2199620)[0m                                    'mode': 'async',
[36m(TaskRunner pid=2199620)[0m                                    'mtp': {'_target_': 'verl.workers.config.MtpConfig',
[36m(TaskRunner pid=2199620)[0m                                            'enable': False},
[36m(TaskRunner pid=2199620)[0m                                    'multi_turn': {'_target_': 'verl.workers.config.MultiTurnConfig',
[36m(TaskRunner pid=2199620)[0m                                                   'enable': False},
[36m(TaskRunner pid=2199620)[0m                                    'n': 8,
[36m(TaskRunner pid=2199620)[0m                                    'n_gpus_per_node': 2,
[36m(TaskRunner pid=2199620)[0m                                    'name': 'vllm_omni',
[36m(TaskRunner pid=2199620)[0m                                    'nnodes': 0,
[36m(TaskRunner pid=2199620)[0m                                    'pipeline': {'_target_': 'verl_omni.workers.config.diffusion.DiffusionPipelineConfig',
[36m(TaskRunner pid=2199620)[0m                                                 'guidance_scale': 5.0,
[36m(TaskRunner pid=2199620)[0m                                                 'height': 704,
[36m(TaskRunner pid=2199620)[0m                                                 'max_sequence_length': 1024,
[36m(TaskRunner pid=2199620)[0m                                                 'num_frames': 8,
[36m(TaskRunner pid=2199620)[0m                                                 'num_inference_steps': 10,
[36m(TaskRunner pid=2199620)[0m                                                 'true_cfg_scale': 5.0,
[36m(TaskRunner pid=2199620)[0m                                                 'width': 1280},
[36m(TaskRunner pid=2199620)[0m                                    'pipeline_model_parallel_size': 1,
[36m(TaskRunner pid=2199620)[0m                                    'profiler': {'_target_': 'verl.utils.profiler.ProfilerConfig',
[36m(TaskRunner pid=2199620)[0m                                                 'all_ranks': False,
[36m(TaskRunner pid=2199620)[0m                                                 'enable': False,
[36m(TaskRunner pid=2199620)[0m                                                 'ranks': [],
[36m(TaskRunner pid=2199620)[0m                                                 'save_path': 'outputs/profile',
[36m(TaskRunner pid=2199620)[0m                                                 'tool': 'torch',
[36m(TaskRunner pid=2199620)[0m                                                 'tool_config': {'nsys': {'_target_': 'verl.utils.profiler.config.NsightToolConfig',
[36m(TaskRunner pid=2199620)[0m                                                                          'discrete': False,
[36m(TaskRunner pid=2199620)[0m                                                                          'name': 'nsight'},
[36m(TaskRunner pid=2199620)[0m                                                                 'torch': {'_target_': 'verl.utils.profiler.config.TorchProfilerToolConfig',
[36m(TaskRunner pid=2199620)[0m                                                                           'contents': [],
[36m(TaskRunner pid=2199620)[0m                                                                           'discrete': False,
[36m(TaskRunner pid=2199620)[0m                                                                           'name': 'torch'},
[36m(TaskRunner pid=2199620)[0m                                                                 'torch_memory': {'_target_': 'verl.utils.profiler.config.TorchMemoryToolConfig',
[36m(TaskRunner pid=2199620)[0m                                                                                  'name': 'torch_memory',
[36m(TaskRunner pid=2199620)[0m                                                                                  'stack_depth': 32,
[36m(TaskRunner pid=2199620)[0m                                                                                  'trace_alloc_max_entries': 100000}}},
[36m(TaskRunner pid=2199620)[0m                                    'prometheus': {'_target_': 'verl.workers.config.PrometheusConfig',
[36m(TaskRunner pid=2199620)[0m                                                   'enable': False},
[36m(TaskRunner pid=2199620)[0m                                    'prompt_length': 1024,
[36m(TaskRunner pid=2199620)[0m                                    'quantization': None,
[36m(TaskRunner pid=2199620)[0m                                    'rollout_adapter': 'default',
[36m(TaskRunner pid=2199620)[0m                                    'rollout_attn_backend': 'TORCH_SDPA',
[36m(TaskRunner pid=2199620)[0m                                    'scheduling_policy': 'fcfs',
[36m(TaskRunner pid=2199620)[0m                                    'seed': 42,
[36m(TaskRunner pid=2199620)[0m                                    'skip_tokenizer_init': True,
[36m(TaskRunner pid=2199620)[0m                                    'step_execution': False,
[36m(TaskRunner pid=2199620)[0m                                    'tensor_model_parallel_size': 1,
[36m(TaskRunner pid=2199620)[0m                                    'val_kwargs': {'_target_': 'verl_omni.workers.config.diffusion.DiffusionSamplingConfig',
[36m(TaskRunner pid=2199620)[0m                                                   'algo': {'_target_': 'verl_omni.workers.config.diffusion.DiffusionRolloutAlgoConfig',
[36m(TaskRunner pid=2199620)[0m                                                            'noise_level': 0.0,
[36m(TaskRunner pid=2199620)[0m                                                            'sde_type': 'dance_sde',
[36m(TaskRunner pid=2199620)[0m                                                            'sde_window_range': [0,
[36m(TaskRunner pid=2199620)[0m                                                                                 5],
[36m(TaskRunner pid=2199620)[0m                                                            'sde_window_size': 2},
[36m(TaskRunner pid=2199620)[0m                                                   'n': 1,
[36m(TaskRunner pid=2199620)[0m                                                   'pipeline': {'_target_': 'verl_omni.workers.config.diffusion.DiffusionPipelineConfig',
[36m(TaskRunner pid=2199620)[0m                                                                'guidance_scale': 5.0,
[36m(TaskRunner pid=2199620)[0m                                                                'height': 704,
[36m(TaskRunner pid=2199620)[0m                                                                'max_sequence_length': 1024,
[36m(TaskRunner pid=2199620)[0m                                                                'num_frames': 8,
[36m(TaskRunner pid=2199620)[0m                                                                'num_inference_steps': 50,
[36m(TaskRunner pid=2199620)[0m                                                                'true_cfg_scale': 5.0,
[36m(TaskRunner pid=2199620)[0m                                                                'width': 1280}}}},
[36m(TaskRunner pid=2199620)[0m  'algorithm': {'_target_': 'verl_omni.trainer.config.DiffusionAlgoConfig',
[36m(TaskRunner pid=2199620)[0m                'adv_estimator': 'dance_grpo',
[36m(TaskRunner pid=2199620)[0m                'adv_mode': 'continuous',
[36m(TaskRunner pid=2199620)[0m                'global_std': True,
[36m(TaskRunner pid=2199620)[0m                'norm_adv_by_std_in_grpo': True,
[36m(TaskRunner pid=2199620)[0m                'old_policy_decay': None,
[36m(TaskRunner pid=2199620)[0m                'old_policy_decay_schedule': 'copy',
[36m(TaskRunner pid=2199620)[0m                'old_policy_update_interval': 1,
[36m(TaskRunner pid=2199620)[0m                'paired_preference': False,
[36m(TaskRunner pid=2199620)[0m                'rollout_correction': {'_target_': 'verl.trainer.config.algorithm.RolloutCorrectionConfig',
[36m(TaskRunner pid=2199620)[0m                                       'bypass_mode': False,
[36m(TaskRunner pid=2199620)[0m                                       'loss_type': 'ppo_clip',
[36m(TaskRunner pid=2199620)[0m                                       'rollout_is': None,
[36m(TaskRunner pid=2199620)[0m                                       'rollout_is_batch_normalize': False,
[36m(TaskRunner pid=2199620)[0m                                       'rollout_is_threshold': 2.0,
[36m(TaskRunner pid=2199620)[0m                                       'rollout_rs': None,
[36m(TaskRunner pid=2199620)[0m                                       'rollout_rs_threshold': None},
[36m(TaskRunner pid=2199620)[0m                'sample_source': 'online',
[36m(TaskRunner pid=2199620)[0m                'timestep_fraction': 1.0,
[36m(TaskRunner pid=2199620)[0m                'trainer_type': 'policy_gradient'},
[36m(TaskRunner pid=2199620)[0m  'data': {'apply_chat_template_kwargs': {},
[36m(TaskRunner pid=2199620)[0m           'custom_cls': {'collate_fn': None, 'name': None, 'path': None},
[36m(TaskRunner pid=2199620)[0m           'datagen': {'name': None, 'path': None},
[36m(TaskRunner pid=2199620)[0m           'dataloader_num_workers': 8,
[36m(TaskRunner pid=2199620)[0m           'filter_overlong_prompts': False,
[36m(TaskRunner pid=2199620)[0m           'filter_overlong_prompts_workers': 1,
[36m(TaskRunner pid=2199620)[0m           'image_key': 'images',
[36m(TaskRunner pid=2199620)[0m           'image_patch_size': 14,
[36m(TaskRunner pid=2199620)[0m           'max_prompt_length': 1024,
[36m(TaskRunner pid=2199620)[0m           'max_response_length': 512,
[36m(TaskRunner pid=2199620)[0m           'prompt_key': 'prompt',
[36m(TaskRunner pid=2199620)[0m           'return_full_prompt': False,
[36m(TaskRunner pid=2199620)[0m           'return_multi_modal_inputs': True,
[36m(TaskRunner pid=2199620)[0m           'return_raw_chat': True,
[36m(TaskRunner pid=2199620)[0m           'return_raw_input_ids': False,
[36m(TaskRunner pid=2199620)[0m           'reward_fn_key': 'data_source',
[36m(TaskRunner pid=2199620)[0m           'sampler': {'class_name': None, 'class_path': None},
[36m(TaskRunner pid=2199620)[0m           'seed': 42,
[36m(TaskRunner pid=2199620)[0m           'shuffle': True,
[36m(TaskRunner pid=2199620)[0m           'tokenizer': None,
[36m(TaskRunner pid=2199620)[0m           'tool_config_path': None,
[36m(TaskRunner pid=2199620)[0m           'train_batch_size': 4,
[36m(TaskRunner pid=2199620)[0m           'train_files': '/data/verl-omni/workspace/data/ocr/wan22/train.parquet',
[36m(TaskRunner pid=2199620)[0m           'train_max_samples': -1,
[36m(TaskRunner pid=2199620)[0m           'truncation': 'error',
[36m(TaskRunner pid=2199620)[0m           'trust_remote_code': False,
[36m(TaskRunner pid=2199620)[0m           'use_shm': False,
[36m(TaskRunner pid=2199620)[0m           'val_batch_size': 8,
[36m(TaskRunner pid=2199620)[0m           'val_files': '/data/verl-omni/workspace/data/ocr/wan22/test_smoke.parquet',
[36m(TaskRunner pid=2199620)[0m           'val_max_samples': -1,
[36m(TaskRunner pid=2199620)[0m           'validation_shuffle': False,
[36m(TaskRunner pid=2199620)[0m           'video_key': 'videos'},
[36m(TaskRunner pid=2199620)[0m  'global_profiler': {'_target_': 'verl.utils.profiler.ProfilerConfig',
[36m(TaskRunner pid=2199620)[0m                      'global_tool_config': {'nsys': {'_target_': 'verl.utils.profiler.config.NsightToolConfig',
[36m(TaskRunner pid=2199620)[0m                                                      'controller_nsight_options': {'cuda-graph-trace': 'graph',
[36m(TaskRunner pid=2199620)[0m                                                                                    'cuda-memory-usage': 'true',
[36m(TaskRunner pid=2199620)[0m                                                                                    'trace': 'cuda,nvtx,cublas,ucx'},
[36m(TaskRunner pid=2199620)[0m                                                      'discrete': False,
[36m(TaskRunner pid=2199620)[0m                                                      'worker_nsight_options': {'capture-range': 'cudaProfilerApi',
[36m(TaskRunner pid=2199620)[0m                                                                                'capture-range-end': None,
[36m(TaskRunner pid=2199620)[0m                                                                                'cuda-graph-trace': 'graph',
[36m(TaskRunner pid=2199620)[0m                                                                                'cuda-memory-usage': 'true',
[36m(TaskRunner pid=2199620)[0m                                                                                'kill': 'none',
[36m(TaskRunner pid=2199620)[0m                                                                                'trace': 'cuda,nvtx,cublas,ucx'}},
[36m(TaskRunner pid=2199620)[0m                                             'torch_memory': {'context': 'all',
[36m(TaskRunner pid=2199620)[0m                                                              'kw_args': {},
[36m(TaskRunner pid=2199620)[0m                                                              'stack_depth': 32,
[36m(TaskRunner pid=2199620)[0m                                                              'stacks': 'all',
[36m(TaskRunner pid=2199620)[0m                                                              'trace_alloc_max_entries': 100000}},
[36m(TaskRunner pid=2199620)[0m                      'profile_continuous_steps': False,
[36m(TaskRunner pid=2199620)[0m                      'save_path': 'outputs/profile',
[36m(TaskRunner pid=2199620)[0m                      'steps': None,
[36m(TaskRunner pid=2199620)[0m                      'tool': None},
[36m(TaskRunner pid=2199620)[0m  'model_engine': 'dp_diffusion',
[36m(TaskRunner pid=2199620)[0m  'ray_kwargs': {'ray_init': {'num_cpus': None}, 'timeline_json_file': None},
[36m(TaskRunner pid=2199620)[0m  'reward': {'aggregation': 'weighted_sum',
[36m(TaskRunner pid=2199620)[0m             'custom_reward_function': {'name': 'compute_score_ocr',
[36m(TaskRunner pid=2199620)[0m                                        'path': 'verl_omni/utils/reward_score/genrm_ocr.py'},
[36m(TaskRunner pid=2199620)[0m             'num_workers': 2,
[36m(TaskRunner pid=2199620)[0m             'reward_functions': {},
[36m(TaskRunner pid=2199620)[0m             'reward_manager': {'_target_': 'verl.workers.config.reward_model.RewardManagerConfig',
[36m(TaskRunner pid=2199620)[0m                                'module': {'_target_': 'verl.trainer.config.config.ModuleConfig',
[36m(TaskRunner pid=2199620)[0m                                           'path': 'pkg://verl_omni.reward_loop.reward_manager'},
[36m(TaskRunner pid=2199620)[0m                                'name': 'VisualRewardManager',
[36m(TaskRunner pid=2199620)[0m                                'source': 'importlib'},
[36m(TaskRunner pid=2199620)[0m             'reward_model': {'enable': True,
[36m(TaskRunner pid=2199620)[0m                              'enable_resource_pool': False,
[36m(TaskRunner pid=2199620)[0m                              'model_path': '/data/models/Qwen3-VL-8B-Instruct',
[36m(TaskRunner pid=2199620)[0m                              'n_gpus_per_node': 8,
[36m(TaskRunner pid=2199620)[0m                              'nnodes': 0,
[36m(TaskRunner pid=2199620)[0m                              'rollout': {'_target_': 'verl.workers.config.RolloutConfig',
[36m(TaskRunner pid=2199620)[0m                                          'cudagraph_capture_sizes': None,
[36m(TaskRunner pid=2199620)[0m                                          'data_parallel_size': 1,
[36m(TaskRunner pid=2199620)[0m                                          'disable_log_stats': True,
[36m(TaskRunner pid=2199620)[0m                                          'disaggregation': {'bootstrap_port': None,
[36m(TaskRunner pid=2199620)[0m                                                             'decode_replicas': 1,
[36m(TaskRunner pid=2199620)[0m                                                             'decode_tensor_model_parallel_size': None,
[36m(TaskRunner pid=2199620)[0m                                                             'enabled': False,
[36m(TaskRunner pid=2199620)[0m                                                             'ib_device': None,
[36m(TaskRunner pid=2199620)[0m                                                             'prefill_replicas': 1,
[36m(TaskRunner pid=2199620)[0m                                                             'transfer_backend': 'nixl'},
[36m(TaskRunner pid=2199620)[0m                                          'do_sample': True,
[36m(TaskRunner pid=2199620)[0m                                          'dtype': 'bfloat16',
[36m(TaskRunner pid=2199620)[0m                                          'enable_chunked_prefill': True,
[36m(TaskRunner pid=2199620)[0m                                          'enable_prefix_caching': True,
[36m(TaskRunner pid=2199620)[0m                                          'enforce_eager': True,
[36m(TaskRunner pid=2199620)[0m                                          'engine_kwargs': {},
[36m(TaskRunner pid=2199620)[0m                                          'expert_parallel_size': 1,
[36m(TaskRunner pid=2199620)[0m                                          'free_cache_engine': True,
[36m(TaskRunner pid=2199620)[0m                                          'gpu_memory_utilization': 0.5,
[36m(TaskRunner pid=2199620)[0m                                          'ignore_eos': False,
[36m(TaskRunner pid=2199620)[0m                                          'layered_summon': False,
[36m(TaskRunner pid=2199620)[0m                                          'limit_images': None,
[36m(TaskRunner pid=2199620)[0m                                          'load_format': 'auto',
[36m(TaskRunner pid=2199620)[0m                                          'max_model_len': 32768,
[36m(TaskRunner pid=2199620)[0m                                          'max_num_batched_tokens': 8192,
[36m(TaskRunner pid=2199620)[0m                                          'max_num_seqs': 1024,
[36m(TaskRunner pid=2199620)[0m                                          'mtp': None,
[36m(TaskRunner pid=2199620)[0m                                          'multi_stage_wake_up': False,
[36m(TaskRunner pid=2199620)[0m                                          'n': 1,
[36m(TaskRunner pid=2199620)[0m                                          'name': 'vllm',
[36m(TaskRunner pid=2199620)[0m                                          'pipeline_model_parallel_size': 1,
[36m(TaskRunner pid=2199620)[0m                                          'profiler': {'_target_': 'verl.utils.profiler.ProfilerConfig',
[36m(TaskRunner pid=2199620)[0m                                                       'all_ranks': False,
[36m(TaskRunner pid=2199620)[0m                                                       'enable': False,
[36m(TaskRunner pid=2199620)[0m                                                       'ranks': [],
[36m(TaskRunner pid=2199620)[0m                                                       'save_path': 'outputs/profile/reward_model',
[36m(TaskRunner pid=2199620)[0m                                                       'tool': 'torch',
[36m(TaskRunner pid=2199620)[0m                                                       'tool_config': {'nsys': {'_target_': 'verl.utils.profiler.config.NsightToolConfig',
[36m(TaskRunner pid=2199620)[0m                                                                                'discrete': False,
[36m(TaskRunner pid=2199620)[0m                                                                                'name': 'nsight'},
[36m(TaskRunner pid=2199620)[0m                                                                       'torch': {'_target_': 'verl.utils.profiler.config.TorchProfilerToolConfig',
[36m(TaskRunner pid=2199620)[0m                                                                                 'contents': [],
[36m(TaskRunner pid=2199620)[0m                                                                                 'discrete': False,
[36m(TaskRunner pid=2199620)[0m                                                                                 'name': 'torch'},
[36m(TaskRunner pid=2199620)[0m                                                                       'torch_memory': {'_target_': 'verl.utils.profiler.config.TorchMemoryToolConfig',
[36m(TaskRunner pid=2199620)[0m                                                                                        'name': 'torch_memory',
[36m(TaskRunner pid=2199620)[0m                                                                                        'stack_depth': 32,
[36m(TaskRunner pid=2199620)[0m                                                                                        'trace_alloc_max_entries': 100000}}},
[36m(TaskRunner pid=2199620)[0m                                          'prompt_length': 2048,
[36m(TaskRunner pid=2199620)[0m                                          'quantization': None,
[36m(TaskRunner pid=2199620)[0m                                          'quantization_config_file': None,
[36m(TaskRunner pid=2199620)[0m                                          'response_length': 2048,
[36m(TaskRunner pid=2199620)[0m                                          'scheduling_policy': 'fcfs',
[36m(TaskRunner pid=2199620)[0m                                          'skip_tokenizer_init': False,
[36m(TaskRunner pid=2199620)[0m                                          'temperature': 1.0,
[36m(TaskRunner pid=2199620)[0m                                          'tensor_model_parallel_size': 1,
[36m(TaskRunner pid=2199620)[0m                                          'top_k': -1,
[36m(TaskRunner pid=2199620)[0m                                          'top_p': 1}},
[36m(TaskRunner pid=2199620)[0m             'sandbox_fusion': {'max_concurrent': 64,
[36m(TaskRunner pid=2199620)[0m                                'memory_limit_mb': 1024,
[36m(TaskRunner pid=2199620)[0m                                'url': None}},
[36m(TaskRunner pid=2199620)[0m  'skip': {'_target_': 'verl.utils.skip.SkipManagerConfig',
[36m(TaskRunner pid=2199620)[0m           'async_rollout': {'action': 'cache',
[36m(TaskRunner pid=2199620)[0m                             'dump_dir': '~/.verl/rollout_dump',
[36m(TaskRunner pid=2199620)[0m                             'enable': False,
[36m(TaskRunner pid=2199620)[0m                             'steps': []},
[36m(TaskRunner pid=2199620)[0m           'rollout': {'action': 'cache',
[36m(TaskRunner pid=2199620)[0m                       'dump_dir': '~/.verl/rollout_dump',
[36m(TaskRunner pid=2199620)[0m                       'enable': False,
[36m(TaskRunner pid=2199620)[0m                       'steps': []}},
[36m(TaskRunner pid=2199620)[0m  'trainer': {'default_hdfs_dir': None,
[36m(TaskRunner pid=2199620)[0m              'default_local_dir': 'checkpoints/dance_grpo/wan22_5b_t2v_ocr_s150',
[36m(TaskRunner pid=2199620)[0m              'del_local_ckpt_after_load': False,
[36m(TaskRunner pid=2199620)[0m              'device': 'cuda',
[36m(TaskRunner pid=2199620)[0m              'esi_redundant_time': 0,
[36m(TaskRunner pid=2199620)[0m              'experiment_name': 'wan22_5b_t2v_ocr_s150',
[36m(TaskRunner pid=2199620)[0m              'log_val_generations': 8,
[36m(TaskRunner pid=2199620)[0m              'logger': ['console', 'tensorboard'],
[36m(TaskRunner pid=2199620)[0m              'max_actor_ckpt_to_keep': None,
[36m(TaskRunner pid=2199620)[0m              'n_gpus_per_node': 2,
[36m(TaskRunner pid=2199620)[0m              'nnodes': 1,
[36m(TaskRunner pid=2199620)[0m              'project_name': 'dance_grpo',
[36m(TaskRunner pid=2199620)[0m              'ray_wait_register_center_timeout': 300,
[36m(TaskRunner pid=2199620)[0m              'resume_from_path': None,
[36m(TaskRunner pid=2199620)[0m              'resume_mode': 'auto',
[36m(TaskRunner pid=2199620)[0m              'rollout_data_dir': None,
[36m(TaskRunner pid=2199620)[0m              'rollout_data_max_samples': None,
[36m(TaskRunner pid=2199620)[0m              'rollout_data_save_freq': 1,
[36m(TaskRunner pid=2199620)[0m              'save_freq': 25,
[36m(TaskRunner pid=2199620)[0m              'test_freq': 25,
[36m(TaskRunner pid=2199620)[0m              'total_epochs': 15,
[36m(TaskRunner pid=2199620)[0m              'total_training_steps': 150,
[36m(TaskRunner pid=2199620)[0m              'use_v1': False,
[36m(TaskRunner pid=2199620)[0m              'v1': {'colocate_async': {'num_warmup_batches': 1},
[36m(TaskRunner pid=2199620)[0m                     'sampler': {'custom_sampler': {'name': None, 'path': None},
[36m(TaskRunner pid=2199620)[0m                                 'max_off_policy_strategy': 'drop',[36m(TaskRunner pid=2199620)[0m /data/verl-omni/.venv/lib/python3.12/site-packages/verl/utils/tokenizer.py:242: UserWarning: Failed to create processor: Unrecognized processing class in /data/models/Wan2.2-TI2V-5B-Diffusers. Can't instantiate a processor, a tokenizer, an image processor, a video processor or a feature extractor for this model. Make sure the repository contains the files of at least one of those processing classes.. This may affect multimodal processing
[36m(TaskRunner pid=2199620)[0m   warnings.warn(f"Failed to create processor: {e}. This may affect multimodal processing", stacklevel=1)
[36m(pid=2202868)[0m /data/verl-omni/.venv/lib/python3.12/site-packages/verl/workers/engine/mindspeed/transformer_impl.py:24: UserWarning: NPU not support router replay for now.
[36m(pid=2202868)[0m   from verl.utils.megatron.router_replay_patch import RouterReplay
[36m(pid=2202864)[0m /data/verl-omni/.venv/lib/python3.12/site-packages/verl/workers/engine/mindspeed/transformer_impl.py:24: UserWarning: NPU not support router replay for now.
[36m(pid=2202864)[0m   from verl.utils.megatron.router_replay_patch import RouterReplay
[36m(WorkerDict pid=2202868)[0m /data/verl-omni/verl_omni/workers/engine_workers.py:173: RuntimeWarning: DiffusionFlopsCounter: no FLOPs estimator registered for architecture 'WanPipeline'. MFU will report 0. Register one with @register_diffusion_architecture('WanPipeline').
[36m(WorkerDict pid=2202868)[0m   self.flops_counter = DiffusionFlopsCounter(
[36m(WorkerDict pid=2202868)[0m [0;93m2026-08-03 03:24:56.596374542 [W:onnxruntime:Default, device_discovery.cc:285 GetGpuDevices] Failed to detect devices under "/sys/class/drm/card0": device_discovery.cc:94 ReadFileContents Failed to open file: "/sys/class/drm/card0/device/vendor"[m
[36m(WorkerDict pid=2202864)[0m Loading checkpoint shards:   0%|          | 0/5 [00:00<?, ?it/s]
[36m(WorkerDict pid=2202864)[0m Loading checkpoint shards:  20%|██        | 1/5 [00:02<00:08,  2.20s/it]
[36m(WorkerDict pid=2202864)[0m Loading checkpoint shards:  40%|████      | 2/5 [00:04<00:06,  2.18s/it]
[36m(WorkerDict pid=2202864)[0m Loading checkpoint shards:  60%|██████    | 3/5 [00:06<00:04,  2.17s/it]
[36m(WorkerDict pid=2202864)[0m /data/verl-omni/verl_omni/workers/engine_workers.py:173: RuntimeWarning: DiffusionFlopsCounter: no FLOPs estimator registered for architecture 'WanPipeline'. MFU will report 0. Register one with @register_diffusion_architecture('WanPipeline').
[36m(WorkerDict pid=2202864)[0m   self.flops_counter = DiffusionFlopsCounter(
[36m(WorkerDict pid=2202864)[0m [0;93m2026-08-03 03:24:56.593871755 [W:onnxruntime:Default, device_discovery.cc:285 GetGpuDevices] Failed to detect devices under "/sys/class/drm/card0": device_discovery.cc:94 ReadFileContents Failed to open file: "/sys/class/drm/card0/device/vendor"[m
[36m(WorkerDict pid=2202864)[0m Loading checkpoint shards:  80%|████████  | 4/5 [00:08<00:02,  2.04s/it]
[36m(WorkerDict pid=2202864)[0m Loading checkpoint shards: 100%|██████████| 5/5 [00:08<00:00,  1.35s/it]Loading checkpoint shards: 100%|██████████| 5/5 [00:08<00:00,  1.70s/it]
[36m(WorkerDict pid=2202864)[0m Attention backends are an experimental feature and the API may be subject to change.
[36m(WorkerDict pid=2202868)[0m /data/verl-omni/verl_omni/workers/engine/fsdp/diffusers_impl.py:390: FutureWarning: FSDP.state_dict_type() and FSDP.set_state_dict_type() are being deprecated. Please use APIs, get_state_dict() and set_state_dict(), which can support different parallelisms, FSDP1, FSDP2, DDP. API doc: https://pytorch.org/docs/stable/distributed.checkpoint.html#torch.distributed.checkpoint.state_dict.get_state_dict .Tutorial: https://pytorch.org/tutorials/recipes/distributed_checkpoint_recipe.html .
[36m(WorkerDict pid=2202868)[0m   FSDP.set_state_dict_type(
[36m(WorkerDict pid=2202864)[0m WARNING:2026-08-03 03:25:14,766:Setting the sleep level to 1 may cause a memory overflow.
[36m(vLLMHttpServer pid=2210807)[0m [transformers] The `use_fast` parameter is deprecated and will be removed in a future version. Use `backend="torchvision"` instead of `use_fast=True`, or `backend="pil"` instead of `use_fast=False`.
[36m(WorkerDict pid=2202864)[0m /data/verl-omni/verl_omni/workers/engine/fsdp/diffusers_impl.py:390: FutureWarning: FSDP.state_dict_type() and FSDP.set_state_dict_type() are being deprecated. Please use APIs, get_state_dict() and set_state_dict(), which can support different parallelisms, FSDP1, FSDP2, DDP. API doc: https://pytorch.org/docs/stable/distributed.checkpoint.html#torch.distributed.checkpoint.state_dict.get_state_dict .Tutorial: https://pytorch.org/tutorials/recipes/distributed_checkpoint_recipe.html .
[36m(WorkerDict pid=2202864)[0m   FSDP.set_state_dict_type(
[36m(WorkerDict pid=2202868)[0m WARNING:2026-08-03 03:25:15,580:Setting the sleep level to 1 may cause a memory overflow.

[36m(TaskRunner pid=2199620)[0m                                 'max_off_policy_threshold': 8,
[36m(TaskRunner pid=2199620)[0m                                 'sampler_kwargs': {}},
[36m(TaskRunner pid=2199620)[0m                     'separate_async': {'num_warmup_batches': 1,
[36m(TaskRunner pid=2199620)[0m                                        'parameter_sync_step': 4},
[36m(TaskRunner pid=2199620)[0m                     'sync': {},
[36m(TaskRunner pid=2199620)[0m                     'trainer_mode': 'sync'},
[36m(TaskRunner pid=2199620)[0m              'val_before_train': True,
[36m(TaskRunner pid=2199620)[0m              'val_only': False,
[36m(TaskRunner pid=2199620)[0m              'validation_data_dir': '/data/verl-omni/workspace/val_generations/wan22_5b_t2v_ocr_s150',
[36m(TaskRunner pid=2199620)[0m              'validation_data_max_samples': None,
[36m(TaskRunner pid=2199620)[0m              'video_fps': 24},
[36m(TaskRunner pid=2199620)[0m  'transfer_queue': {'backend': {'MooncakeStore': {'auto_init': False,
[36m(TaskRunner pid=2199620)[0m                                                   'device_name': '',
[36m(TaskRunner pid=2199620)[0m                                                   'global_segment_size': 4294967296,
[36m(TaskRunner pid=2199620)[0m                                                   'local_buffer_size': 1073741824,
[36m(TaskRunner pid=2199620)[0m                                                   'local_hostname': 'localhost',
[36m(TaskRunner pid=2199620)[0m                                                   'master_server_address': 'localhost:50124',
[36m(TaskRunner pid=2199620)[0m                                                   'metadata_server': 'localhost:50123',
[36m(TaskRunner pid=2199620)[0m                                                   'protocol': 'tcp'},
[36m(TaskRunner pid=2199620)[0m                                 'SimpleStorage': {'num_data_storage_units': 8,
[36m(TaskRunner pid=2199620)[0m                                                   'total_storage_size': 100000},
[36m(TaskRunner pid=2199620)[0m                                 'storage_backend': 'SimpleStorage'},
[36m(TaskRunner pid=2199620)[0m                     'enable': False,
[36m(TaskRunner pid=2199620)[0m                     'metrics': {'enabled': False, 'port': 0}}}
[36m(TaskRunner pid=2199620)[0m dataset len: 19653
[36m(TaskRunner pid=2199620)[0m dataset len: 64
[36m(TaskRunner pid=2199620)[0m Size of train dataloader: 4913, Size of val dataloader: 8
[36m(TaskRunner pid=2199620)[0m Total training steps: 150
[36m(TaskRunner pid=2199620)[0m colocated worker base class <class 'verl.single_controller.base.worker.Worker'>
[36m(WorkerDict pid=2202864)[0m Warning: Failed to set NUMA affinity: libnuma.so: cannot open shared object file: No such file or directory
[36m(WorkerDict pid=2202864)[0m WanTransformer3DModel contains 5.00B parameters
[36m(WorkerDict pid=2202864)[0m Before FSDP, memory allocated (GB): 0.00, memory reserved (GB): 0.00, device memory used/total (GB): 24.33/95.08
[36m(WorkerDict pid=2202868)[0m Warning: Failed to set NUMA affinity: libnuma.so: cannot open shared object file: No such file or directory
[36m(WorkerDict pid=2202864)[0m After FSDP, memory allocated (GB): 4.66, memory reserved (GB): 5.17, device memory used/total (GB): 30.28/95.08
[36m(WorkerDict pid=2202864)[0m Total steps: 150, num_warmup_steps: 0
[36m(vLLMHttpServer pid=2210807)[0m ['serve',
[36m(vLLMHttpServer pid=2210807)[0m  '/data/models/Qwen3-VL-8B-Instruct',
[36m(vLLMHttpServer pid=2210807)[0m  '--dtype',
[36m(vLLMHttpServer pid=2210807)[0m  'bfloat16',
[36m(vLLMHttpServer pid=2210807)[0m  '--load_format',
[36m(vLLMHttpServer pid=2210807)[0m  'auto',
[36m(vLLMHttpServer pid=2210807)[0m  '--distributed_executor_backend',
[36m(vLLMHttpServer pid=2210807)[0m  'mp',
[36m(vLLMHttpServer pid=2210807)[0m  '--worker_extension_cls',
[36m(vLLMHttpServer pid=2210807)[0m  'verl.workers.rollout.vllm_rollout.utils.vLLMColocateWorkerExtension',
[36m(vLLMHttpServer pid=2210807)[0m  '--max_model_len',
[36m(vLLMHttpServer pid=2210807)[0m  '32768',
[36m(vLLMHttpServer pid=2210807)[0m  '--max_num_seqs',
[36m(vLLMHttpServer pid=2210807)[0m  '1024',
[36m(vLLMHttpServer pid=2210807)[0m  '--enable_chunked_prefill',
[36m(vLLMHttpServer pid=2210807)[0m  '--max_num_batched_tokens',
[36m(vLLMHttpServer pid=2210807)[0m  '8192',
[36m(vLLMHttpServer pid=2210807)[0m  '--enable_prefix_caching',
[36m(vLLMHttpServer pid=2210807)[0m  '--enable_sleep_mode',
[36m(vLLMHttpServer pid=2210807)[0m  '--logprobs_mode',
[36m(vLLMHttpServer pid=2210807)[0m  'processed_logprobs',
[36m(vLLMHttpServer pid=2210807)[0m  '--enforce_eager',
[36m(vLLMHttpServer pid=2210807)[0m  '--gpu_memory_utilization',
[36m(vLLMHttpServer pid=2210807)[0m  '0.5',
[36m(vLLMHttpServer pid=2210807)[0m  '--disable_log_stats',
[36m(vLLMHttpServer pid=2210807)[0m  '--tensor_parallel_size',
[36m(vLLMHttpServer pid=2210807)[0m  '1',
[36m(vLLMHttpServer pid=2210807)[0m  '--seed',
[36m(vLLMHttpServer pid=2210807)[0m  '0',
[36m(vLLMHttpServer pid=2210807)[0m  '--override_generation_config',
[36m(vLLMHttpServer pid=2210807)[0m  '{"temperature": 1.0, "top_k": -1, "top_p": 1, "repetition_penalty": 1.0, '
[36m(vLLMHttpServer pid=2210807)[0m  '"max_new_tokens": 2048}',
[36m(vLLMHttpServer pid=2210807)[0m  '--hf_overrides',
[36m(vLLMHttpServer pid=2210807)[0m  '{}',
[36m(vLLMHttpServer pid=2210807)[0m  '--scheduling_policy',
[36m(vLLMHttpServer pid=2210807)[0m  'fcfs',
[36m(vLLMHttpServer pid=2210807)[0m  '--compilation_config',
[36m(vLLMHttpServer pid=2210807)[0m  '{"cudagraph_mode": "FULL_AND_PIECEWISE"}',
[36m(vLLMHttpServer pid=2210807)[0m  '--profiler_config',
[36m(vLLMHttpServer pid=2210807)[0m  '{"profiler": "torch", "torch_profiler_dir": '
[36m(vLLMHttpServer pid=2210807)[0m  '"outputs/profile/reward_model/agent_loop_rollout_replica_0", '
[36m(vLLMHttpServer pid=2210807)[0m  '"torch_profiler_with_memory": false, "torch_profiler_with_stack": false, '
[36m(vLLMHttpServer pid=2210807)[0m  '"torch_profiler_record_shapes": false, "delay_iterations": 0, '
[36m(vLLMHttpServer pid=2210807)[0m  '"max_iterations": 0, "ignore_frontend": "true"}']
[36m(vLLMHttpServer pid=2210807)[0m WARNING 08-03 03:25:53 [envs.py:2004] Unknown vLLM environment variable detected: VLLM_TORCH_PROFILER_DIR
[36m(vLLMHttpServer pid=2210807)[0m WARNING 08-03 03:25:53 [envs.py:2004] Unknown vLLM environment variable detected: VLLM_TORCH_PROFILER_WITH_STACK
[36m(vLLMHttpServer pid=2210807)[0m WARNING 08-03 03:25:53 [envs.py:2004] Unknown vLLM environment variable detected: VLLM_TORCH_PROFILER_RECORD_SHAPES
[36m(vLLMHttpServer pid=2210807)[0m WARNING 08-03 03:25:53 [envs.py:2004] Unknown vLLM environment variable detected: VLLM_TORCH_PROFILER_WITH_PROFILE_MEMORY
[36m(vLLMHttpServer pid=2210807)[0m WARNING 08-03 03:25:53 [vllm.py:1062] Enforce eager set, disabling torch.compile and CUDAGraphs. This is equivalent to setting -cc.mode=none -cc.cudagraph_mode=none
[36m(vLLMHttpServer pid=2210807)[0m WARNING 08-03 03:25:53 [vllm.py:1110] Inductor compilation was disabled by user settings, optimizations settings that are only active during inductor compilation will be ignored.
[36m(vLLMHttpServer pid=2210807)[0m WARNING 08-03 03:26:02 [system_utils.py:157] We must use the `spawn` multiprocessing start method. Overriding VLLM_WORKER_MULTIPROC_METHOD to 'spawn'. See https://docs.vllm.ai/en/latest/usage/troubleshooting.html#python-multiprocessing for more information. Reasons: In a Ray actor and can only be spawned; CUDA is initialized
[36m(vLLMHttpServer pid=2210689)[0m WARNING 08-03 03:25:55 [envs.py:2004] Unknown vLLM environment variable detected: VLLM_TORCH_PROFILER_DIR
[36m(vLLMHttpServer pid=2210689)[0m WARNING 08-03 03:25:55 [envs.py:2004] Unknown vLLM environment variable detected: VLLM_TORCH_PROFILER_WITH_STACK
[36m(vLLMHttpServer pid=2210689)[0m WARNING 08-03 03:25:55 [envs.py:2004] Unknown vLLM environment variable detected: VLLM_TORCH_PROFILER_RECORD_SHAPES
[36m(vLLMHttpServer pid=2210689)[0m WARNING 08-03 03:25:55 [envs.py:2004] Unknown vLLM environment variable detected: VLLM_TORCH_PROFILER_WITH_PROFILE_MEMORY[36m(vLLMHttpServer pid=2210807)[0m (Worker pid=2214624) [transformers] The `use_fast` parameter is deprecated and will be removed in a future version. Use `backend="torchvision"` instead of `use_fast=True`, or `backend="pil"` instead of `use_fast=False`.
[36m(vLLMHttpServer pid=2210689)[0m [transformers] The `use_fast` parameter is deprecated and will be removed in a future version. Use `backend="torchvision"` instead of `use_fast=True`, or `backend="pil"` instead of `use_fast=False`.
[36m(vLLMHttpServer pid=2210807)[0m (Worker pid=2214624) Loading safetensors checkpoint shards:   0% Completed | 0/4 [00:00<?, ?it/s]
[36m(vLLMHttpServer pid=2210807)[0m (Worker pid=2214624) Loading safetensors checkpoint shards:  25% Completed | 1/4 [00:01<00:03,  1.08s/it]
[36m(vLLMHttpServer pid=2210689)[0m (Worker pid=2214738) [transformers] The `use_fast` parameter is deprecated and will be removed in a future version. Use `backend="torchvision"` instead of `use_fast=True`, or `backend="pil"` instead of `use_fast=False`.
[36m(vLLMHttpServer pid=2210807)[0m (Worker pid=2214624) 
[36m(vLLMHttpServer pid=2210689)[0m (Worker pid=2214738) Loading safetensors checkpoint shards:   0% Completed | 0/4 [00:00<?, ?it/s]
[36m(vLLMHttpServer pid=2210689)[0m (Worker pid=2214738) Loading safetensors checkpoint shards: 100% Completed | 4/4 [00:05<00:00,  1.27s/it][32m [repeated 9x across cluster] (Ray deduplicates logs by default. Set RAY_DEDUP_LOGS=0 to disable log deduplication, or see https://docs.ray.io/en/master/ray-observability/user-guides/configure-logging.html#log-deduplication for more options.)[0m
[36m(vLLMHttpServer pid=2210807)[0m (Worker pid=2214624) <frozen importlib._bootstrap_external>:1301: FutureWarning: The cuda.cudart module is deprecated and will be removed in a future release, please switch to use the cuda.bindings.runtime module instead.
[36m(vLLMHttpServer pid=2210807)[0m (Worker pid=2214624) <frozen importlib._bootstrap_external>:1301: FutureWarning: The cuda.nvrtc module is deprecated and will be removed in a future release, please switch to use the cuda.bindings.nvrtc module instead.
[36m(vLLMHttpServer pid=2210689)[0m (Worker pid=2214738) 
[36m(vLLMHttpServer pid=2210807)[0m (Worker pid=2214624) 2026-08-03 03:38:15,837 - INFO - autotuner.py:622 - flashinfer.jit: [Autotuner]: Autotuning process starts ...
[36m(vLLMHttpServer pid=2210807)[0m (Worker pid=2214624) 2026-08-03 03:38:15,872 - INFO - autotuner.py:641 - flashinfer.jit: [Autotuner]: Autotuning process ends
[36m(vLLMHttpServer pid=2210807)[0m (EngineCore pid=2213487) [transformers] The `use_fast` parameter is deprecated and will be removed in a future version. Use `backend="torchvision"` instead of `use_fast=True`, or `backend="pil"` instead of `use_fast=False`.
[36m(vLLMHttpServer pid=2210689)[0m (Worker pid=2214738) <frozen importlib._bootstrap_external>:1301: FutureWarning: The cuda.cudart module is deprecated and will be removed in a future release, please switch to use the cuda.bindings.runtime module instead.
[36m(vLLMHttpServer pid=2210689)[0m (Worker pid=2214738) <frozen importlib._bootstrap_external>:1301: FutureWarning: The cuda.nvrtc module is deprecated and will be removed in a future release, please switch to use the cuda.bindings.nvrtc module instead.
[36m(vLLMHttpServer pid=2210689)[0m (Worker pid=2214738) 2026-08-03 03:43:41,364 - INFO - autotuner.py:622 - flashinfer.jit: [Autotuner]: Autotuning process starts ...
[36m(vLLMHttpServer pid=2210689)[0m (Worker pid=2214738) 2026-08-03 03:43:41,399 - INFO - autotuner.py:641 - flashinfer.jit: [Autotuner]: Autotuning process ends
[36m(vLLMHttpServer pid=2210689)[0m (EngineCore pid=2213599) [transformers] The `use_fast` parameter is deprecated and will be removed in a future version. Use `backend="torchvision"` instead of `use_fast=True`, or `backend="pil"` instead of `use_fast=False`.
[36m(RewardLoopWorker pid=2361215)[0m /data/verl-omni/.venv/lib/python3.12/site-packages/verl/workers/engine/mindspeed/transformer_impl.py:24: UserWarning: NPU not support router replay for now.
[36m(RewardLoopWorker pid=2361215)[0m   from verl.utils.megatron.router_replay_patch import RouterReplay
[36m(vLLMOmniHttpServer pid=2361308)[0m /data/verl-omni/.venv/lib/python3.12/site-packages/verl/workers/engine/mindspeed/transformer_impl.py:24: UserWarning: NPU not support router replay for now.[32m [repeated 4x across cluster][0m
[36m(vLLMOmniHttpServer pid=2361308)[0m   from verl.utils.megatron.router_replay_patch import RouterReplay[32m [repeated 4x across cluster][0m
[36m(vLLMOmniHttpServer pid=2361313)[0m /data/verl-omni/.venv/lib/python3.12/site-packages/verl/workers/engine/mindspeed/transformer_impl.py:24: UserWarning: NPU not support router replay for now.
[36m(vLLMOmniHttpServer pid=2361313)[0m   from verl.utils.megatron.router_replay_patch import RouterReplay
[36m(vLLMOmniHttpServer pid=2361308)[0m Loading weights:   0%|          | 0/242 [00:00<?, ?it/s]Loading weights: 100%|██████████| 242/242 [00:00<00:00, 6814.74it/s]
[36m(vLLMOmniHttpServer pid=2361308)[0m The config attributes {'clip_output': False} were passed to DistributedAutoencoderKLWan, but are not expected and will be ignored. Please verify your config.json configuration file.
[36m(vLLMOmniHttpServer pid=2361313)[0m Loading weights:   0%|          | 0/242 [00:00<?, ?it/s]Loading weights: 100%|██████████| 242/242 [00:00<00:00, 29669.45it/s]
[36m(vLLMOmniHttpServer pid=2361308)[0m Multi-thread loading shards:   0% Completed | 0/5 [00:00<?, ?it/s]
[36m(vLLMOmniHttpServer pid=2361313)[0m The config attributes {'clip_output': False} were passed to DistributedAutoencoderKLWan, but are not expected and will be ignored. Please verify your config.json configuration file.
[36m(vLLMOmniHttpServer pid=2361308)[0m Multi-thread loading shards:  20% Completed | 1/5 [00:02<00:08,  2.06s/it]
[36m(vLLMOmniHttpServer pid=2361308)[0m Multi-thread loading shards:  40% Completed | 2/5 [00:02<00:03,  1.10s/it]
[36m(vLLMOmniHttpServer pid=2361308)[0m Multi-thread loading shards:  60% Completed | 3/5 [00:04<00:03,  1.52s/it]
[36m(vLLMOmniHttpServer pid=2361313)[0m Multi-thread loading shards:   0% Completed | 0/5 [00:00<?, ?it/s]
[36m(vLLMOmniHttpServer pid=2361313)[0m Multi-thread loading shards:  60% Completed | 3/5 [00:04<00:03,  1.66s/it][32m [repeated 4x across cluster][0m
[36m(vLLMOmniHttpServer pid=2361308)[0m 
[36m(vLLMOmniHttpServer pid=2361313)[0m 
[36m(GlobalRequestLoadBalancer pid=2371008)[0m /data/verl-omni/.venv/lib/python3.12/site-packages/verl/workers/engine/mindspeed/transformer_impl.py:24: UserWarning: NPU not support router replay for now.
[36m(GlobalRequestLoadBalancer pid=2371008)[0m   from verl.utils.megatron.router_replay_patch import RouterReplay
[36m(vLLMOmniHttpServer pid=2361313)[0m Multi-thread loading shards: 100% Completed | 5/5 [00:09<00:00,  1.92s/it][32m [repeated 5x across cluster][0m

[36m(vLLMHttpServer pid=2210689)[0m WARNING 08-03 03:25:55 [vllm.py:1062] Enforce eager set, disabling torch.compile and CUDAGraphs. This is equivalent to setting -cc.mode=none -cc.cudagraph_mode=none
[36m(vLLMHttpServer pid=2210689)[0m WARNING 08-03 03:25:55 [vllm.py:1110] Inductor compilation was disabled by user settings, optimizations settings that are only active during inductor compilation will be ignored.
[36m(vLLMHttpServer pid=2210807)[0m (Worker pid=2214624) WARNING 08-03 03:26:33 [vllm.py:1062] Enforce eager set, disabling torch.compile and CUDAGraphs. This is equivalent to setting -cc.mode=none -cc.cudagraph_mode=none
[36m(vLLMHttpServer pid=2210807)[0m (Worker pid=2214624) WARNING 08-03 03:26:33 [vllm.py:1110] Inductor compilation was disabled by user settings, optimizations settings that are only active during inductor compilation will be ignored.
[36m(vLLMHttpServer pid=2210689)[0m WARNING 08-03 03:26:03 [system_utils.py:157] We must use the `spawn` multiprocessing start method. Overriding VLLM_WORKER_MULTIPROC_METHOD to 'spawn'. See https://docs.vllm.ai/en/latest/usage/troubleshooting.html#python-multiprocessing for more information. Reasons: In a Ray actor and can only be spawned; CUDA is initialized
[36m(vLLMHttpServer pid=2210807)[0m (EngineCore pid=2213487) WARNING 08-03 03:38:32 [vllm.py:1062] Enforce eager set, disabling torch.compile and CUDAGraphs. This is equivalent to setting -cc.mode=none -cc.cudagraph_mode=none
[36m(vLLMHttpServer pid=2210807)[0m (EngineCore pid=2213487) WARNING 08-03 03:38:32 [vllm.py:1110] Inductor compilation was disabled by user settings, optimizations settings that are only active during inductor compilation will be ignored.
[36m(vLLMHttpServer pid=2210689)[0m (Worker pid=2214738) WARNING 08-03 03:26:34 [vllm.py:1062] Enforce eager set, disabling torch.compile and CUDAGraphs. This is equivalent to setting -cc.mode=none -cc.cudagraph_mode=none
[36m(vLLMHttpServer pid=2210689)[0m (Worker pid=2214738) WARNING 08-03 03:26:34 [vllm.py:1110] Inductor compilation was disabled by user settings, optimizations settings that are only active during inductor compilation will be ignored.
[36m(vLLMHttpServer pid=2210807)[0m WARNING 08-03 03:38:32 [api_router.py:30] LoRA dynamic loading & unloading is enabled in the API server. This should ONLY be used for local development!
[36m(vLLMHttpServer pid=2210807)[0m WARNING 08-03 03:38:32 [api_router.py:41] Profiler with mode 'torch' is enabled in the API server. This should ONLY be used for local development!
[36m(vLLMHttpServer pid=2210807)[0m WARNING 08-03 03:38:32 [model.py:1477] Default vLLM sampling parameters have been overridden by the model's `generation_config.json`: `{'repetition_penalty': 1.0, 'temperature': 1.0, 'top_k': -1, 'top_p': 1, 'max_tokens': 2048}`. If this is not intended, please relaunch vLLM instance with `--generation-config vllm`.
[36m(vLLMHttpServer pid=2210689)[0m (EngineCore pid=2213599) WARNING 08-03 03:43:48 [vllm.py:1062] Enforce eager set, disabling torch.compile and CUDAGraphs. This is equivalent to setting -cc.mode=none -cc.cudagraph_mode=none
[36m(vLLMHttpServer pid=2210689)[0m (EngineCore pid=2213599) WARNING 08-03 03:43:48 [vllm.py:1110] Inductor compilation was disabled by user settings, optimizations settings that are only active during inductor compilation will be ignored.
[36m(vLLMHttpServer pid=2210689)[0m WARNING 08-03 03:43:49 [api_router.py:30] LoRA dynamic loading & unloading is enabled in the API server. This should ONLY be used for local development!
[36m(vLLMHttpServer pid=2210689)[0m WARNING 08-03 03:43:49 [api_router.py:41] Profiler with mode 'torch' is enabled in the API server. This should ONLY be used for local development!
[36m(vLLMHttpServer pid=2210689)[0m WARNING 08-03 03:43:49 [model.py:1477] Default vLLM sampling parameters have been overridden by the model's `generation_config.json`: `{'repetition_penalty': 1.0, 'temperature': 1.0, 'top_k': -1, 'top_p': 1, 'max_tokens': 2048}`. If this is not intended, please relaunch vLLM instance with `--generation-config vllm`.
[36m(vLLMOmniHttpServer pid=2361308)[0m ['serve',
[36m(vLLMOmniHttpServer pid=2361308)[0m  '/data/models/Wan2.2-TI2V-5B-Diffusers',
[36m(vLLMOmniHttpServer pid=2361308)[0m  '--dtype',
[36m(vLLMOmniHttpServer pid=2361308)[0m  'bfloat16',
[36m(vLLMOmniHttpServer pid=2361308)[0m  '--load_format',
[36m(vLLMOmniHttpServer pid=2361308)[0m  'safetensors',
[36m(vLLMOmniHttpServer pid=2361308)[0m  '--distributed_executor_backend',
[36m(vLLMOmniHttpServer pid=2361308)[0m  'mp',
[36m(vLLMOmniHttpServer pid=2361308)[0m  '--worker_extension_cls',
[36m(vLLMOmniHttpServer pid=2361308)[0m  'verl_omni.workers.rollout.vllm_rollout.utils.vLLMOmniColocateWorkerExtension',
[36m(vLLMOmniHttpServer pid=2361308)[0m  '--max_num_seqs',
[36m(vLLMOmniHttpServer pid=2361308)[0m  '1024',
[36m(vLLMOmniHttpServer pid=2361308)[0m  '--enable_chunked_prefill',
[36m(vLLMOmniHttpServer pid=2361308)[0m  '--max_num_batched_tokens',
[36m(vLLMOmniHttpServer pid=2361308)[0m  '8192',
[36m(vLLMOmniHttpServer pid=2361308)[0m  '--enable_prefix_caching',
[36m(vLLMOmniHttpServer pid=2361308)[0m  '--enable_sleep_mode',
[36m(vLLMOmniHttpServer pid=2361308)[0m  '--logprobs_mode',
[36m(vLLMOmniHttpServer pid=2361308)[0m  'processed_logprobs',
[36m(vLLMOmniHttpServer pid=2361308)[0m  '--gpu_memory_utilization',
[36m(vLLMOmniHttpServer pid=2361308)[0m  '0.5',
[36m(vLLMOmniHttpServer pid=2361308)[0m  '--disable_log_stats',
[36m(vLLMOmniHttpServer pid=2361308)[0m  '--tensor_parallel_size',
[36m(vLLMOmniHttpServer pid=2361308)[0m  '1',
[36m(vLLMOmniHttpServer pid=2361308)[0m  '--seed',
[36m(vLLMOmniHttpServer pid=2361308)[0m  '42',
[36m(vLLMOmniHttpServer pid=2361308)[0m  '--override_generation_config',
[36m(vLLMOmniHttpServer pid=2361308)[0m  '{}',
[36m(vLLMOmniHttpServer pid=2361308)[0m  '--hf_overrides',
[36m(vLLMOmniHttpServer pid=2361308)[0m  '{}',
[36m(vLLMOmniHttpServer pid=2361308)[0m  '--scheduling_policy',
[36m(vLLMOmniHttpServer pid=2361308)[0m  'fcfs',
[36m(vLLMOmniHttpServer pid=2361308)[0m  '--compilation_config',
[36m(vLLMOmniHttpServer pid=2361308)[0m  '{"cudagraph_mode": "FULL_AND_PIECEWISE"}',
[36m(vLLMOmniHttpServer pid=2361308)[0m  '--profiler_config',
[36m(vLLMOmniHttpServer pid=2361308)[0m  '{"profiler": "torch", "torch_profiler_dir": '
[36m(vLLMOmniHttpServer pid=2361308)[0m  '"outputs/profile/agent_loop_rollout_replica_0", '
[36m(vLLMOmniHttpServer pid=2361308)[0m  '"torch_profiler_with_memory": false, "torch_profiler_with_stack": false, '
[36m(vLLMOmniHttpServer pid=2361308)[0m  '"torch_profiler_record_shapes": false, "delay_iterations": 0, '
[36m(vLLMOmniHttpServer pid=2361308)[0m  '"max_iterations": 0, "ignore_frontend": "true"}']
[36m(vLLMOmniHttpServer pid=2361308)[0m WARNING 08-03 03:45:46 [api_router.py:30] LoRA dynamic loading & unloading is enabled in the API server. This should ONLY be used for local development!
[36m(vLLMOmniHttpServer pid=2361308)[0m WARNING 08-03 03:45:46 [api_router.py:41] Profiler with mode 'torch' is enabled in the API server. This should ONLY be used for local development!
[36m(TaskRunner pid=2199620)[0m LLMServerManager: ['10.10.11.162:46657', '10.10.11.162:45297']
[36m(DiffusionAgentLoopWorker pid=2371013)[0m Using dataset class: RLHFDataset
[36m(vLLMOmniHttpServer pid=2361313)[0m WARNING 08-03 03:45:49 [api_router.py:30] LoRA dynamic loading & unloading is enabled in the API server. This should ONLY be used for local development!
[36m(vLLMOmniHttpServer pid=2361313)[0m WARNING 08-03 03:45:49 [api_router.py:41] Profiler with mode 'torch' is enabled in the API server. This should ONLY be used for local development!
[36m(vLLMOmniHttpServer pid=2361308)[0m WARNING 08-03 03:46:13 [async_omni.py:899] [AsyncOmni] reset_encoder_cache not yet supported with Orchestrator process
[36m(DiffusionAgentLoopWorker pid=2371019)[0m Using dataset class: RLHFDataset
[36m(TaskRunner pid=2199620)[0m Saving tensorboard log to tensorboard_log/dance_grpo/wan22_5b_t2v_ocr_s150.
[36m(TaskRunner pid=2199620)[0m Found checkpoint: %s /data/verl-omni/checkpoints/dance_grpo/wan22_5b_t2v_ocr_s150/global_step_25[36m(WorkerDict pid=2202868)[0m /data/verl-omni/.venv/lib/python3.12/site-packages/torch/distributed/fsdp/fully_sharded_data_parallel.py:821: FutureWarning: FSDP.state_dict_type() and FSDP.set_state_dict_type() are being deprecated. Please use APIs, get_state_dict() and set_state_dict(), which can support different parallelisms, FSDP1, FSDP2, DDP. API doc: https://pytorch.org/docs/stable/distributed.checkpoint.html#torch.distributed.checkpoint.state_dict.get_state_dict .Tutorial: https://pytorch.org/tutorials/recipes/distributed_checkpoint_recipe.html .
[36m(WorkerDict pid=2202868)[0m   prev_state_dict_settings = FullyShardedDataParallel.set_state_dict_type(
[36m(pid=2371019)[0m /data/verl-omni/.venv/lib/python3.12/site-packages/verl/workers/engine/mindspeed/transformer_impl.py:24: UserWarning: NPU not support router replay for now.[32m [repeated 2x across cluster][0m
[36m(pid=2371019)[0m   from verl.utils.megatron.router_replay_patch import RouterReplay[32m [repeated 2x across cluster][0m
[36m(WorkerDict pid=2202868)[0m INFO:2026-08-03 03:46:24,634:[Rank 1] Loaded model from /data/verl-omni/checkpoints/dance_grpo/wan22_5b_t2v_ocr_s150/global_step_25/actor/model_world_size_2_rank_1.pt
[36m(WorkerDict pid=2202864)[0m /data/verl-omni/.venv/lib/python3.12/site-packages/torch/distributed/fsdp/fully_sharded_data_parallel.py:821: FutureWarning: FSDP.state_dict_type() and FSDP.set_state_dict_type() are being deprecated. Please use APIs, get_state_dict() and set_state_dict(), which can support different parallelisms, FSDP1, FSDP2, DDP. API doc: https://pytorch.org/docs/stable/distributed.checkpoint.html#torch.distributed.checkpoint.state_dict.get_state_dict .Tutorial: https://pytorch.org/tutorials/recipes/distributed_checkpoint_recipe.html .
[36m(WorkerDict pid=2202864)[0m   prev_state_dict_settings = FullyShardedDataParallel.set_state_dict_type(
[36m(WorkerDict pid=2202868)[0m INFO:2026-08-03 03:46:35,923:[Rank 1] Loaded optimizer from /data/verl-omni/checkpoints/dance_grpo/wan22_5b_t2v_ocr_s150/global_step_25/actor/optim_world_size_2_rank_1.pt
[36m(WorkerDict pid=2202868)[0m /data/verl-omni/.venv/lib/python3.12/site-packages/torch/distributed/fsdp/fully_sharded_data_parallel.py:828: FutureWarning: FSDP.state_dict_type() and FSDP.set_state_dict_type() are being deprecated. Please use APIs, get_state_dict() and set_state_dict(), which can support different parallelisms, FSDP1, FSDP2, DDP. API doc: https://pytorch.org/docs/stable/distributed.checkpoint.html#torch.distributed.checkpoint.state_dict.get_state_dict .Tutorial: https://pytorch.org/tutorials/recipes/distributed_checkpoint_recipe.html .
[36m(WorkerDict pid=2202868)[0m   FullyShardedDataParallel.set_state_dict_type(
[36m(WorkerDict pid=2202868)[0m INFO:2026-08-03 03:46:35,933:[Rank 1] Loaded rng from /data/verl-omni/checkpoints/dance_grpo/wan22_5b_t2v_ocr_s150/global_step_25/actor/extra_state_world_size_2_rank_1.pt
[36m(WorkerDict pid=2202868)[0m INFO:2026-08-03 03:46:35,933:[Rank 1] Loaded lr_scheduler from /data/verl-omni/checkpoints/dance_grpo/wan22_5b_t2v_ocr_s150/global_step_25/actor/extra_state_world_size_2_rank_1.pt
[36m(WorkerDict pid=2202864)[0m INFO:2026-08-03 03:46:24,636:[Rank 0] Loaded model from /data/verl-omni/checkpoints/dance_grpo/wan22_5b_t2v_ocr_s150/global_step_25/actor/model_world_size_2_rank_0.pt
[36m(WorkerDict pid=2202868)[0m /data/verl-omni/.venv/lib/python3.12/site-packages/verl/plugin/platform/platform_cuda.py:99: FutureWarning: torch.cuda._set_allocator_settings is deprecated. Use torch._C._accelerator_setAllocatorSettings instead.
[36m(WorkerDict pid=2202868)[0m   torch.cuda.memory._set_allocator_settings(settings)
[36m(WorkerDict pid=2202864)[0m INFO:2026-08-03 03:46:36,969:[Rank 0] Loaded optimizer from /data/verl-omni/checkpoints/dance_grpo/wan22_5b_t2v_ocr_s150/global_step_25/actor/optim_world_size_2_rank_0.pt
[36m(WorkerDict pid=2202864)[0m /data/verl-omni/.venv/lib/python3.12/site-packages/torch/distributed/fsdp/fully_sharded_data_parallel.py:828: FutureWarning: FSDP.state_dict_type() and FSDP.set_state_dict_type() are being deprecated. Please use APIs, get_state_dict() and set_state_dict(), which can support different parallelisms, FSDP1, FSDP2, DDP. API doc: https://pytorch.org/docs/stable/distributed.checkpoint.html#torch.distributed.checkpoint.state_dict.get_state_dict .Tutorial: https://pytorch.org/tutorials/recipes/distributed_checkpoint_recipe.html .
[36m(WorkerDict pid=2202864)[0m   FullyShardedDataParallel.set_state_dict_type(
[36m(WorkerDict pid=2202864)[0m INFO:2026-08-03 03:46:36,978:[Rank 0] Loaded rng from /data/verl-omni/checkpoints/dance_grpo/wan22_5b_t2v_ocr_s150/global_step_25/actor/extra_state_world_size_2_rank_0.pt
[36m(WorkerDict pid=2202864)[0m INFO:2026-08-03 03:46:36,978:[Rank 0] Loaded lr_scheduler from /data/verl-omni/checkpoints/dance_grpo/wan22_5b_t2v_ocr_s150/global_step_25/actor/extra_state_world_size_2_rank_0.pt
[36m(WorkerDict pid=2202864)[0m /data/verl-omni/.venv/lib/python3.12/site-packages/verl/plugin/platform/platform_cuda.py:99: FutureWarning: torch.cuda._set_allocator_settings is deprecated. Use torch._C._accelerator_setAllocatorSettings instead.[32m [repeated 3x across cluster][0m
[36m(WorkerDict pid=2202864)[0m   torch.cuda.memory._set_allocator_settings(settings)[32m [repeated 3x across cluster][0m

[36m(TaskRunner pid=2199620)[0m Load from checkpoint folder: /data/verl-omni/checkpoints/dance_grpo/wan22_5b_t2v_ocr_s150/global_step_25
[36m(TaskRunner pid=2199620)[0m Setting global step to 25
[36m(TaskRunner pid=2199620)[0m Resuming from /data/verl-omni/checkpoints/dance_grpo/wan22_5b_t2v_ocr_s150/global_step_25
[36m(vLLMOmniHttpServer pid=2361313)[0m WARNING 08-03 03:46:54 [async_omni.py:910] [AsyncOmni] reset_prefix_cache not yet supported with Orchestrator process
[36m(vLLMOmniHttpServer pid=2361313)[0m WARNING 08-03 03:46:54 [async_omni.py:892] [AsyncOmni] reset_mm_cache not yet supported with Orchestrator process
[36m(vLLMOmniHttpServer pid=2361313)[0m WARNING 08-03 03:46:54 [async_omni.py:899] [AsyncOmni] reset_encoder_cache not yet supported with Orchestrator process[32m [repeated 2x across cluster][0m
[36m(TaskRunner pid=2199620)[0m test_gen_batch meta info: {'recompute_log_prob': False, 'validate': True, 'global_steps': 25}
[36m(vLLMOmniHttpServer pid=2361308)[0m WARNING 08-03 03:46:54 [async_omni.py:910] [AsyncOmni] reset_prefix_cache not yet supported with Orchestrator process
[36m(vLLMOmniHttpServer pid=2361308)[0m WARNING 08-03 03:46:54 [async_omni.py:892] [AsyncOmni] reset_mm_cache not yet supported with Orchestrator process
[36m(vLLMOmniHttpServer pid=2361308)[0m WARNING 08-03 03:51:43 [async_omni.py:899] [AsyncOmni] reset_encoder_cache not yet supported with Orchestrator process[32m [repeated 2x across cluster][0m
[36m(vLLMHttpServer pid=2210807)[0m (Worker pid=2214624) WARNING 08-03 03:51:47 [jit_monitor.py:106] Triton kernel JIT compilation during inference: _compute_slot_mapping_kernel. This causes a latency spike; consider extending warmup to cover this shape/config.
[36m(vLLMHttpServer pid=2210807)[0m (Worker pid=2214624) WARNING 08-03 03:51:47 [jit_monitor.py:106] Triton kernel JIT compilation during inference: _bilinear_pos_embed_kernel. This causes a latency spike; consider extending warmup to cover this shape/config.
[36m(vLLMHttpServer pid=2210807)[0m (Worker pid=2214624) WARNING 08-03 03:51:48 [jit_monitor.py:106] Triton kernel JIT compilation during inference: _triton_mrope_forward. This causes a latency spike; consider extending warmup to cover this shape/config.
[36m(vLLMOmniHttpServer pid=2361313)[0m WARNING 08-03 03:51:43 [async_omni.py:899] [AsyncOmni] reset_encoder_cache not yet supported with Orchestrator process
[36m(vLLMOmniHttpServer pid=2361313)[0m WARNING 08-03 03:53:03 [async_omni.py:910] [AsyncOmni] reset_prefix_cache not yet supported with Orchestrator process
[36m(vLLMOmniHttpServer pid=2361313)[0m WARNING 08-03 03:53:03 [async_omni.py:892] [AsyncOmni] reset_mm_cache not yet supported with Orchestrator process
[36m(vLLMOmniHttpServer pid=2361313)[0m WARNING 08-03 03:53:03 [async_omni.py:899] [AsyncOmni] reset_encoder_cache not yet supported with Orchestrator process
[36m(vLLMHttpServer pid=2210689)[0m (Worker pid=2214738) WARNING 08-03 03:51:47 [jit_monitor.py:106] Triton kernel JIT compilation during inference: _compute_slot_mapping_kernel. This causes a latency spike; consider extending warmup to cover this shape/config.
[36m(vLLMHttpServer pid=2210689)[0m (Worker pid=2214738) WARNING 08-03 03:51:47 [jit_monitor.py:106] Triton kernel JIT compilation during inference: _bilinear_pos_embed_kernel. This causes a latency spike; consider extending warmup to cover this shape/config.
[36m(vLLMHttpServer pid=2210689)[0m (Worker pid=2214738) WARNING 08-03 03:51:51 [jit_monitor.py:106] Triton kernel JIT compilation during inference: _triton_mrope_forward. This causes a latency spike; consider extending warmup to cover this shape/config.
[36m(TaskRunner pid=2199620)[0m validation generation end
[36m(TaskRunner pid=2199620)[0m test_gen_batch meta info: {'recompute_log_prob': False, 'validate': True, 'global_steps': 25}
[36m(vLLMOmniHttpServer pid=2361308)[0m WARNING 08-03 03:53:03 [async_omni.py:910] [AsyncOmni] reset_prefix_cache not yet supported with Orchestrator process
[36m(vLLMOmniHttpServer pid=2361308)[0m WARNING 08-03 03:53:03 [async_omni.py:892] [AsyncOmni] reset_mm_cache not yet supported with Orchestrator process
[36m(vLLMOmniHttpServer pid=2361313)[0m WARNING 08-03 03:57:47 [async_omni.py:899] [AsyncOmni] reset_encoder_cache not yet supported with Orchestrator process[32m [repeated 2x across cluster][0m
[36m(vLLMOmniHttpServer pid=2361308)[0m WARNING 08-03 04:06:33 [async_omni.py:910] [AsyncOmni] reset_prefix_cache not yet supported with Orchestrator process
[36m(vLLMOmniHttpServer pid=2361308)[0m WARNING 08-03 04:06:33 [async_omni.py:892] [AsyncOmni] reset_mm_cache not yet supported with Orchestrator process
[36m(vLLMOmniHttpServer pid=2361308)[0m WARNING 08-03 04:06:33 [async_omni.py:899] [AsyncOmni] reset_encoder_cache not yet supported with Orchestrator process[32m [repeated 2x across cluster][0m
[36m(TaskRunner pid=2199620)[0m validation generation end
[36m(TaskRunner pid=2199620)[0m test_gen_batch meta info: {'recompute_log_prob': False, 'validate': True, 'global_steps': 25}
[36m(vLLMOmniHttpServer pid=2361313)[0m WARNING 08-03 04:06:33 [async_omni.py:910] [AsyncOmni] reset_prefix_cache not yet supported with Orchestrator process
[36m(vLLMOmniHttpServer pid=2361313)[0m WARNING 08-03 04:06:33 [async_omni.py:892] [AsyncOmni] reset_mm_cache not yet supported with Orchestrator process
[36m(vLLMOmniHttpServer pid=2361308)[0m WARNING 08-03 04:11:21 [async_omni.py:899] [AsyncOmni] reset_encoder_cache not yet supported with Orchestrator process[32m [repeated 2x across cluster][0m
[36m(vLLMOmniHttpServer pid=2361313)[0m WARNING 08-03 04:20:36 [async_omni.py:910] [AsyncOmni] reset_prefix_cache not yet supported with Orchestrator process
[36m(vLLMOmniHttpServer pid=2361313)[0m WARNING 08-03 04:20:36 [async_omni.py:892] [AsyncOmni] reset_mm_cache not yet supported with Orchestrator process
[36m(vLLMOmniHttpServer pid=2361313)[0m WARNING 08-03 04:20:36 [async_omni.py:899] [AsyncOmni] reset_encoder_cache not yet supported with Orchestrator process[32m [repeated 2x across cluster][0m
[36m(TaskRunner pid=2199620)[0m validation generation end
[36m(TaskRunner pid=2199620)[0m test_gen_batch meta info: {'recompute_log_prob': False, 'validate': True, 'global_steps': 25}
[36m(vLLMOmniHttpServer pid=2361308)[0m WARNING 08-03 04:20:36 [async_omni.py:910] [AsyncOmni] reset_prefix_cache not yet supported with Orchestrator process
[36m(vLLMOmniHttpServer pid=2361308)[0m WARNING 08-03 04:20:36 [async_omni.py:892] [AsyncOmni] reset_mm_cache not yet supported with Orchestrator process
[36m(vLLMOmniHttpServer pid=2361308)[0m WARNING 08-03 04:25:21 [async_omni.py:899] [AsyncOmni] reset_encoder_cache not yet supported with Orchestrator process[32m [repeated 2x across cluster][0m
[36m(vLLMOmniHttpServer pid=2361308)[0m WARNING 08-03 04:29:58 [async_omni.py:910] [AsyncOmni] reset_prefix_cache not yet supported with Orchestrator process
[36m(vLLMOmniHttpServer pid=2361308)[0m WARNING 08-03 04:29:58 [async_omni.py:892] [AsyncOmni] reset_mm_cache not yet supported with Orchestrator process
[36m(vLLMOmniHttpServer pid=2361308)[0m WARNING 08-03 04:29:58 [async_omni.py:899] [AsyncOmni] reset_encoder_cache not yet supported with Orchestrator process[32m [repeated 2x across cluster][0m
[36m(TaskRunner pid=2199620)[0m validation generation end
[36m(TaskRunner pid=2199620)[0m test_gen_batch meta info: {'recompute_log_prob': False, 'validate': True, 'global_steps': 25}
[36m(vLLMOmniHttpServer pid=2361313)[0m WARNING 08-03 04:29:58 [async_omni.py:910] [AsyncOmni] reset_prefix_cache not yet supported with Orchestrator process
[36m(vLLMOmniHttpServer pid=2361313)[0m WARNING 08-03 04:29:58 [async_omni.py:892] [AsyncOmni] reset_mm_cache not yet supported with Orchestrator process
[36m(vLLMOmniHttpServer pid=2361308)[0m WARNING 08-03 04:34:43 [async_omni.py:899] [AsyncOmni] reset_encoder_cache not yet supported with Orchestrator process[32m [repeated 2x across cluster][0m
[36m(vLLMOmniHttpServer pid=2361308)[0m WARNING 08-03 04:39:04 [async_omni.py:910] [AsyncOmni] reset_prefix_cache not yet supported with Orchestrator process[36m(TaskRunner pid=2199620)[0m Training Progress:  17%|█▋        | 25/150 [00:00<?, ?it/s]
[36m(TaskRunner pid=2199620)[0m W0803 05:27:40.935000 2199620 .venv/lib/python3.12/site-packages/torch/fx/_symbolic_trace.py:53] is_fx_tracing will return true for both fx.symbolic_trace and torch.export. Please use is_fx_tracing_symbolic_tracing() for specifically fx.symbolic_trace or torch.compiler.is_compiling() for specifically torch.export/compile.
[36m(WorkerDict pid=2202868)[0m [rank1]:W0803 05:27:55.614000 2202868 .venv/lib/python3.12/site-packages/torch/fx/_symbolic_trace.py:53] is_fx_tracing will return true for both fx.symbolic_trace and torch.export. Please use is_fx_tracing_symbolic_tracing() for specifically fx.symbolic_trace or torch.compiler.is_compiling() for specifically torch.export/compile.
[36m(WorkerDict pid=2202864)[0m [rank0]:W0803 05:27:56.471000 2202864 .venv/lib/python3.12/site-packages/torch/fx/_symbolic_trace.py:53] is_fx_tracing will return true for both fx.symbolic_trace and torch.export. Please use is_fx_tracing_symbolic_tracing() for specifically fx.symbolic_trace or torch.compiler.is_compiling() for specifically torch.export/compile.
[36m(TaskRunner pid=2199620)[0m Training Progress:  17%|█▋        | 26/150 [26:38<55:02:57, 1598.21s/it]

[36m(vLLMOmniHttpServer pid=2361308)[0m WARNING 08-03 04:39:04 [async_omni.py:892] [AsyncOmni] reset_mm_cache not yet supported with Orchestrator process
[36m(vLLMOmniHttpServer pid=2361308)[0m WARNING 08-03 04:39:04 [async_omni.py:899] [AsyncOmni] reset_encoder_cache not yet supported with Orchestrator process[32m [repeated 2x across cluster][0m
[36m(TaskRunner pid=2199620)[0m validation generation end
[36m(TaskRunner pid=2199620)[0m test_gen_batch meta info: {'recompute_log_prob': False, 'validate': True, 'global_steps': 25}
[36m(vLLMOmniHttpServer pid=2361313)[0m WARNING 08-03 04:39:04 [async_omni.py:910] [AsyncOmni] reset_prefix_cache not yet supported with Orchestrator process
[36m(vLLMOmniHttpServer pid=2361313)[0m WARNING 08-03 04:39:04 [async_omni.py:892] [AsyncOmni] reset_mm_cache not yet supported with Orchestrator process
[36m(vLLMOmniHttpServer pid=2361308)[0m WARNING 08-03 04:43:46 [async_omni.py:899] [AsyncOmni] reset_encoder_cache not yet supported with Orchestrator process[32m [repeated 2x across cluster][0m
[36m(vLLMOmniHttpServer pid=2361313)[0m WARNING 08-03 04:48:54 [async_omni.py:910] [AsyncOmni] reset_prefix_cache not yet supported with Orchestrator process
[36m(vLLMOmniHttpServer pid=2361313)[0m WARNING 08-03 04:48:54 [async_omni.py:892] [AsyncOmni] reset_mm_cache not yet supported with Orchestrator process
[36m(vLLMOmniHttpServer pid=2361313)[0m WARNING 08-03 04:48:54 [async_omni.py:899] [AsyncOmni] reset_encoder_cache not yet supported with Orchestrator process[32m [repeated 2x across cluster][0m
[36m(TaskRunner pid=2199620)[0m validation generation end
[36m(TaskRunner pid=2199620)[0m test_gen_batch meta info: {'recompute_log_prob': False, 'validate': True, 'global_steps': 25}
[36m(vLLMOmniHttpServer pid=2361308)[0m WARNING 08-03 04:48:54 [async_omni.py:910] [AsyncOmni] reset_prefix_cache not yet supported with Orchestrator process
[36m(vLLMOmniHttpServer pid=2361308)[0m WARNING 08-03 04:48:54 [async_omni.py:892] [AsyncOmni] reset_mm_cache not yet supported with Orchestrator process
[36m(vLLMOmniHttpServer pid=2361308)[0m WARNING 08-03 04:53:36 [async_omni.py:899] [AsyncOmni] reset_encoder_cache not yet supported with Orchestrator process[32m [repeated 2x across cluster][0m
[36m(vLLMOmniHttpServer pid=2361308)[0m WARNING 08-03 04:54:49 [async_omni.py:910] [AsyncOmni] reset_prefix_cache not yet supported with Orchestrator process
[36m(vLLMOmniHttpServer pid=2361308)[0m WARNING 08-03 04:54:49 [async_omni.py:892] [AsyncOmni] reset_mm_cache not yet supported with Orchestrator process
[36m(vLLMOmniHttpServer pid=2361308)[0m WARNING 08-03 04:54:49 [async_omni.py:899] [AsyncOmni] reset_encoder_cache not yet supported with Orchestrator process[32m [repeated 2x across cluster][0m
[36m(TaskRunner pid=2199620)[0m validation generation end
[36m(TaskRunner pid=2199620)[0m test_gen_batch meta info: {'recompute_log_prob': False, 'validate': True, 'global_steps': 25}
[36m(vLLMOmniHttpServer pid=2361313)[0m WARNING 08-03 04:54:49 [async_omni.py:910] [AsyncOmni] reset_prefix_cache not yet supported with Orchestrator process
[36m(vLLMOmniHttpServer pid=2361313)[0m WARNING 08-03 04:54:49 [async_omni.py:892] [AsyncOmni] reset_mm_cache not yet supported with Orchestrator process
[36m(vLLMOmniHttpServer pid=2361313)[0m WARNING 08-03 04:59:31 [async_omni.py:899] [AsyncOmni] reset_encoder_cache not yet supported with Orchestrator process[32m [repeated 2x across cluster][0m
[36m(vLLMOmniHttpServer pid=2361308)[0m WARNING 08-03 05:04:21 [async_omni.py:910] [AsyncOmni] reset_prefix_cache not yet supported with Orchestrator process
[36m(vLLMOmniHttpServer pid=2361308)[0m WARNING 08-03 05:04:21 [async_omni.py:892] [AsyncOmni] reset_mm_cache not yet supported with Orchestrator process
[36m(vLLMOmniHttpServer pid=2361308)[0m WARNING 08-03 05:04:21 [async_omni.py:899] [AsyncOmni] reset_encoder_cache not yet supported with Orchestrator process[32m [repeated 2x across cluster][0m
[36m(TaskRunner pid=2199620)[0m validation generation end
[36m(TaskRunner pid=2199620)[0m Dumped generations to /data/verl-omni/workspace/val_generations/wan22_5b_t2v_ocr_s150/25.jsonl
[36m(vLLMOmniHttpServer pid=2361313)[0m WARNING 08-03 05:04:21 [async_omni.py:910] [AsyncOmni] reset_prefix_cache not yet supported with Orchestrator process
[36m(vLLMOmniHttpServer pid=2361313)[0m WARNING 08-03 05:04:21 [async_omni.py:892] [AsyncOmni] reset_mm_cache not yet supported with Orchestrator process
[36m(vLLMOmniHttpServer pid=2361313)[0m WARNING 08-03 05:04:21 [async_omni.py:899] [AsyncOmni] reset_encoder_cache not yet supported with Orchestrator process
[36m(TaskRunner pid=2199620)[0m ("Initial validation metrics: {'val-core/dance_grpo/ocr/reward/mean@1': "
[36m(TaskRunner pid=2199620)[0m  "np.float64(0.4800239808973856), 'val-aux/num_turns/min': np.int32(2), "
[36m(TaskRunner pid=2199620)[0m  "'val-aux/num_turns/max': np.int32(2), 'val-aux/num_turns/mean': "
[36m(TaskRunner pid=2199620)[0m  'np.float64(2.0)}')
[36m(TaskRunner pid=2199620)[0m step:25 - val-core/dance_grpo/ocr/reward/mean@1:np.float64(0.4800239808973856) - val-aux/num_turns/min:np.int32(2) - val-aux/num_turns/max:np.int32(2) - val-aux/num_turns/mean:np.float64(2.0)
[36m(vLLMOmniHttpServer pid=2361308)[0m WARNING 08-03 05:10:14 [async_omni.py:899] [AsyncOmni] reset_encoder_cache not yet supported with Orchestrator process
[36m(vLLMHttpServer pid=2210807)[0m (Worker pid=2214624) WARNING 08-03 05:10:34 [jit_monitor.py:106] Triton kernel JIT compilation during inference: _topk_topp_kernel. This causes a latency spike; consider extending warmup to cover this shape/config.
[36m(vLLMOmniHttpServer pid=2361313)[0m WARNING 08-03 05:10:14 [async_omni.py:899] [AsyncOmni] reset_encoder_cache not yet supported with Orchestrator process
[36m(vLLMHttpServer pid=2210689)[0m (Worker pid=2214738) WARNING 08-03 05:10:54 [jit_monitor.py:106] Triton kernel JIT compilation during inference: _topk_topp_kernel. This causes a latency spike; consider extending warmup to cover this shape/config.
[36m(vLLMOmniHttpServer pid=2361308)[0m WARNING 08-03 05:31:51 [async_omni.py:910] [AsyncOmni] reset_prefix_cache not yet supported with Orchestrator process
[36m(vLLMOmniHttpServer pid=2361308)[0m WARNING 08-03 05:31:51 [async_omni.py:892] [AsyncOmni] reset_mm_cache not yet supported with Orchestrator process
[36m(vLLMOmniHttpServer pid=2361308)[0m WARNING 08-03 05:31:51 [async_omni.py:899] [AsyncOmni] reset_encoder_cache not yet supported with Orchestrator process
[36m(TaskRunner pid=2199620)[0m step:26 - perf/mfu/actor_infer:0.0 - actor/ppo_kl:np.float64(0.0) - actor/pg_clipfrac:np.float64(0.0) - actor/pg_clipfrac_higher:np.float64(0.0) - actor/pg_clipfrac_lower:np.float64(0.0) - actor/ratio_mean:np.float64(1.0) - actor/ratio_std:np.float64(3.0416869023497384e-09) - actor/loss:np.float64(-5.122274160385132e-09) - actor/grad_norm:np.float64(0.0016632080078125) - actor/lr:np.float64(1e-05) - perf/mfu/actor:np.float64(0.0) - training/global_step:26 - training/epoch:0 - critic/rewards/mean:0.1214042454957962 - critic/rewards/max:0.4124999940395355 - critic/rewards/min:0.0 - critic/advantages/mean:1.4901161193847656e-08 - critic/advantages/max:1.1811670064926147 - critic/advantages/min:-2.033555746078491 - critic/returns/mean:1.4901161193847656e-08 - critic/returns/max:1.1811670064926147 - critic/returns/min:-2.033555746078491 - critic/rewards/zero_std_ratio:0.0 - critic/rewards/std_mean:0.06544829905033112 - critic/rewards/group_size:8.0 - timing_s/start_profile:0.0003467448987066746 - timing_s/agent_loop/num_preempted/min:np.int64(-1) - timing_s/agent_loop/num_preempted/max:np.int64(-1) - timing_s/agent_loop/num_preempted/mean:np.float64(-1.0) - timing_s/agent_loop/generate_sequences/min:np.float64(7.17634540097788) - timing_s/agent_loop/generate_sequences/max:np.float64(285.2354244780727) - timing_s/agent_loop/generate_sequences/mean:np.float64(184.72654462359787) - timing_s/agent_loop/tool_calls/min:np.float64(0.0) - timing_s/agent_loop/tool_calls/max:np.float64(0.0) - timing_s/agent_loop/tool_calls/mean:np.float64(0.0) - timing_s/agent_loop/compute_score/min:np.float64(0.0) - timing_s/agent_loop/compute_score/max:np.float64(0.0) - timing_s/agent_loop/compute_score/mean:np.float64(0.0) - timing_s/agent_loop/slowest/generate_sequences:np.float64(285.2354244780727) - timing_s/agent_loop/slowest/tool_calls:np.float64(0.0) - timing_s/agent_loop/slowest/compute_score:np.float64(0.0) - timing_s/agent_loop/slowest/num_preempted:np.int64(-1) - timing_s/agent_loop/slowest/prompt_length:47 - timing_s/agent_loop/slowest/response_length:0 - timing_s/gen:299.7852542488836 - timing_s/reward:1045.285320580937 - timing_s/old_log_prob:65.76963729131967 - timing_s/adv:0.0021381662227213383 - timing_s/update_actor:181.51295128883794 - timing_s/update_weights:5.5155507060699165 - timing_s/step:1597.8731219130568 - timing_s/stop_profile:5.898624658584595e-05 - timing_per_image_ms/old_log_prob:2055.3011653537396 - timing_per_image_ms/adv:0.06681769446004182 - timing_per_image_ms/gen:9368.289195277612 - timing_per_image_ms/update_actor:5672.279727776186 - perf/total_num_images:32 - perf/time_per_step:1597.8731219130568 - perf/throughput:0.010013310681916953[36m(TaskRunner pid=2199620)[0m Training Progress:  18%|█▊        | 27/150 [52:52<54:06:53, 1583.85s/it]
[36m(TaskRunner pid=2199620)[0m Training Progress:  19%|█▊        | 28/150 [1:21:52<56:05:38, 1655.24s/it]

[36m(vLLMOmniHttpServer pid=2361313)[0m WARNING 08-03 05:31:51 [async_omni.py:910] [AsyncOmni] reset_prefix_cache not yet supported with Orchestrator process
[36m(vLLMOmniHttpServer pid=2361313)[0m WARNING 08-03 05:31:51 [async_omni.py:892] [AsyncOmni] reset_mm_cache not yet supported with Orchestrator process
[36m(vLLMOmniHttpServer pid=2361308)[0m WARNING 08-03 05:35:43 [async_omni.py:899] [AsyncOmni] reset_encoder_cache not yet supported with Orchestrator process[32m [repeated 2x across cluster][0m
[36m(vLLMOmniHttpServer pid=2361313)[0m WARNING 08-03 05:58:04 [async_omni.py:910] [AsyncOmni] reset_prefix_cache not yet supported with Orchestrator process
[36m(vLLMOmniHttpServer pid=2361313)[0m WARNING 08-03 05:58:04 [async_omni.py:892] [AsyncOmni] reset_mm_cache not yet supported with Orchestrator process
[36m(vLLMOmniHttpServer pid=2361313)[0m WARNING 08-03 05:58:04 [async_omni.py:899] [AsyncOmni] reset_encoder_cache not yet supported with Orchestrator process[32m [repeated 2x across cluster][0m
[36m(TaskRunner pid=2199620)[0m step:27 - perf/mfu/actor_infer:0.0 - actor/ppo_kl:np.float64(7.275957614183426e-10) - actor/pg_clipfrac:np.float64(0.0) - actor/pg_clipfrac_higher:np.float64(0.0) - actor/pg_clipfrac_lower:np.float64(0.0) - actor/ratio_mean:np.float64(1.0) - actor/ratio_std:np.float64(0.0) - actor/loss:np.float64(6.984919309616089e-10) - actor/grad_norm:np.float64(0.001617431640625) - actor/lr:np.float64(1e-05) - perf/mfu/actor:np.float64(0.0) - training/global_step:27 - training/epoch:0 - critic/rewards/mean:0.3641411364078522 - critic/rewards/max:1.0 - critic/rewards/min:0.0 - critic/advantages/mean:-1.1175870895385742e-08 - critic/advantages/max:0.7139464616775513 - critic/advantages/min:-1.7067344188690186 - critic/returns/mean:-1.1175870895385742e-08 - critic/returns/max:0.7139464616775513 - critic/returns/min:-1.7067344188690186 - critic/rewards/zero_std_ratio:0.0 - critic/rewards/std_mean:0.1335163414478302 - critic/rewards/group_size:8.0 - timing_s/start_profile:8.72388482093811e-05 - timing_s/agent_loop/num_preempted/min:np.int64(-1) - timing_s/agent_loop/num_preempted/max:np.int64(-1) - timing_s/agent_loop/num_preempted/mean:np.float64(-1.0) - timing_s/agent_loop/generate_sequences/min:np.float64(7.325642647687346) - timing_s/agent_loop/generate_sequences/max:np.float64(213.62938341498375) - timing_s/agent_loop/generate_sequences/mean:np.float64(151.92953199629846) - timing_s/agent_loop/tool_calls/min:np.float64(0.0) - timing_s/agent_loop/tool_calls/max:np.float64(0.0) - timing_s/agent_loop/tool_calls/mean:np.float64(0.0) - timing_s/agent_loop/compute_score/min:np.float64(0.0) - timing_s/agent_loop/compute_score/max:np.float64(0.0) - timing_s/agent_loop/compute_score/mean:np.float64(0.0) - timing_s/agent_loop/slowest/generate_sequences:np.float64(213.62938341498375) - timing_s/agent_loop/slowest/tool_calls:np.float64(0.0) - timing_s/agent_loop/slowest/compute_score:np.float64(0.0) - timing_s/agent_loop/slowest/num_preempted:np.int64(-1) - timing_s/agent_loop/slowest/prompt_length:46 - timing_s/agent_loop/slowest/response_length:0 - timing_s/gen:230.60889603057876 - timing_s/reward:1031.1906622569077 - timing_s/old_log_prob:82.80692529305816 - timing_s/adv:0.013047938700765371 - timing_s/update_actor:216.68992240307853 - timing_s/update_weights:12.154809964820743 - timing_s/step:1573.4662855430506 - timing_s/stop_profile:4.4221989810466766e-05 - timing_per_image_ms/old_log_prob:2587.7164154080674 - timing_per_image_ms/adv:0.40774808439891785 - timing_per_image_ms/gen:7206.528000955586 - timing_per_image_ms/update_actor:6771.560075096204 - perf/total_num_images:32 - perf/time_per_step:1573.4662855430506 - perf/throughput:0.010168632240174068
[36m(vLLMOmniHttpServer pid=2361308)[0m WARNING 08-03 05:58:04 [async_omni.py:910] [AsyncOmni] reset_prefix_cache not yet supported with Orchestrator process
[36m(vLLMOmniHttpServer pid=2361308)[0m WARNING 08-03 05:58:04 [async_omni.py:892] [AsyncOmni] reset_mm_cache not yet supported with Orchestrator process
[36m(vLLMOmniHttpServer pid=2361308)[0m WARNING 08-03 06:03:08 [async_omni.py:899] [AsyncOmni] reset_encoder_cache not yet supported with Orchestrator process[32m [repeated 2x across cluster][0m
[36m(vLLMOmniHttpServer pid=2361308)[0m WARNING 08-03 06:27:05 [async_omni.py:910] [AsyncOmni] reset_prefix_cache not yet supported with Orchestrator process
[36m(vLLMOmniHttpServer pid=2361308)[0m WARNING 08-03 06:27:05 [async_omni.py:892] [AsyncOmni] reset_mm_cache not yet supported with Orchestrator process
[36m(vLLMOmniHttpServer pid=2361308)[0m WARNING 08-03 06:27:05 [async_omni.py:899] [AsyncOmni] reset_encoder_cache not yet supported with Orchestrator process[32m [repeated 2x across cluster][0m
[36m(TaskRunner pid=2199620)[0m step:28 - perf/mfu/actor_infer:0.0 - actor/ppo_kl:np.float64(-4.94765117764473e-10) - actor/pg_clipfrac:np.float64(0.0) - actor/pg_clipfrac_higher:np.float64(0.0) - actor/pg_clipfrac_lower:np.float64(0.0) - actor/ratio_mean:np.float64(1.0) - actor/ratio_std:np.float64(0.0) - actor/loss:np.float64(9.313225746154785e-09) - actor/grad_norm:np.float64(0.0013275146484375) - actor/lr:np.float64(1e-05) - perf/mfu/actor:np.float64(0.0) - training/global_step:28 - training/epoch:0 - critic/rewards/mean:0.2778779864311218 - critic/rewards/max:1.0 - critic/rewards/min:0.0 - critic/advantages/mean:-7.450580596923828e-09 - critic/advantages/max:0.8761065006256104 - critic/advantages/min:-1.2738481760025024 - critic/returns/mean:-7.450580596923828e-09 - critic/returns/max:0.8761065006256104 - critic/returns/min:-1.2738481760025024 - critic/rewards/zero_std_ratio:0.0 - critic/rewards/std_mean:0.131973534822464 - critic/rewards/group_size:8.0 - timing_s/start_profile:7.380126044154167e-05 - timing_s/agent_loop/num_preempted/min:np.int64(-1) - timing_s/agent_loop/num_preempted/max:np.int64(-1) - timing_s/agent_loop/num_preempted/mean:np.float64(-1.0) - timing_s/agent_loop/generate_sequences/min:np.float64(9.13359242491424) - timing_s/agent_loop/generate_sequences/max:np.float64(262.19730114517733) - timing_s/agent_loop/generate_sequences/mean:np.float64(186.7919184439961) - timing_s/agent_loop/tool_calls/min:np.float64(0.0) - timing_s/agent_loop/tool_calls/max:np.float64(0.0) - timing_s/agent_loop/tool_calls/mean:np.float64(0.0) - timing_s/agent_loop/compute_score/min:np.float64(0.0) - timing_s/agent_loop/compute_score/max:np.float64(0.0) - timing_s/agent_loop/compute_score/mean:np.float64(0.0) - timing_s/agent_loop/slowest/generate_sequences:np.float64(262.19730114517733) - timing_s/agent_loop/slowest/tool_calls:np.float64(0.0) - timing_s/agent_loop/slowest/compute_score:np.float64(0.0) - timing_s/agent_loop/slowest/num_preempted:np.int64(-1) - timing_s/agent_loop/slowest/prompt_length:64 - timing_s/agent_loop/slowest/response_length:0 - timing_s/gen:299.35735046165064 - timing_s/reward:1138.0559223350137 - timing_s/old_log_prob:73.91535091912374 - timing_s/adv:0.0021465891040861607 - timing_s/update_actor:209.52203805092722 - timing_s/update_weights:16.7600216739811 - timing_s/step:1737.6147189559415 - timing_s/stop_profile:5.4148025810718536e-05 - timing_per_image_ms/old_log_prob:2309.854716222617 - timing_per_image_ms/adv:0.06708090950269252 - timing_per_image_ms/gen:9354.917201926582 - timing_per_image_ms/update_actor:6547.563689091476 - perf/total_num_images:32 - perf/time_per_step:1737.6147189559415 - perf/throughput:0.009208025130918387
[36m(vLLMOmniHttpServer pid=2361313)[0m WARNING 08-03 06:27:05 [async_omni.py:910] [AsyncOmni] reset_prefix_cache not yet supported with Orchestrator process
[36m(vLLMOmniHttpServer pid=2361313)[0m WARNING 08-03 06:27:05 [async_omni.py:892] [AsyncOmni] reset_mm_cache not yet supported with Orchestrator process
[36m(vLLMOmniHttpServer pid=2361308)[0m WARNING 08-03 06:32:30 [async_omni.py:899] [AsyncOmni] reset_encoder_cache not yet supported with Orchestrator process[32m [repeated 2x across cluster][0m
[36m(vLLMOmniHttpServer pid=2361308)[0m WARNING 08-03 06:42:45 [async_omni.py:910] [AsyncOmni] reset_prefix_cache not yet supported with Orchestrator process
[36m(vLLMOmniHttpServer pid=2361308)[0m WARNING 08-03 06:42:45 [async_omni.py:892] [AsyncOmni] reset_mm_cache not yet supported with Orchestrator process[36m(TaskRunner pid=2199620)[0m Training Progress:  19%|█▉        | 29/150 [1:37:31<46:08:07, 1372.62s/it]
[36m(TaskRunner pid=2199620)[0m Training Progress:  20%|██        | 30/150 [1:51:48<39:33:01, 1186.52s/it]
[36m(TaskRunner pid=2199620)[0m Training Progress:  21%|██        | 31/150 [2:04:12<34:15:01, 1036.15s/it]

[36m(vLLMOmniHttpServer pid=2361308)[0m WARNING 08-03 06:42:45 [async_omni.py:899] [AsyncOmni] reset_encoder_cache not yet supported with Orchestrator process[32m [repeated 2x across cluster][0m
[36m(TaskRunner pid=2199620)[0m step:29 - perf/mfu/actor_infer:0.0 - actor/ppo_kl:np.float64(1.2514647096395493e-09) - actor/pg_clipfrac:np.float64(0.0) - actor/pg_clipfrac_higher:np.float64(0.0) - actor/pg_clipfrac_lower:np.float64(0.0) - actor/ratio_mean:np.float64(1.0) - actor/ratio_std:np.float64(0.0) - actor/loss:np.float64(2.0489096641540527e-08) - actor/grad_norm:np.float64(0.001983642578125) - actor/lr:np.float64(1e-05) - perf/mfu/actor:np.float64(0.0) - training/global_step:29 - training/epoch:0 - critic/rewards/mean:0.4722297489643097 - critic/rewards/max:0.9176470637321472 - critic/rewards/min:0.0 - critic/advantages/mean:-2.561137080192566e-08 - critic/advantages/max:0.9892072677612305 - critic/advantages/min:-0.7913657426834106 - critic/returns/mean:-2.561137080192566e-08 - critic/returns/max:0.9892072677612305 - critic/returns/min:-0.7913657426834106 - critic/rewards/zero_std_ratio:0.0 - critic/rewards/std_mean:0.09900957345962524 - critic/rewards/group_size:8.0 - timing_s/start_profile:9.377766400575638e-05 - timing_s/agent_loop/num_preempted/min:np.int64(-1) - timing_s/agent_loop/num_preempted/max:np.int64(-1) - timing_s/agent_loop/num_preempted/mean:np.float64(-1.0) - timing_s/agent_loop/generate_sequences/min:np.float64(11.674380998127162) - timing_s/agent_loop/generate_sequences/max:np.float64(283.9383847620338) - timing_s/agent_loop/generate_sequences/mean:np.float64(220.6792380707484) - timing_s/agent_loop/tool_calls/min:np.float64(0.0) - timing_s/agent_loop/tool_calls/max:np.float64(0.0) - timing_s/agent_loop/tool_calls/mean:np.float64(0.0) - timing_s/agent_loop/compute_score/min:np.float64(0.0) - timing_s/agent_loop/compute_score/max:np.float64(0.0) - timing_s/agent_loop/compute_score/mean:np.float64(0.0) - timing_s/agent_loop/slowest/generate_sequences:np.float64(283.9383847620338) - timing_s/agent_loop/slowest/tool_calls:np.float64(0.0) - timing_s/agent_loop/slowest/compute_score:np.float64(0.0) - timing_s/agent_loop/slowest/num_preempted:np.int64(-1) - timing_s/agent_loop/slowest/prompt_length:38 - timing_s/agent_loop/slowest/response_length:0 - timing_s/gen:326.5708072129637 - timing_s/reward:399.9209455330856 - timing_s/old_log_prob:50.545069152954966 - timing_s/adv:0.001551048830151558 - timing_s/update_actor:157.98794112773612 - timing_s/update_weights:4.0403436832129955 - timing_s/step:939.0691622570157 - timing_s/stop_profile:0.00011972617357969284 - timing_per_image_ms/old_log_prob:1579.5334110298427 - timing_per_image_ms/adv:0.048470275942236185 - timing_per_image_ms/gen:10205.337725405116 - timing_per_image_ms/update_actor:4937.123160241754 - perf/total_num_images:32 - perf/time_per_step:939.0691622570157 - perf/throughput:0.017038148672185796
[36m(vLLMOmniHttpServer pid=2361313)[0m WARNING 08-03 06:42:45 [async_omni.py:910] [AsyncOmni] reset_prefix_cache not yet supported with Orchestrator process
[36m(vLLMOmniHttpServer pid=2361313)[0m WARNING 08-03 06:42:45 [async_omni.py:892] [AsyncOmni] reset_mm_cache not yet supported with Orchestrator process
[36m(vLLMOmniHttpServer pid=2361313)[0m WARNING 08-03 06:46:32 [async_omni.py:899] [AsyncOmni] reset_encoder_cache not yet supported with Orchestrator process[32m [repeated 2x across cluster][0m
[36m(vLLMOmniHttpServer pid=2361308)[0m WARNING 08-03 06:57:01 [async_omni.py:910] [AsyncOmni] reset_prefix_cache not yet supported with Orchestrator process
[36m(vLLMOmniHttpServer pid=2361308)[0m WARNING 08-03 06:57:01 [async_omni.py:892] [AsyncOmni] reset_mm_cache not yet supported with Orchestrator process
[36m(vLLMOmniHttpServer pid=2361308)[0m WARNING 08-03 06:57:01 [async_omni.py:899] [AsyncOmni] reset_encoder_cache not yet supported with Orchestrator process[32m [repeated 2x across cluster][0m
[36m(TaskRunner pid=2199620)[0m step:30 - perf/mfu/actor_infer:0.0 - actor/ppo_kl:np.float64(7.275957614183426e-10) - actor/pg_clipfrac:np.float64(0.0) - actor/pg_clipfrac_higher:np.float64(0.0) - actor/pg_clipfrac_lower:np.float64(0.0) - actor/ratio_mean:np.float64(1.0) - actor/ratio_std:np.float64(0.0) - actor/loss:np.float64(5.960464477539063e-08) - actor/grad_norm:np.float64(0.004180908203125) - actor/lr:np.float64(1e-05) - perf/mfu/actor:np.float64(0.0) - training/global_step:30 - training/epoch:0 - critic/rewards/mean:0.549470067024231 - critic/rewards/max:1.0 - critic/rewards/min:0.0 - critic/advantages/mean:-5.587935447692871e-08 - critic/advantages/max:1.878640055656433 - critic/advantages/min:-1.5512421131134033 - critic/returns/mean:-5.587935447692871e-08 - critic/returns/max:1.878640055656433 - critic/returns/min:-1.5512421131134033 - critic/rewards/zero_std_ratio:0.0 - critic/rewards/std_mean:0.2361052930355072 - critic/rewards/group_size:8.0 - timing_s/start_profile:0.0001481589861214161 - timing_s/agent_loop/num_preempted/min:np.int64(-1) - timing_s/agent_loop/num_preempted/max:np.int64(-1) - timing_s/agent_loop/num_preempted/mean:np.float64(-1.0) - timing_s/agent_loop/generate_sequences/min:np.float64(13.857635586056858) - timing_s/agent_loop/generate_sequences/max:np.float64(211.5587232937105) - timing_s/agent_loop/generate_sequences/mean:np.float64(133.82440838305047) - timing_s/agent_loop/tool_calls/min:np.float64(0.0) - timing_s/agent_loop/tool_calls/max:np.float64(0.0) - timing_s/agent_loop/tool_calls/mean:np.float64(0.0) - timing_s/agent_loop/compute_score/min:np.float64(0.0) - timing_s/agent_loop/compute_score/max:np.float64(0.0) - timing_s/agent_loop/compute_score/mean:np.float64(0.0) - timing_s/agent_loop/slowest/generate_sequences:np.float64(211.5587232937105) - timing_s/agent_loop/slowest/tool_calls:np.float64(0.0) - timing_s/agent_loop/slowest/compute_score:np.float64(0.0) - timing_s/agent_loop/slowest/num_preempted:np.int64(-1) - timing_s/agent_loop/slowest/prompt_length:49 - timing_s/agent_loop/slowest/response_length:0 - timing_s/gen:226.590963490773 - timing_s/reward:420.0159710510634 - timing_s/old_log_prob:50.248218334279954 - timing_s/adv:0.00107570830732584 - timing_s/update_actor:155.55582240596414 - timing_s/update_weights:3.8190796333365142 - timing_s/step:856.2340974938124 - timing_s/stop_profile:0.00012345565482974052 - timing_per_image_ms/old_log_prob:1570.2568229462486 - timing_per_image_ms/adv:0.0336158846039325 - timing_per_image_ms/gen:7080.967609086656 - timing_per_image_ms/update_actor:4861.119450186379 - perf/total_num_images:32 - perf/time_per_step:856.2340974938124 - perf/throughput:0.018686478437184198
[36m(vLLMOmniHttpServer pid=2361313)[0m WARNING 08-03 06:57:01 [async_omni.py:910] [AsyncOmni] reset_prefix_cache not yet supported with Orchestrator process
[36m(vLLMOmniHttpServer pid=2361313)[0m WARNING 08-03 06:57:01 [async_omni.py:892] [AsyncOmni] reset_mm_cache not yet supported with Orchestrator process
[36m(vLLMOmniHttpServer pid=2361308)[0m WARNING 08-03 07:00:53 [async_omni.py:899] [AsyncOmni] reset_encoder_cache not yet supported with Orchestrator process[32m [repeated 2x across cluster][0m
[36m(vLLMOmniHttpServer pid=2361308)[0m WARNING 08-03 07:09:26 [async_omni.py:910] [AsyncOmni] reset_prefix_cache not yet supported with Orchestrator process
[36m(vLLMOmniHttpServer pid=2361308)[0m WARNING 08-03 07:09:26 [async_omni.py:892] [AsyncOmni] reset_mm_cache not yet supported with Orchestrator process
[36m(vLLMOmniHttpServer pid=2361308)[0m WARNING 08-03 07:09:26 [async_omni.py:899] [AsyncOmni] reset_encoder_cache not yet supported with Orchestrator process[32m [repeated 2x across cluster][0m
[36m(TaskRunner pid=2199620)[0m step:31 - perf/mfu/actor_infer:0.0 - actor/ppo_kl:np.float64(9.022187441587448e-10) - actor/pg_clipfrac:np.float64(0.0) - actor/pg_clipfrac_higher:np.float64(0.0) - actor/pg_clipfrac_lower:np.float64(0.0) - actor/ratio_mean:np.float64(1.0) - actor/ratio_std:np.float64(0.0) - actor/loss:np.float64(1.862645149230957e-09) - actor/grad_norm:np.float64(0.0014801025390625) - actor/lr:np.float64(1e-05) - perf/mfu/actor:np.float64(0.0) - training/global_step:31 - training/epoch:0 - critic/rewards/mean:0.5015512704849243 - critic/rewards/max:1.0 - critic/rewards/min:0.0 - critic/advantages/mean:-3.725290298461914e-09 - critic/advantages/max:1.0217585563659668 - critic/advantages/min:-1.6440787315368652 - critic/returns/mean:-3.725290298461914e-09 - critic/returns/max:1.0217585563659668 - critic/returns/min:-1.6440787315368652 - critic/rewards/zero_std_ratio:0.0 - critic/rewards/std_mean:0.23611290752887726 - critic/rewards/group_size:8.0 - timing_s/start_profile:0.0001673898659646511 - timing_s/agent_loop/num_preempted/min:np.int64(-1) - timing_s/agent_loop/num_preempted/max:np.int64(-1) - timing_s/agent_loop/num_preempted/mean:np.float64(-1.0) - timing_s/agent_loop/generate_sequences/min:np.float64(7.024618427269161) - timing_s/agent_loop/generate_sequences/max:np.float64(214.99223177693784) - timing_s/agent_loop/generate_sequences/mean:np.float64(151.41068390518194) - timing_s/agent_loop/tool_calls/min:np.float64(0.0) - timing_s/agent_loop/tool_calls/max:np.float64(0.0) - timing_s/agent_loop/tool_calls/mean:np.float64(0.0) - timing_s/agent_loop/compute_score/min:np.float64(0.0) - timing_s/agent_loop/compute_score/max:np.float64(0.0) - timing_s/agent_loop/compute_score/mean:np.float64(0.0) - timing_s/agent_loop/slowest/generate_sequences:np.float64(214.99223177693784) - timing_s/agent_loop/slowest/tool_calls:np.float64(0.0) - timing_s/agent_loop/slowest/compute_score:np.float64(0.0) - timing_s/agent_loop/slowest/num_preempted:np.int64(-1) - timing_s/agent_loop/slowest/prompt_length:35 - timing_s/agent_loop/slowest/response_length:0 - timing_s/gen:231.0984896752052 - timing_s/reward:300.6606029830873 - timing_s/old_log_prob:51.489501954987645 - timing_s/adv:0.0014210171066224575 - timing_s/update_actor:156.9692853540182 - timing_s/update_weights:3.747749845031649 - timing_s/step:743.9690513997339 - timing_s/stop_profile:0.00012129917740821838 - timing_per_image_ms/old_log_prob:1609.046936093364 - timing_per_image_ms/adv:0.0444067845819518 - timing_per_image_ms/gen:7221.8278023501625 - timing_per_image_ms/update_actor:4905.290167313069 - perf/total_num_images:32 - perf/time_per_step:743.9690513997339 - perf/throughput:0.021506270952934056[36m(TaskRunner pid=2199620)[0m Training Progress:  21%|██▏       | 32/150 [2:19:28<32:40:41, 996.96s/it] 
[36m(TaskRunner pid=2199620)[0m Training Progress:  22%|██▏       | 33/150 [2:33:48<30:58:41, 953.18s/it]

[36m(vLLMOmniHttpServer pid=2361313)[0m WARNING 08-03 07:09:26 [async_omni.py:910] [AsyncOmni] reset_prefix_cache not yet supported with Orchestrator process
[36m(vLLMOmniHttpServer pid=2361313)[0m WARNING 08-03 07:09:26 [async_omni.py:892] [AsyncOmni] reset_mm_cache not yet supported with Orchestrator process
[36m(vLLMOmniHttpServer pid=2361308)[0m WARNING 08-03 07:13:16 [async_omni.py:899] [AsyncOmni] reset_encoder_cache not yet supported with Orchestrator process[32m [repeated 2x across cluster][0m
[36m(vLLMOmniHttpServer pid=2361308)[0m WARNING 08-03 07:24:42 [async_omni.py:910] [AsyncOmni] reset_prefix_cache not yet supported with Orchestrator process
[36m(vLLMOmniHttpServer pid=2361308)[0m WARNING 08-03 07:24:42 [async_omni.py:892] [AsyncOmni] reset_mm_cache not yet supported with Orchestrator process
[36m(vLLMOmniHttpServer pid=2361308)[0m WARNING 08-03 07:24:42 [async_omni.py:899] [AsyncOmni] reset_encoder_cache not yet supported with Orchestrator process[32m [repeated 2x across cluster][0m
[36m(TaskRunner pid=2199620)[0m step:32 - perf/mfu/actor_infer:0.0 - actor/ppo_kl:np.float64(-6.111804395914078e-10) - actor/pg_clipfrac:np.float64(0.0) - actor/pg_clipfrac_higher:np.float64(0.0) - actor/pg_clipfrac_lower:np.float64(0.0) - actor/ratio_mean:np.float64(1.0) - actor/ratio_std:np.float64(0.0) - actor/loss:np.float64(4.842877388000488e-08) - actor/grad_norm:np.float64(0.00162506103515625) - actor/lr:np.float64(1e-05) - perf/mfu/actor:np.float64(0.0) - training/global_step:32 - training/epoch:0 - critic/rewards/mean:0.49270835518836975 - critic/rewards/max:1.0 - critic/rewards/min:0.0 - critic/advantages/mean:-5.960464477539063e-08 - critic/advantages/max:1.3593906164169312 - critic/advantages/min:-1.3482935428619385 - critic/returns/mean:-5.960464477539063e-08 - critic/returns/max:1.3593906164169312 - critic/returns/min:-1.3482935428619385 - critic/rewards/zero_std_ratio:0.0 - critic/rewards/std_mean:0.14837507903575897 - critic/rewards/group_size:8.0 - timing_s/start_profile:0.00014625489711761475 - timing_s/agent_loop/num_preempted/min:np.int64(-1) - timing_s/agent_loop/num_preempted/max:np.int64(-1) - timing_s/agent_loop/num_preempted/mean:np.float64(-1.0) - timing_s/agent_loop/generate_sequences/min:np.float64(7.122394261881709) - timing_s/agent_loop/generate_sequences/max:np.float64(213.48546280385926) - timing_s/agent_loop/generate_sequences/mean:np.float64(150.5893609737832) - timing_s/agent_loop/tool_calls/min:np.float64(0.0) - timing_s/agent_loop/tool_calls/max:np.float64(0.0) - timing_s/agent_loop/tool_calls/mean:np.float64(0.0) - timing_s/agent_loop/compute_score/min:np.float64(0.0) - timing_s/agent_loop/compute_score/max:np.float64(0.0) - timing_s/agent_loop/compute_score/mean:np.float64(0.0) - timing_s/agent_loop/slowest/generate_sequences:np.float64(213.48546280385926) - timing_s/agent_loop/slowest/tool_calls:np.float64(0.0) - timing_s/agent_loop/slowest/compute_score:np.float64(0.0) - timing_s/agent_loop/slowest/num_preempted:np.int64(-1) - timing_s/agent_loop/slowest/prompt_length:55 - timing_s/agent_loop/slowest/response_length:0 - timing_s/gen:229.3623083648272 - timing_s/reward:475.22385206306353 - timing_s/old_log_prob:50.77753159683198 - timing_s/adv:0.0014844811521470547 - timing_s/update_actor:157.05361723294482 - timing_s/update_weights:3.5857785688713193 - timing_s/step:916.0064007737674 - timing_s/stop_profile:4.74792905151844e-05 - timing_per_image_ms/old_log_prob:1586.7978624009993 - timing_per_image_ms/adv:0.04639003600459546 - timing_per_image_ms/gen:7167.57213640085 - timing_per_image_ms/update_actor:4907.9255385295255 - perf/total_num_images:32 - perf/time_per_step:916.0064007737674 - perf/throughput:0.01746712685248106
[36m(vLLMOmniHttpServer pid=2361313)[0m WARNING 08-03 07:24:42 [async_omni.py:910] [AsyncOmni] reset_prefix_cache not yet supported with Orchestrator process
[36m(vLLMOmniHttpServer pid=2361313)[0m WARNING 08-03 07:24:42 [async_omni.py:892] [AsyncOmni] reset_mm_cache not yet supported with Orchestrator process
[36m(vLLMOmniHttpServer pid=2361308)[0m WARNING 08-03 07:28:31 [async_omni.py:899] [AsyncOmni] reset_encoder_cache not yet supported with Orchestrator process[32m [repeated 2x across cluster][0m
[36m(vLLMOmniHttpServer pid=2361308)[0m WARNING 08-03 07:39:02 [async_omni.py:910] [AsyncOmni] reset_prefix_cache not yet supported with Orchestrator process
[36m(vLLMOmniHttpServer pid=2361308)[0m WARNING 08-03 07:39:02 [async_omni.py:892] [AsyncOmni] reset_mm_cache not yet supported with Orchestrator process
[36m(vLLMOmniHttpServer pid=2361308)[0m WARNING 08-03 07:39:02 [async_omni.py:899] [AsyncOmni] reset_encoder_cache not yet supported with Orchestrator process[32m [repeated 2x across cluster][0m
[36m(TaskRunner pid=2199620)[0m step:33 - perf/mfu/actor_infer:0.0 - actor/ppo_kl:np.float64(2.3283064365386963e-10) - actor/pg_clipfrac:np.float64(0.0) - actor/pg_clipfrac_higher:np.float64(0.0) - actor/pg_clipfrac_lower:np.float64(0.0) - actor/ratio_mean:np.float64(1.0) - actor/ratio_std:np.float64(0.0) - actor/loss:np.float64(-8.568167686462402e-08) - actor/grad_norm:np.float64(0.00164031982421875) - actor/lr:np.float64(1e-05) - perf/mfu/actor:np.float64(0.0) - training/global_step:33 - training/epoch:0 - critic/rewards/mean:0.4050213694572449 - critic/rewards/max:0.8999999761581421 - critic/rewards/min:0.0 - critic/advantages/mean:7.450580596923828e-08 - critic/advantages/max:1.5666942596435547 - critic/advantages/min:-1.7233632802963257 - critic/returns/mean:7.450580596923828e-08 - critic/returns/max:1.5666942596435547 - critic/returns/min:-1.7233632802963257 - critic/rewards/zero_std_ratio:0.0 - critic/rewards/std_mean:0.12317532300949097 - critic/rewards/group_size:8.0 - timing_s/start_profile:6.875395774841309e-05 - timing_s/agent_loop/num_preempted/min:np.int64(-1) - timing_s/agent_loop/num_preempted/max:np.int64(-1) - timing_s/agent_loop/num_preempted/mean:np.float64(-1.0) - timing_s/agent_loop/generate_sequences/min:np.float64(7.17604245711118) - timing_s/agent_loop/generate_sequences/max:np.float64(213.42948022298515) - timing_s/agent_loop/generate_sequences/mean:np.float64(145.29351524912636) - timing_s/agent_loop/tool_calls/min:np.float64(0.0) - timing_s/agent_loop/tool_calls/max:np.float64(0.0) - timing_s/agent_loop/tool_calls/mean:np.float64(0.0) - timing_s/agent_loop/compute_score/min:np.float64(0.0) - timing_s/agent_loop/compute_score/max:np.float64(0.0) - timing_s/agent_loop/compute_score/mean:np.float64(0.0) - timing_s/agent_loop/slowest/generate_sequences:np.float64(213.42948022298515) - timing_s/agent_loop/slowest/tool_calls:np.float64(0.0) - timing_s/agent_loop/slowest/compute_score:np.float64(0.0) - timing_s/agent_loop/slowest/num_preempted:np.int64(-1) - timing_s/agent_loop/slowest/prompt_length:40 - timing_s/agent_loop/slowest/response_length:0 - timing_s/gen:228.6096455641091 - timing_s/reward:421.04362307302654 - timing_s/old_log_prob:49.93401105562225 - timing_s/adv:0.0015384377911686897 - timing_s/update_actor:156.04794147331268 - timing_s/update_weights:3.4813134418800473 - timing_s/step:859.1198719390668 - timing_s/stop_profile:8.480390533804893e-05 - timing_per_image_ms/old_log_prob:1560.4378454881953 - timing_per_image_ms/adv:0.048076180974021554 - timing_per_image_ms/gen:7144.051423878409 - timing_per_image_ms/update_actor:4876.498171041021 - perf/total_num_images:32 - perf/time_per_step:859.1198719390668 - perf/throughput:0.018623710756320164
[36m(vLLMOmniHttpServer pid=2361313)[0m WARNING 08-03 07:39:02 [async_omni.py:910] [AsyncOmni] reset_prefix_cache not yet supported with Orchestrator process
[36m(vLLMOmniHttpServer pid=2361313)[0m WARNING 08-03 07:39:02 [async_omni.py:892] [AsyncOmni] reset_mm_cache not yet supported with Orchestrator process
[36m(vLLMOmniHttpServer pid=2361308)[0m WARNING 08-03 07:42:51 [async_omni.py:899] [AsyncOmni] reset_encoder_cache not yet supported with Orchestrator process[32m [repeated 2x across cluster][0m
[36m(vLLMOmniHttpServer pid=2361313)[0m WARNING 08-03 07:51:42 [async_omni.py:910] [AsyncOmni] reset_prefix_cache not yet supported with Orchestrator process
[36m(vLLMOmniHttpServer pid=2361313)[0m WARNING 08-03 07:51:42 [async_omni.py:892] [AsyncOmni] reset_mm_cache not yet supported with Orchestrator process[36m(TaskRunner pid=2199620)[0m Training Progress:  23%|██▎       | 34/150 [2:46:28<28:46:24, 892.97s/it]
[36m(TaskRunner pid=2199620)[0m Training Progress:  23%|██▎       | 35/150 [3:02:14<29:03:00, 909.39s/it]
[36m(TaskRunner pid=2199620)[0m Training Progress:  24%|██▍       | 36/150 [3:22:56<32:01:07, 1011.12s/it]

[36m(vLLMOmniHttpServer pid=2361313)[0m WARNING 08-03 07:51:42 [async_omni.py:899] [AsyncOmni] reset_encoder_cache not yet supported with Orchestrator process[32m [repeated 2x across cluster][0m
[36m(TaskRunner pid=2199620)[0m step:34 - perf/mfu/actor_infer:0.0 - actor/ppo_kl:np.float64(-1.1641532182693481e-10) - actor/pg_clipfrac:np.float64(0.0) - actor/pg_clipfrac_higher:np.float64(0.0) - actor/pg_clipfrac_lower:np.float64(0.0) - actor/ratio_mean:np.float64(1.0) - actor/ratio_std:np.float64(0.0) - actor/loss:np.float64(-5.029141902923584e-08) - actor/grad_norm:np.float64(0.007354736328125) - actor/lr:np.float64(1e-05) - perf/mfu/actor:np.float64(0.0) - training/global_step:34 - training/epoch:0 - critic/rewards/mean:0.5845446586608887 - critic/rewards/max:0.949999988079071 - critic/rewards/min:0.13846154510974884 - critic/advantages/mean:6.332993507385254e-08 - critic/advantages/max:1.4702306985855103 - critic/advantages/min:-1.9999682903289795 - critic/returns/mean:6.332993507385254e-08 - critic/returns/max:1.4702306985855103 - critic/returns/min:-1.9999682903289795 - critic/rewards/zero_std_ratio:0.0 - critic/rewards/std_mean:0.1748504340648651 - critic/rewards/group_size:8.0 - timing_s/start_profile:6.781518459320068e-05 - timing_s/agent_loop/num_preempted/min:np.int64(-1) - timing_s/agent_loop/num_preempted/max:np.int64(-1) - timing_s/agent_loop/num_preempted/mean:np.float64(-1.0) - timing_s/agent_loop/generate_sequences/min:np.float64(7.198602749034762) - timing_s/agent_loop/generate_sequences/max:np.float64(212.38888173596933) - timing_s/agent_loop/generate_sequences/mean:np.float64(150.31141156576632) - timing_s/agent_loop/tool_calls/min:np.float64(0.0) - timing_s/agent_loop/tool_calls/max:np.float64(0.0) - timing_s/agent_loop/tool_calls/mean:np.float64(0.0) - timing_s/agent_loop/compute_score/min:np.float64(0.0) - timing_s/agent_loop/compute_score/max:np.float64(0.0) - timing_s/agent_loop/compute_score/mean:np.float64(0.0) - timing_s/agent_loop/slowest/generate_sequences:np.float64(212.38888173596933) - timing_s/agent_loop/slowest/tool_calls:np.float64(0.0) - timing_s/agent_loop/slowest/compute_score:np.float64(0.0) - timing_s/agent_loop/slowest/num_preempted:np.int64(-1) - timing_s/agent_loop/slowest/prompt_length:48 - timing_s/agent_loop/slowest/response_length:0 - timing_s/gen:228.7352597368881 - timing_s/reward:333.01328205736354 - timing_s/old_log_prob:51.05783994263038 - timing_s/adv:0.0011349627748131752 - timing_s/update_actor:143.76870097825304 - timing_s/update_weights:3.761017663870007 - timing_s/step:760.3390009128489 - timing_s/stop_profile:5.726097151637077e-05 - timing_per_image_ms/old_log_prob:1595.5574982071994 - timing_per_image_ms/adv:0.035467586712911725 - timing_per_image_ms/gen:7147.9768667777535 - timing_per_image_ms/update_actor:4492.771905570407 - perf/total_num_images:32 - perf/time_per_step:760.3390009128489 - perf/throughput:0.02104324515879193
[36m(vLLMOmniHttpServer pid=2361308)[0m WARNING 08-03 07:51:42 [async_omni.py:910] [AsyncOmni] reset_prefix_cache not yet supported with Orchestrator process
[36m(vLLMOmniHttpServer pid=2361308)[0m WARNING 08-03 07:51:42 [async_omni.py:892] [AsyncOmni] reset_mm_cache not yet supported with Orchestrator process
[36m(vLLMOmniHttpServer pid=2361308)[0m WARNING 08-03 07:53:49 [async_omni.py:899] [AsyncOmni] reset_encoder_cache not yet supported with Orchestrator process[32m [repeated 2x across cluster][0m
[36m(vLLMOmniHttpServer pid=2361308)[0m WARNING 08-03 08:07:28 [async_omni.py:910] [AsyncOmni] reset_prefix_cache not yet supported with Orchestrator process
[36m(vLLMOmniHttpServer pid=2361308)[0m WARNING 08-03 08:07:28 [async_omni.py:892] [AsyncOmni] reset_mm_cache not yet supported with Orchestrator process
[36m(vLLMOmniHttpServer pid=2361308)[0m WARNING 08-03 08:07:28 [async_omni.py:899] [AsyncOmni] reset_encoder_cache not yet supported with Orchestrator process[32m [repeated 2x across cluster][0m
[36m(TaskRunner pid=2199620)[0m step:35 - perf/mfu/actor_infer:0.0 - actor/ppo_kl:np.float64(-2.240994945168495e-09) - actor/pg_clipfrac:np.float64(0.0) - actor/pg_clipfrac_higher:np.float64(0.0) - actor/pg_clipfrac_lower:np.float64(0.0) - actor/ratio_mean:np.float64(1.0) - actor/ratio_std:np.float64(0.0) - actor/loss:np.float64(-3.725290298461914e-09) - actor/grad_norm:np.float64(0.0026397705078125) - actor/lr:np.float64(1e-05) - perf/mfu/actor:np.float64(0.0) - training/global_step:35 - training/epoch:0 - critic/rewards/mean:0.1140972301363945 - critic/rewards/max:0.800000011920929 - critic/rewards/min:0.0 - critic/advantages/mean:0.0 - critic/advantages/max:2.734814167022705 - critic/advantages/min:-1.4725922346115112 - critic/returns/mean:0.0 - critic/returns/max:2.734814167022705 - critic/returns/min:-1.4725922346115112 - critic/rewards/zero_std_ratio:0.0 - critic/rewards/std_mean:0.11494757235050201 - critic/rewards/group_size:8.0 - timing_s/start_profile:0.0003147171810269356 - timing_s/agent_loop/num_preempted/min:np.int64(-1) - timing_s/agent_loop/num_preempted/max:np.int64(-1) - timing_s/agent_loop/num_preempted/mean:np.float64(-1.0) - timing_s/agent_loop/generate_sequences/min:np.float64(7.382812400814146) - timing_s/agent_loop/generate_sequences/max:np.float64(110.51615381008014) - timing_s/agent_loop/generate_sequences/mean:np.float64(95.11237720672216) - timing_s/agent_loop/tool_calls/min:np.float64(0.0) - timing_s/agent_loop/tool_calls/max:np.float64(0.0) - timing_s/agent_loop/tool_calls/mean:np.float64(0.0) - timing_s/agent_loop/compute_score/min:np.float64(0.0) - timing_s/agent_loop/compute_score/max:np.float64(0.0) - timing_s/agent_loop/compute_score/mean:np.float64(0.0) - timing_s/agent_loop/slowest/generate_sequences:np.float64(110.51615381008014) - timing_s/agent_loop/slowest/tool_calls:np.float64(0.0) - timing_s/agent_loop/slowest/compute_score:np.float64(0.0) - timing_s/agent_loop/slowest/num_preempted:np.int64(-1) - timing_s/agent_loop/slowest/prompt_length:46 - timing_s/agent_loop/slowest/response_length:0 - timing_s/gen:126.34354131715372 - timing_s/reward:696.7120390818454 - timing_s/old_log_prob:32.56627099402249 - timing_s/adv:0.001977100968360901 - timing_s/update_actor:86.84151262091473 - timing_s/update_weights:3.3700578627176583 - timing_s/step:945.8375027230941 - timing_s/stop_profile:0.00011125393211841583 - timing_per_image_ms/old_log_prob:1017.6959685632028 - timing_per_image_ms/adv:0.06178440526127815 - timing_per_image_ms/gen:3948.235666161054 - timing_per_image_ms/update_actor:2713.7972694035852 - perf/total_num_images:32 - perf/time_per_step:945.8375027230941 - perf/throughput:0.016916224989953908
[36m(vLLMOmniHttpServer pid=2361313)[0m WARNING 08-03 08:07:28 [async_omni.py:910] [AsyncOmni] reset_prefix_cache not yet supported with Orchestrator process
[36m(vLLMOmniHttpServer pid=2361313)[0m WARNING 08-03 08:07:28 [async_omni.py:892] [AsyncOmni] reset_mm_cache not yet supported with Orchestrator process
[36m(vLLMOmniHttpServer pid=2361313)[0m WARNING 08-03 08:09:36 [async_omni.py:899] [AsyncOmni] reset_encoder_cache not yet supported with Orchestrator process[32m [repeated 2x across cluster][0m
[36m(vLLMOmniHttpServer pid=2361308)[0m WARNING 08-03 08:28:10 [async_omni.py:910] [AsyncOmni] reset_prefix_cache not yet supported with Orchestrator process
[36m(vLLMOmniHttpServer pid=2361308)[0m WARNING 08-03 08:28:10 [async_omni.py:892] [AsyncOmni] reset_mm_cache not yet supported with Orchestrator process
[36m(vLLMOmniHttpServer pid=2361308)[0m WARNING 08-03 08:28:10 [async_omni.py:899] [AsyncOmni] reset_encoder_cache not yet supported with Orchestrator process[32m [repeated 2x across cluster][0m
[36m(TaskRunner pid=2199620)[0m step:36 - perf/mfu/actor_infer:0.0 - actor/ppo_kl:np.float64(-1.4551915228366852e-09) - actor/pg_clipfrac:np.float64(0.0) - actor/pg_clipfrac_higher:np.float64(0.0) - actor/pg_clipfrac_lower:np.float64(0.0) - actor/ratio_mean:np.float64(1.0) - actor/ratio_std:np.float64(0.0) - actor/loss:np.float64(7.450580596923828e-09) - actor/grad_norm:np.float64(0.00122833251953125) - actor/lr:np.float64(1e-05) - perf/mfu/actor:np.float64(0.0) - training/global_step:36 - training/epoch:0 - critic/rewards/mean:0.5170129537582397 - critic/rewards/max:1.0 - critic/rewards/min:0.0 - critic/advantages/mean:-7.450580596923828e-09 - critic/advantages/max:0.789136528968811 - critic/advantages/min:-1.0557607412338257 - critic/returns/mean:-7.450580596923828e-09 - critic/returns/max:0.789136528968811 - critic/returns/min:-1.0557607412338257 - critic/rewards/zero_std_ratio:0.25 - critic/rewards/std_mean:0.1191708967089653 - critic/rewards/group_size:8.0 - timing_s/start_profile:0.00014842115342617035 - timing_s/agent_loop/num_preempted/min:np.int64(-1) - timing_s/agent_loop/num_preempted/max:np.int64(-1) - timing_s/agent_loop/num_preempted/mean:np.float64(-1.0) - timing_s/agent_loop/generate_sequences/min:np.float64(6.9974176408723) - timing_s/agent_loop/generate_sequences/max:np.float64(109.56405024090782) - timing_s/agent_loop/generate_sequences/mean:np.float64(101.96368062042166) - timing_s/agent_loop/tool_calls/min:np.float64(0.0) - timing_s/agent_loop/tool_calls/max:np.float64(0.0) - timing_s/agent_loop/tool_calls/mean:np.float64(0.0) - timing_s/agent_loop/compute_score/min:np.float64(0.0) - timing_s/agent_loop/compute_score/max:np.float64(0.0) - timing_s/agent_loop/compute_score/mean:np.float64(0.0) - timing_s/agent_loop/slowest/generate_sequences:np.float64(109.56405024090782) - timing_s/agent_loop/slowest/tool_calls:np.float64(0.0) - timing_s/agent_loop/slowest/compute_score:np.float64(0.0) - timing_s/agent_loop/slowest/num_preempted:np.int64(-1) - timing_s/agent_loop/slowest/prompt_length:53 - timing_s/agent_loop/slowest/response_length:0 - timing_s/gen:126.51271107094362 - timing_s/reward:902.0757956192829 - timing_s/old_log_prob:50.60093592572957 - timing_s/adv:0.0021247477270662785 - timing_s/update_actor:158.57747077103704 - timing_s/update_weights:3.6868874821811914 - timing_s/step:1241.4581454480067 - timing_s/stop_profile:7.213093340396881e-05 - timing_per_image_ms/old_log_prob:1581.2792476790491 - timing_per_image_ms/adv:0.0663983664708212 - timing_per_image_ms/gen:3953.5222209669882 - timing_per_image_ms/update_actor:4955.545961594908 - perf/total_num_images:32 - perf/time_per_step:1241.4581454480067 - perf/throughput:0.01288807041837569[36m(TaskRunner pid=2199620)[0m Training Progress:  25%|██▍       | 37/150 [3:35:33<29:18:35, 933.77s/it] 
[36m(TaskRunner pid=2199620)[0m Training Progress:  25%|██▌       | 38/150 [3:54:03<30:42:44, 987.19s/it]

[36m(vLLMOmniHttpServer pid=2361313)[0m WARNING 08-03 08:28:10 [async_omni.py:910] [AsyncOmni] reset_prefix_cache not yet supported with Orchestrator process
[36m(vLLMOmniHttpServer pid=2361313)[0m WARNING 08-03 08:28:10 [async_omni.py:892] [AsyncOmni] reset_mm_cache not yet supported with Orchestrator process
[36m(vLLMOmniHttpServer pid=2361308)[0m WARNING 08-03 08:31:59 [async_omni.py:899] [AsyncOmni] reset_encoder_cache not yet supported with Orchestrator process[32m [repeated 2x across cluster][0m
[36m(vLLMOmniHttpServer pid=2361308)[0m WARNING 08-03 08:40:47 [async_omni.py:910] [AsyncOmni] reset_prefix_cache not yet supported with Orchestrator process
[36m(vLLMOmniHttpServer pid=2361308)[0m WARNING 08-03 08:40:47 [async_omni.py:892] [AsyncOmni] reset_mm_cache not yet supported with Orchestrator process
[36m(vLLMOmniHttpServer pid=2361308)[0m WARNING 08-03 08:40:47 [async_omni.py:899] [AsyncOmni] reset_encoder_cache not yet supported with Orchestrator process[32m [repeated 2x across cluster][0m
[36m(TaskRunner pid=2199620)[0m step:37 - perf/mfu/actor_infer:0.0 - actor/ppo_kl:np.float64(4.94765117764473e-10) - actor/pg_clipfrac:np.float64(0.0) - actor/pg_clipfrac_higher:np.float64(0.0) - actor/pg_clipfrac_lower:np.float64(0.0) - actor/ratio_mean:np.float64(1.0) - actor/ratio_std:np.float64(0.0) - actor/loss:np.float64(2.2351741790771484e-08) - actor/grad_norm:np.float64(0.0042724609375) - actor/lr:np.float64(1e-05) - perf/mfu/actor:np.float64(0.0) - training/global_step:37 - training/epoch:0 - critic/rewards/mean:0.4270086884498596 - critic/rewards/max:1.0 - critic/rewards/min:0.0 - critic/advantages/mean:-2.9802322387695312e-08 - critic/advantages/max:1.833121657371521 - critic/advantages/min:-1.968908429145813 - critic/returns/mean:-2.9802322387695312e-08 - critic/returns/max:1.833121657371521 - critic/returns/min:-1.968908429145813 - critic/rewards/zero_std_ratio:0.0 - critic/rewards/std_mean:0.24213185906410217 - critic/rewards/group_size:8.0 - timing_s/start_profile:0.00010043615475296974 - timing_s/agent_loop/num_preempted/min:np.int64(-1) - timing_s/agent_loop/num_preempted/max:np.int64(-1) - timing_s/agent_loop/num_preempted/mean:np.float64(-1.0) - timing_s/agent_loop/generate_sequences/min:np.float64(7.070199258159846) - timing_s/agent_loop/generate_sequences/max:np.float64(212.95752375712618) - timing_s/agent_loop/generate_sequences/mean:np.float64(145.19064486997377) - timing_s/agent_loop/tool_calls/min:np.float64(0.0) - timing_s/agent_loop/tool_calls/max:np.float64(0.0) - timing_s/agent_loop/tool_calls/mean:np.float64(0.0) - timing_s/agent_loop/compute_score/min:np.float64(0.0) - timing_s/agent_loop/compute_score/max:np.float64(0.0) - timing_s/agent_loop/compute_score/mean:np.float64(0.0) - timing_s/agent_loop/slowest/generate_sequences:np.float64(212.95752375712618) - timing_s/agent_loop/slowest/tool_calls:np.float64(0.0) - timing_s/agent_loop/slowest/compute_score:np.float64(0.0) - timing_s/agent_loop/slowest/num_preempted:np.int64(-1) - timing_s/agent_loop/slowest/prompt_length:67 - timing_s/agent_loop/slowest/response_length:0 - timing_s/gen:228.76665614871308 - timing_s/reward:317.2025053468533 - timing_s/old_log_prob:50.33734930912033 - timing_s/adv:0.0014681830070912838 - timing_s/update_actor:156.33477830700576 - timing_s/update_weights:3.9803490042686462 - timing_s/step:756.6256323209964 - timing_s/stop_profile:0.00019264081493020058 - timing_per_image_ms/old_log_prob:1573.0421659100102 - timing_per_image_ms/adv:0.04588071897160262 - timing_per_image_ms/gen:7148.958004647284 - timing_per_image_ms/update_actor:4885.46182209393 - perf/total_num_images:32 - perf/time_per_step:756.6256323209964 - perf/throughput:0.021146521233914587
[36m(vLLMOmniHttpServer pid=2361313)[0m WARNING 08-03 08:40:47 [async_omni.py:910] [AsyncOmni] reset_prefix_cache not yet supported with Orchestrator process
[36m(vLLMOmniHttpServer pid=2361313)[0m WARNING 08-03 08:40:47 [async_omni.py:892] [AsyncOmni] reset_mm_cache not yet supported with Orchestrator process
[36m(vLLMOmniHttpServer pid=2361308)[0m WARNING 08-03 08:44:36 [async_omni.py:899] [AsyncOmni] reset_encoder_cache not yet supported with Orchestrator process[32m [repeated 2x across cluster][0m
[36m(vLLMOmniHttpServer pid=2361313)[0m WARNING 08-03 08:59:17 [async_omni.py:910] [AsyncOmni] reset_prefix_cache not yet supported with Orchestrator process
[36m(vLLMOmniHttpServer pid=2361313)[0m WARNING 08-03 08:59:17 [async_omni.py:892] [AsyncOmni] reset_mm_cache not yet supported with Orchestrator process
[36m(vLLMOmniHttpServer pid=2361313)[0m WARNING 08-03 08:59:17 [async_omni.py:899] [AsyncOmni] reset_encoder_cache not yet supported with Orchestrator process[32m [repeated 2x across cluster][0m
[36m(TaskRunner pid=2199620)[0m step:38 - perf/mfu/actor_infer:0.0 - actor/ppo_kl:np.float64(9.022187441587448e-10) - actor/pg_clipfrac:np.float64(0.0) - actor/pg_clipfrac_higher:np.float64(0.0) - actor/pg_clipfrac_lower:np.float64(0.0) - actor/ratio_mean:np.float64(1.0) - actor/ratio_std:np.float64(0.0) - actor/loss:np.float64(-3.725290298461914e-08) - actor/grad_norm:np.float64(0.00128173828125) - actor/lr:np.float64(1e-05) - perf/mfu/actor:np.float64(0.0) - training/global_step:38 - training/epoch:0 - critic/rewards/mean:0.43712377548217773 - critic/rewards/max:1.0 - critic/rewards/min:0.0 - critic/advantages/mean:4.842877388000488e-08 - critic/advantages/max:0.7720582485198975 - critic/advantages/min:-1.5441160202026367 - critic/returns/mean:4.842877388000488e-08 - critic/returns/max:0.7720582485198975 - critic/returns/min:-1.5441160202026367 - critic/rewards/zero_std_ratio:0.0 - critic/rewards/std_mean:0.13538695871829987 - critic/rewards/group_size:8.0 - timing_s/start_profile:0.00021681608632206917 - timing_s/agent_loop/num_preempted/min:np.int64(-1) - timing_s/agent_loop/num_preempted/max:np.int64(-1) - timing_s/agent_loop/num_preempted/mean:np.float64(-1.0) - timing_s/agent_loop/generate_sequences/min:np.float64(7.19740283023566) - timing_s/agent_loop/generate_sequences/max:np.float64(213.3324414161034) - timing_s/agent_loop/generate_sequences/mean:np.float64(150.41034646210028) - timing_s/agent_loop/tool_calls/min:np.float64(0.0) - timing_s/agent_loop/tool_calls/max:np.float64(0.0) - timing_s/agent_loop/tool_calls/mean:np.float64(0.0) - timing_s/agent_loop/compute_score/min:np.float64(0.0) - timing_s/agent_loop/compute_score/max:np.float64(0.0) - timing_s/agent_loop/compute_score/mean:np.float64(0.0) - timing_s/agent_loop/slowest/generate_sequences:np.float64(213.3324414161034) - timing_s/agent_loop/slowest/tool_calls:np.float64(0.0) - timing_s/agent_loop/slowest/compute_score:np.float64(0.0) - timing_s/agent_loop/slowest/num_preempted:np.int64(-1) - timing_s/agent_loop/slowest/prompt_length:44 - timing_s/agent_loop/slowest/response_length:0 - timing_s/gen:228.80160356173292 - timing_s/reward:670.5609010439366 - timing_s/old_log_prob:50.19446301879361 - timing_s/adv:0.0021735243499279022 - timing_s/update_actor:156.74479640973732 - timing_s/update_weights:3.480603286996484 - timing_s/step:1109.788015770726 - timing_s/stop_profile:7.861200720071793e-05 - timing_per_image_ms/old_log_prob:1568.5769693373004 - timing_per_image_ms/adv:0.06792263593524694 - timing_per_image_ms/gen:7150.050111304154 - timing_per_image_ms/update_actor:4898.274887804291 - perf/total_num_images:32 - perf/time_per_step:1109.788015770726 - perf/throughput:0.014417167758734821
[36m(vLLMOmniHttpServer pid=2361308)[0m WARNING 08-03 08:59:17 [async_omni.py:910] [AsyncOmni] reset_prefix_cache not yet supported with Orchestrator process
[36m(vLLMOmniHttpServer pid=2361308)[0m WARNING 08-03 08:59:17 [async_omni.py:892] [AsyncOmni] reset_mm_cache not yet supported with Orchestrator process
[36m(vLLMOmniHttpServer pid=2361308)[0m WARNING 08-03 09:03:09 [async_omni.py:899] [AsyncOmni] reset_encoder_cache not yet supported with Orchestrator process[32m [repeated 2x across cluster][0m
[36m(vLLMOmniHttpServer pid=2361308)[0m WARNING 08-03 09:18:51 [async_omni.py:910] [AsyncOmni] reset_prefix_cache not yet supported with Orchestrator process
[36m(vLLMOmniHttpServer pid=2361308)[0m WARNING 08-03 09:18:51 [async_omni.py:892] [AsyncOmni] reset_mm_cache not yet supported with Orchestrator process[36m(TaskRunner pid=2199620)[0m Training Progress:  26%|██▌       | 39/150 [4:13:37<32:10:35, 1043.56s/it]
[36m(TaskRunner pid=2199620)[0m Training Progress:  27%|██▋       | 40/150 [4:24:19<28:11:31, 922.65s/it] 
[36m(TaskRunner pid=2199620)[0m Training Progress:  27%|██▋       | 41/150 [4:37:38<26:48:26, 885.38s/it]

[36m(vLLMOmniHttpServer pid=2361308)[0m WARNING 08-03 09:18:51 [async_omni.py:899] [AsyncOmni] reset_encoder_cache not yet supported with Orchestrator process[32m [repeated 2x across cluster][0m
[36m(TaskRunner pid=2199620)[0m step:39 - perf/mfu/actor_infer:0.0 - actor/ppo_kl:np.float64(-1.2514647096395493e-09) - actor/pg_clipfrac:np.float64(0.0) - actor/pg_clipfrac_higher:np.float64(0.0) - actor/pg_clipfrac_lower:np.float64(0.0) - actor/ratio_mean:np.float64(1.0) - actor/ratio_std:np.float64(0.0) - actor/loss:np.float64(-5.587935447692871e-09) - actor/grad_norm:np.float64(0.00115203857421875) - actor/lr:np.float64(1e-05) - perf/mfu/actor:np.float64(0.0) - training/global_step:39 - training/epoch:0 - critic/rewards/mean:0.24529226124286652 - critic/rewards/max:1.0 - critic/rewards/min:0.0 - critic/advantages/mean:3.725290298461914e-09 - critic/advantages/max:0.6940993070602417 - critic/advantages/min:-1.945753812789917 - critic/returns/mean:3.725290298461914e-09 - critic/returns/max:0.6940993070602417 - critic/returns/min:-1.945753812789917 - critic/rewards/zero_std_ratio:0.0 - critic/rewards/std_mean:0.11311183124780655 - critic/rewards/group_size:8.0 - timing_s/start_profile:7.45430588722229e-05 - timing_s/agent_loop/num_preempted/min:np.int64(-1) - timing_s/agent_loop/num_preempted/max:np.int64(-1) - timing_s/agent_loop/num_preempted/mean:np.float64(-1.0) - timing_s/agent_loop/generate_sequences/min:np.float64(7.0403928006999195) - timing_s/agent_loop/generate_sequences/max:np.float64(216.14720709901303) - timing_s/agent_loop/generate_sequences/mean:np.float64(146.64152849139646) - timing_s/agent_loop/tool_calls/min:np.float64(0.0) - timing_s/agent_loop/tool_calls/max:np.float64(0.0) - timing_s/agent_loop/tool_calls/mean:np.float64(0.0) - timing_s/agent_loop/compute_score/min:np.float64(0.0) - timing_s/agent_loop/compute_score/max:np.float64(0.0) - timing_s/agent_loop/compute_score/mean:np.float64(0.0) - timing_s/agent_loop/slowest/generate_sequences:np.float64(216.14720709901303) - timing_s/agent_loop/slowest/tool_calls:np.float64(0.0) - timing_s/agent_loop/slowest/compute_score:np.float64(0.0) - timing_s/agent_loop/slowest/num_preempted:np.int64(-1) - timing_s/agent_loop/slowest/prompt_length:57 - timing_s/agent_loop/slowest/response_length:0 - timing_s/gen:231.41493085306138 - timing_s/reward:756.0134585248306 - timing_s/old_log_prob:34.70039715897292 - timing_s/adv:0.0018308949656784534 - timing_s/update_actor:147.8438558531925 - timing_s/update_weights:3.553882238920778 - timing_s/step:1173.530544062145 - timing_s/stop_profile:0.00012639444321393967 - timing_per_image_ms/old_log_prob:1084.3874112179037 - timing_per_image_ms/adv:0.05721546767745167 - timing_per_image_ms/gen:7231.716589158168 - timing_per_image_ms/update_actor:4620.120495412266 - perf/total_num_images:32 - perf/time_per_step:1173.530544062145 - perf/throughput:0.01363407205799384
[36m(vLLMOmniHttpServer pid=2361313)[0m WARNING 08-03 09:18:51 [async_omni.py:910] [AsyncOmni] reset_prefix_cache not yet supported with Orchestrator process
[36m(vLLMOmniHttpServer pid=2361313)[0m WARNING 08-03 09:18:51 [async_omni.py:892] [AsyncOmni] reset_mm_cache not yet supported with Orchestrator process
[36m(vLLMOmniHttpServer pid=2361308)[0m WARNING 08-03 09:22:40 [async_omni.py:899] [AsyncOmni] reset_encoder_cache not yet supported with Orchestrator process[32m [repeated 2x across cluster][0m
[36m(vLLMOmniHttpServer pid=2361313)[0m WARNING 08-03 09:29:33 [async_omni.py:910] [AsyncOmni] reset_prefix_cache not yet supported with Orchestrator process
[36m(vLLMOmniHttpServer pid=2361313)[0m WARNING 08-03 09:29:33 [async_omni.py:892] [AsyncOmni] reset_mm_cache not yet supported with Orchestrator process
[36m(vLLMOmniHttpServer pid=2361313)[0m WARNING 08-03 09:29:33 [async_omni.py:899] [AsyncOmni] reset_encoder_cache not yet supported with Orchestrator process[32m [repeated 2x across cluster][0m
[36m(TaskRunner pid=2199620)[0m step:40 - perf/mfu/actor_infer:0.0 - actor/ppo_kl:np.float64(-9.022187441587448e-10) - actor/pg_clipfrac:np.float64(0.0) - actor/pg_clipfrac_higher:np.float64(0.0) - actor/pg_clipfrac_lower:np.float64(0.0) - actor/ratio_mean:np.float64(1.0) - actor/ratio_std:np.float64(0.0) - actor/loss:np.float64(-4.6566128730773926e-09) - actor/grad_norm:np.float64(0.00144195556640625) - actor/lr:np.float64(1e-05) - perf/mfu/actor:np.float64(0.0) - training/global_step:40 - training/epoch:0 - critic/rewards/mean:0.6214706301689148 - critic/rewards/max:1.0 - critic/rewards/min:0.0 - critic/advantages/mean:2.2351741790771484e-08 - critic/advantages/max:1.9645713567733765 - critic/advantages/min:-1.2080285549163818 - critic/returns/mean:2.2351741790771484e-08 - critic/returns/max:1.9645713567733765 - critic/returns/min:-1.2080285549163818 - critic/rewards/zero_std_ratio:0.0 - critic/rewards/std_mean:0.1842932105064392 - critic/rewards/group_size:8.0 - timing_s/start_profile:0.00016448600217700005 - timing_s/agent_loop/num_preempted/min:np.int64(-1) - timing_s/agent_loop/num_preempted/max:np.int64(-1) - timing_s/agent_loop/num_preempted/mean:np.float64(-1.0) - timing_s/agent_loop/generate_sequences/min:np.float64(7.082122968044132) - timing_s/agent_loop/generate_sequences/max:np.float64(212.31438507325947) - timing_s/agent_loop/generate_sequences/mean:np.float64(149.9359831132606) - timing_s/agent_loop/tool_calls/min:np.float64(0.0) - timing_s/agent_loop/tool_calls/max:np.float64(0.0) - timing_s/agent_loop/tool_calls/mean:np.float64(0.0) - timing_s/agent_loop/compute_score/min:np.float64(0.0) - timing_s/agent_loop/compute_score/max:np.float64(0.0) - timing_s/agent_loop/compute_score/mean:np.float64(0.0) - timing_s/agent_loop/slowest/generate_sequences:np.float64(212.31438507325947) - timing_s/agent_loop/slowest/tool_calls:np.float64(0.0) - timing_s/agent_loop/slowest/compute_score:np.float64(0.0) - timing_s/agent_loop/slowest/num_preempted:np.int64(-1) - timing_s/agent_loop/slowest/prompt_length:58 - timing_s/agent_loop/slowest/response_length:0 - timing_s/gen:228.71078869188204 - timing_s/reward:202.2858044099994 - timing_s/old_log_prob:49.993067500181496 - timing_s/adv:0.0012493059039115906 - timing_s/update_actor:157.22321216063574 - timing_s/update_weights:3.9417777662165463 - timing_s/step:642.1577273160219 - timing_s/stop_profile:7.256725803017616e-05 - timing_per_image_ms/old_log_prob:1562.2833593806718 - timing_per_image_ms/adv:0.039040809497237206 - timing_per_image_ms/gen:7147.212146621314 - timing_per_image_ms/update_actor:4913.225380019867 - perf/total_num_images:32 - perf/time_per_step:642.1577273160219 - perf/throughput:0.024915996988580966
[36m(vLLMOmniHttpServer pid=2361308)[0m WARNING 08-03 09:29:33 [async_omni.py:910] [AsyncOmni] reset_prefix_cache not yet supported with Orchestrator process
[36m(vLLMOmniHttpServer pid=2361308)[0m WARNING 08-03 09:29:33 [async_omni.py:892] [AsyncOmni] reset_mm_cache not yet supported with Orchestrator process
[36m(vLLMOmniHttpServer pid=2361308)[0m WARNING 08-03 09:33:23 [async_omni.py:899] [AsyncOmni] reset_encoder_cache not yet supported with Orchestrator process[32m [repeated 2x across cluster][0m
[36m(vLLMOmniHttpServer pid=2361308)[0m WARNING 08-03 09:42:52 [async_omni.py:910] [AsyncOmni] reset_prefix_cache not yet supported with Orchestrator process
[36m(vLLMOmniHttpServer pid=2361308)[0m WARNING 08-03 09:42:52 [async_omni.py:892] [AsyncOmni] reset_mm_cache not yet supported with Orchestrator process
[36m(vLLMOmniHttpServer pid=2361308)[0m WARNING 08-03 09:42:52 [async_omni.py:899] [AsyncOmni] reset_encoder_cache not yet supported with Orchestrator process[32m [repeated 2x across cluster][0m
[36m(TaskRunner pid=2199620)[0m step:41 - perf/mfu/actor_infer:0.0 - actor/ppo_kl:np.float64(-4.0745362639427185e-10) - actor/pg_clipfrac:np.float64(0.0) - actor/pg_clipfrac_higher:np.float64(0.0) - actor/pg_clipfrac_lower:np.float64(0.0) - actor/ratio_mean:np.float64(1.0) - actor/ratio_std:np.float64(0.0) - actor/loss:np.float64(-3.91155481338501e-08) - actor/grad_norm:np.float64(0.0012359619140625) - actor/lr:np.float64(1e-05) - perf/mfu/actor:np.float64(0.0) - training/global_step:41 - training/epoch:0 - critic/rewards/mean:0.4213731288909912 - critic/rewards/max:1.0 - critic/rewards/min:0.0 - critic/advantages/mean:2.2351741790771484e-08 - critic/advantages/max:1.8630414009094238 - critic/advantages/min:-1.6617623567581177 - critic/returns/mean:2.2351741790771484e-08 - critic/returns/max:1.8630414009094238 - critic/returns/min:-1.6617623567581177 - critic/rewards/zero_std_ratio:0.0 - critic/rewards/std_mean:0.22966502606868744 - critic/rewards/group_size:8.0 - timing_s/start_profile:0.00011731823906302452 - timing_s/agent_loop/num_preempted/min:np.int64(-1) - timing_s/agent_loop/num_preempted/max:np.int64(-1) - timing_s/agent_loop/num_preempted/mean:np.float64(-1.0) - timing_s/agent_loop/generate_sequences/min:np.float64(7.156244651880115) - timing_s/agent_loop/generate_sequences/max:np.float64(213.27217987086624) - timing_s/agent_loop/generate_sequences/mean:np.float64(150.4937525957357) - timing_s/agent_loop/tool_calls/min:np.float64(0.0) - timing_s/agent_loop/tool_calls/max:np.float64(0.0) - timing_s/agent_loop/tool_calls/mean:np.float64(0.0) - timing_s/agent_loop/compute_score/min:np.float64(0.0) - timing_s/agent_loop/compute_score/max:np.float64(0.0) - timing_s/agent_loop/compute_score/mean:np.float64(0.0) - timing_s/agent_loop/slowest/generate_sequences:np.float64(213.27217987086624) - timing_s/agent_loop/slowest/tool_calls:np.float64(0.0) - timing_s/agent_loop/slowest/compute_score:np.float64(0.0) - timing_s/agent_loop/slowest/num_preempted:np.int64(-1) - timing_s/agent_loop/slowest/prompt_length:53 - timing_s/agent_loop/slowest/response_length:0 - timing_s/gen:228.74911610083655 - timing_s/reward:359.35406439891085 - timing_s/old_log_prob:50.132378538604826 - timing_s/adv:0.0013520848006010056 - timing_s/update_actor:156.79920245381072 - timing_s/update_weights:3.53589948406443 - timing_s/step:798.5741900559515 - timing_s/stop_profile:0.0001101447269320488 - timing_per_image_ms/old_log_prob:1566.6368293314008 - timing_per_image_ms/adv:0.042252650018781424 - timing_per_image_ms/gen:7148.409878151142 - timing_per_image_ms/update_actor:4899.975076681585 - perf/total_num_images:32 - perf/time_per_step:798.5741900559515 - perf/throughput:0.020035708891216447[36m(TaskRunner pid=2199620)[0m Training Progress:  28%|██▊       | 42/150 [4:55:49<28:25:04, 947.26s/it]
[36m(TaskRunner pid=2199620)[0m Training Progress:  29%|██▊       | 43/150 [5:15:24<30:11:04, 1015.55s/it]

[36m(vLLMOmniHttpServer pid=2361313)[0m WARNING 08-03 09:42:52 [async_omni.py:910] [AsyncOmni] reset_prefix_cache not yet supported with Orchestrator process
[36m(vLLMOmniHttpServer pid=2361313)[0m WARNING 08-03 09:42:52 [async_omni.py:892] [AsyncOmni] reset_mm_cache not yet supported with Orchestrator process
[36m(vLLMOmniHttpServer pid=2361308)[0m WARNING 08-03 09:46:40 [async_omni.py:899] [AsyncOmni] reset_encoder_cache not yet supported with Orchestrator process[32m [repeated 2x across cluster][0m
[36m(vLLMOmniHttpServer pid=2361308)[0m WARNING 08-03 10:01:03 [async_omni.py:910] [AsyncOmni] reset_prefix_cache not yet supported with Orchestrator process
[36m(vLLMOmniHttpServer pid=2361308)[0m WARNING 08-03 10:01:03 [async_omni.py:892] [AsyncOmni] reset_mm_cache not yet supported with Orchestrator process
[36m(vLLMOmniHttpServer pid=2361308)[0m WARNING 08-03 10:01:03 [async_omni.py:899] [AsyncOmni] reset_encoder_cache not yet supported with Orchestrator process[32m [repeated 2x across cluster][0m
[36m(TaskRunner pid=2199620)[0m step:42 - perf/mfu/actor_infer:0.0 - actor/ppo_kl:np.float64(1.1641532182693481e-10) - actor/pg_clipfrac:np.float64(0.0) - actor/pg_clipfrac_higher:np.float64(0.0) - actor/pg_clipfrac_lower:np.float64(0.0) - actor/ratio_mean:np.float64(1.0) - actor/ratio_std:np.float64(0.0) - actor/loss:np.float64(-1.210719347000122e-08) - actor/grad_norm:np.float64(0.00141143798828125) - actor/lr:np.float64(1e-05) - perf/mfu/actor:np.float64(0.0) - training/global_step:42 - training/epoch:0 - critic/rewards/mean:0.35607144236564636 - critic/rewards/max:0.9285714030265808 - critic/rewards/min:0.0 - critic/advantages/mean:1.1175870895385742e-08 - critic/advantages/max:1.0354113578796387 - critic/advantages/min:-1.0248994827270508 - critic/returns/mean:1.1175870895385742e-08 - critic/returns/max:1.0354113578796387 - critic/returns/min:-1.0248994827270508 - critic/rewards/zero_std_ratio:0.0 - critic/rewards/std_mean:0.12386476993560791 - critic/rewards/group_size:8.0 - timing_s/start_profile:0.00014697294682264328 - timing_s/agent_loop/num_preempted/min:np.int64(-1) - timing_s/agent_loop/num_preempted/max:np.int64(-1) - timing_s/agent_loop/num_preempted/mean:np.float64(-1.0) - timing_s/agent_loop/generate_sequences/min:np.float64(7.043377658352256) - timing_s/agent_loop/generate_sequences/max:np.float64(210.9162036003545) - timing_s/agent_loop/generate_sequences/mean:np.float64(135.80777208790823) - timing_s/agent_loop/tool_calls/min:np.float64(0.0) - timing_s/agent_loop/tool_calls/max:np.float64(0.0) - timing_s/agent_loop/tool_calls/mean:np.float64(0.0) - timing_s/agent_loop/compute_score/min:np.float64(0.0) - timing_s/agent_loop/compute_score/max:np.float64(0.0) - timing_s/agent_loop/compute_score/mean:np.float64(0.0) - timing_s/agent_loop/slowest/generate_sequences:np.float64(210.9162036003545) - timing_s/agent_loop/slowest/tool_calls:np.float64(0.0) - timing_s/agent_loop/slowest/compute_score:np.float64(0.0) - timing_s/agent_loop/slowest/num_preempted:np.int64(-1) - timing_s/agent_loop/slowest/prompt_length:72 - timing_s/agent_loop/slowest/response_length:0 - timing_s/gen:227.01383425621316 - timing_s/reward:652.0862898253836 - timing_s/old_log_prob:52.0036499761045 - timing_s/adv:0.0015964731574058533 - timing_s/update_actor:156.1716853985563 - timing_s/update_weights:3.583085902966559 - timing_s/step:1090.8623918090016 - timing_s/stop_profile:0.00010411208495497704 - timing_per_image_ms/old_log_prob:1625.1140617532656 - timing_per_image_ms/adv:0.049889786168932915 - timing_per_image_ms/gen:7094.182320506661 - timing_per_image_ms/update_actor:4880.365168704884 - perf/total_num_images:32 - perf/time_per_step:1090.8623918090016 - perf/throughput:0.014667294537000988
[36m(vLLMOmniHttpServer pid=2361313)[0m WARNING 08-03 10:01:03 [async_omni.py:910] [AsyncOmni] reset_prefix_cache not yet supported with Orchestrator process
[36m(vLLMOmniHttpServer pid=2361313)[0m WARNING 08-03 10:01:03 [async_omni.py:892] [AsyncOmni] reset_mm_cache not yet supported with Orchestrator process
[36m(vLLMOmniHttpServer pid=2361308)[0m WARNING 08-03 10:04:55 [async_omni.py:899] [AsyncOmni] reset_encoder_cache not yet supported with Orchestrator process[32m [repeated 2x across cluster][0m
[36m(vLLMOmniHttpServer pid=2361313)[0m WARNING 08-03 10:20:38 [async_omni.py:910] [AsyncOmni] reset_prefix_cache not yet supported with Orchestrator process
[36m(vLLMOmniHttpServer pid=2361313)[0m WARNING 08-03 10:20:38 [async_omni.py:892] [AsyncOmni] reset_mm_cache not yet supported with Orchestrator process
[36m(vLLMOmniHttpServer pid=2361313)[0m WARNING 08-03 10:20:38 [async_omni.py:899] [AsyncOmni] reset_encoder_cache not yet supported with Orchestrator process[32m [repeated 2x across cluster][0m
[36m(TaskRunner pid=2199620)[0m step:43 - perf/mfu/actor_infer:0.0 - actor/ppo_kl:np.float64(7.8580342233181e-10) - actor/pg_clipfrac:np.float64(0.0) - actor/pg_clipfrac_higher:np.float64(0.0) - actor/pg_clipfrac_lower:np.float64(0.0) - actor/ratio_mean:np.float64(1.0) - actor/ratio_std:np.float64(0.0) - actor/loss:np.float64(-1.4901161193847656e-08) - actor/grad_norm:np.float64(0.0012969970703125) - actor/lr:np.float64(1e-05) - perf/mfu/actor:np.float64(0.0) - training/global_step:43 - training/epoch:0 - critic/rewards/mean:0.465213418006897 - critic/rewards/max:1.0 - critic/rewards/min:0.0 - critic/advantages/mean:2.421438694000244e-08 - critic/advantages/max:0.9348554015159607 - critic/advantages/min:-1.5355578660964966 - critic/returns/mean:2.421438694000244e-08 - critic/returns/max:0.9348554015159607 - critic/returns/min:-1.5355578660964966 - critic/rewards/zero_std_ratio:0.0 - critic/rewards/std_mean:0.15966233611106873 - critic/rewards/group_size:8.0 - timing_s/start_profile:0.00012417742982506752 - timing_s/agent_loop/num_preempted/min:np.int64(-1) - timing_s/agent_loop/num_preempted/max:np.int64(-1) - timing_s/agent_loop/num_preempted/mean:np.float64(-1.0) - timing_s/agent_loop/generate_sequences/min:np.float64(7.01011504791677) - timing_s/agent_loop/generate_sequences/max:np.float64(214.05122805014253) - timing_s/agent_loop/generate_sequences/mean:np.float64(146.15322188705613) - timing_s/agent_loop/tool_calls/min:np.float64(0.0) - timing_s/agent_loop/tool_calls/max:np.float64(0.0) - timing_s/agent_loop/tool_calls/mean:np.float64(0.0) - timing_s/agent_loop/compute_score/min:np.float64(0.0) - timing_s/agent_loop/compute_score/max:np.float64(0.0) - timing_s/agent_loop/compute_score/mean:np.float64(0.0) - timing_s/agent_loop/slowest/generate_sequences:np.float64(214.05122805014253) - timing_s/agent_loop/slowest/tool_calls:np.float64(0.0) - timing_s/agent_loop/slowest/compute_score:np.float64(0.0) - timing_s/agent_loop/slowest/num_preempted:np.int64(-1) - timing_s/agent_loop/slowest/prompt_length:48 - timing_s/agent_loop/slowest/response_length:0 - timing_s/gen:230.47535508871078 - timing_s/reward:733.5215273881331 - timing_s/old_log_prob:50.12723736418411 - timing_s/adv:0.0018075639382004738 - timing_s/update_actor:156.5833933451213 - timing_s/update_weights:3.487844499759376 - timing_s/step:1174.1994649590924 - timing_s/stop_profile:0.00015131104737520218 - timing_per_image_ms/old_log_prob:1566.4761676307535 - timing_per_image_ms/adv:0.056486373068764806 - timing_per_image_ms/gen:7202.354846522212 - timing_per_image_ms/update_actor:4893.23104203504 - perf/total_num_images:32 - perf/time_per_step:1174.1994649590924 - perf/throughput:0.013626304965619635
[36m(vLLMOmniHttpServer pid=2361308)[0m WARNING 08-03 10:20:38 [async_omni.py:910] [AsyncOmni] reset_prefix_cache not yet supported with Orchestrator process
[36m(vLLMOmniHttpServer pid=2361308)[0m WARNING 08-03 10:20:38 [async_omni.py:892] [AsyncOmni] reset_mm_cache not yet supported with Orchestrator process
[36m(vLLMOmniHttpServer pid=2361313)[0m WARNING 08-03 10:24:25 [async_omni.py:899] [AsyncOmni] reset_encoder_cache not yet supported with Orchestrator process[32m [repeated 2x across cluster][0m
[36m(vLLMOmniHttpServer pid=2361308)[0m WARNING 08-03 10:31:04 [async_omni.py:910] [AsyncOmni] reset_prefix_cache not yet supported with Orchestrator process
[36m(vLLMOmniHttpServer pid=2361308)[0m WARNING 08-03 10:31:04 [async_omni.py:892] [AsyncOmni] reset_mm_cache not yet supported with Orchestrator process[36m(TaskRunner pid=2199620)[0m Training Progress:  29%|██▉       | 44/150 [5:25:50<26:27:28, 898.57s/it] 
[36m(TaskRunner pid=2199620)[0m Training Progress:  30%|███       | 45/150 [5:40:14<25:54:23, 888.23s/it]
[36m(TaskRunner pid=2199620)[0m Training Progress:  31%|███       | 46/150 [6:07:59<32:23:30, 1121.25s/it]

[36m(vLLMOmniHttpServer pid=2361308)[0m WARNING 08-03 10:31:04 [async_omni.py:899] [AsyncOmni] reset_encoder_cache not yet supported with Orchestrator process[32m [repeated 2x across cluster][0m
[36m(TaskRunner pid=2199620)[0m step:44 - perf/mfu/actor_infer:0.0 - actor/ppo_kl:np.float64(-1.9208528101444244e-09) - actor/pg_clipfrac:np.float64(0.0) - actor/pg_clipfrac_higher:np.float64(0.0) - actor/pg_clipfrac_lower:np.float64(0.0) - actor/ratio_mean:np.float64(1.0) - actor/ratio_std:np.float64(0.0) - actor/loss:np.float64(3.3527612686157227e-08) - actor/grad_norm:np.float64(0.0015716552734375) - actor/lr:np.float64(1e-05) - perf/mfu/actor:np.float64(0.0) - training/global_step:44 - training/epoch:0 - critic/rewards/mean:0.5930376648902893 - critic/rewards/max:1.0 - critic/rewards/min:0.0833333358168602 - critic/advantages/mean:-4.842877388000488e-08 - critic/advantages/max:1.853118896484375 - critic/advantages/min:-1.214982032775879 - critic/returns/mean:-4.842877388000488e-08 - critic/returns/max:1.853118896484375 - critic/returns/min:-1.214982032775879 - critic/rewards/zero_std_ratio:0.0 - critic/rewards/std_mean:0.19430287182331085 - critic/rewards/group_size:8.0 - timing_s/start_profile:0.00014299433678388596 - timing_s/agent_loop/num_preempted/min:np.int64(-1) - timing_s/agent_loop/num_preempted/max:np.int64(-1) - timing_s/agent_loop/num_preempted/mean:np.float64(-1.0) - timing_s/agent_loop/generate_sequences/min:np.float64(7.094915580935776) - timing_s/agent_loop/generate_sequences/max:np.float64(211.31059152679518) - timing_s/agent_loop/generate_sequences/mean:np.float64(139.79402434753138) - timing_s/agent_loop/tool_calls/min:np.float64(0.0) - timing_s/agent_loop/tool_calls/max:np.float64(0.0) - timing_s/agent_loop/tool_calls/mean:np.float64(0.0) - timing_s/agent_loop/compute_score/min:np.float64(0.0) - timing_s/agent_loop/compute_score/max:np.float64(0.0) - timing_s/agent_loop/compute_score/mean:np.float64(0.0) - timing_s/agent_loop/slowest/generate_sequences:np.float64(211.31059152679518) - timing_s/agent_loop/slowest/tool_calls:np.float64(0.0) - timing_s/agent_loop/slowest/compute_score:np.float64(0.0) - timing_s/agent_loop/slowest/num_preempted:np.int64(-1) - timing_s/agent_loop/slowest/prompt_length:60 - timing_s/agent_loop/slowest/response_length:0 - timing_s/gen:226.68943327618763 - timing_s/reward:188.42970809480175 - timing_s/old_log_prob:50.26189459487796 - timing_s/adv:0.0012128576636314392 - timing_s/update_actor:156.45150738209486 - timing_s/update_weights:3.908325499854982 - timing_s/step:625.744173319079 - timing_s/stop_profile:0.00012322422116994858 - timing_per_image_ms/old_log_prob:1570.6842060899362 - timing_per_image_ms/adv:0.037901801988482475 - timing_per_image_ms/gen:7084.044789880863 - timing_per_image_ms/update_actor:4889.109605690464 - perf/total_num_images:32 - perf/time_per_step:625.744173319079 - perf/throughput:0.025569554911127064
[36m(vLLMOmniHttpServer pid=2361313)[0m WARNING 08-03 10:31:04 [async_omni.py:910] [AsyncOmni] reset_prefix_cache not yet supported with Orchestrator process
[36m(vLLMOmniHttpServer pid=2361313)[0m WARNING 08-03 10:31:04 [async_omni.py:892] [AsyncOmni] reset_mm_cache not yet supported with Orchestrator process
[36m(vLLMOmniHttpServer pid=2361308)[0m WARNING 08-03 10:34:53 [async_omni.py:899] [AsyncOmni] reset_encoder_cache not yet supported with Orchestrator process[32m [repeated 2x across cluster][0m
[36m(vLLMOmniHttpServer pid=2361308)[0m WARNING 08-03 10:45:28 [async_omni.py:910] [AsyncOmni] reset_prefix_cache not yet supported with Orchestrator process
[36m(vLLMOmniHttpServer pid=2361308)[0m WARNING 08-03 10:45:28 [async_omni.py:892] [AsyncOmni] reset_mm_cache not yet supported with Orchestrator process
[36m(vLLMOmniHttpServer pid=2361308)[0m WARNING 08-03 10:45:28 [async_omni.py:899] [AsyncOmni] reset_encoder_cache not yet supported with Orchestrator process[32m [repeated 2x across cluster][0m
[36m(TaskRunner pid=2199620)[0m step:45 - perf/mfu/actor_infer:0.0 - actor/ppo_kl:np.float64(2.6193447411060333e-10) - actor/pg_clipfrac:np.float64(0.0) - actor/pg_clipfrac_higher:np.float64(0.0) - actor/pg_clipfrac_lower:np.float64(0.0) - actor/ratio_mean:np.float64(1.0) - actor/ratio_std:np.float64(0.0) - actor/loss:np.float64(-4.470348358154297e-08) - actor/grad_norm:np.float64(0.00160980224609375) - actor/lr:np.float64(1e-05) - perf/mfu/actor:np.float64(0.0) - training/global_step:45 - training/epoch:0 - critic/rewards/mean:0.6856249570846558 - critic/rewards/max:1.0 - critic/rewards/min:0.0 - critic/advantages/mean:3.3527612686157227e-08 - critic/advantages/max:1.1333626508712769 - critic/advantages/min:-1.4932818412780762 - critic/returns/mean:3.3527612686157227e-08 - critic/returns/max:1.1333626508712769 - critic/returns/min:-1.4932818412780762 - critic/rewards/zero_std_ratio:0.25 - critic/rewards/std_mean:0.17421820759773254 - critic/rewards/group_size:8.0 - timing_s/start_profile:0.0001752837561070919 - timing_s/agent_loop/num_preempted/min:np.int64(-1) - timing_s/agent_loop/num_preempted/max:np.int64(-1) - timing_s/agent_loop/num_preempted/mean:np.float64(-1.0) - timing_s/agent_loop/generate_sequences/min:np.float64(7.0619738670066) - timing_s/agent_loop/generate_sequences/max:np.float64(213.06442249333486) - timing_s/agent_loop/generate_sequences/mean:np.float64(150.33097017397813) - timing_s/agent_loop/tool_calls/min:np.float64(0.0) - timing_s/agent_loop/tool_calls/max:np.float64(0.0) - timing_s/agent_loop/tool_calls/mean:np.float64(0.0) - timing_s/agent_loop/compute_score/min:np.float64(0.0) - timing_s/agent_loop/compute_score/max:np.float64(0.0) - timing_s/agent_loop/compute_score/mean:np.float64(0.0) - timing_s/agent_loop/slowest/generate_sequences:np.float64(213.06442249333486) - timing_s/agent_loop/slowest/tool_calls:np.float64(0.0) - timing_s/agent_loop/slowest/compute_score:np.float64(0.0) - timing_s/agent_loop/slowest/num_preempted:np.int64(-1) - timing_s/agent_loop/slowest/prompt_length:48 - timing_s/agent_loop/slowest/response_length:0 - timing_s/gen:229.0129727013409 - timing_s/reward:423.38499981397763 - timing_s/old_log_prob:50.287689968943596 - timing_s/adv:0.0014639291912317276 - timing_s/update_actor:157.55237516993657 - timing_s/update_weights:3.603893304709345 - timing_s/step:863.8453263379633 - timing_s/stop_profile:8.205603808164597e-05 - timing_per_image_ms/old_log_prob:1571.4903115294874 - timing_per_image_ms/adv:0.04574778722599149 - timing_per_image_ms/gen:7156.655396916904 - timing_per_image_ms/update_actor:4923.511724060518 - perf/total_num_images:32 - perf/time_per_step:863.8453263379633 - perf/throughput:0.018521834305485724
[36m(vLLMOmniHttpServer pid=2361313)[0m WARNING 08-03 10:45:28 [async_omni.py:910] [AsyncOmni] reset_prefix_cache not yet supported with Orchestrator process
[36m(vLLMOmniHttpServer pid=2361313)[0m WARNING 08-03 10:45:28 [async_omni.py:892] [AsyncOmni] reset_mm_cache not yet supported with Orchestrator process
[36m(vLLMOmniHttpServer pid=2361308)[0m WARNING 08-03 10:49:18 [async_omni.py:899] [AsyncOmni] reset_encoder_cache not yet supported with Orchestrator process[32m [repeated 2x across cluster][0m
[36m(vLLMOmniHttpServer pid=2361308)[0m WARNING 08-03 11:13:12 [async_omni.py:910] [AsyncOmni] reset_prefix_cache not yet supported with Orchestrator process
[36m(vLLMOmniHttpServer pid=2361308)[0m WARNING 08-03 11:13:12 [async_omni.py:892] [AsyncOmni] reset_mm_cache not yet supported with Orchestrator process
[36m(vLLMOmniHttpServer pid=2361308)[0m WARNING 08-03 11:13:12 [async_omni.py:899] [AsyncOmni] reset_encoder_cache not yet supported with Orchestrator process[32m [repeated 2x across cluster][0m
[36m(TaskRunner pid=2199620)[0m step:46 - perf/mfu/actor_infer:0.0 - actor/ppo_kl:np.float64(6.402842700481415e-10) - actor/pg_clipfrac:np.float64(0.0) - actor/pg_clipfrac_higher:np.float64(0.0) - actor/pg_clipfrac_lower:np.float64(0.0) - actor/ratio_mean:np.float64(1.0) - actor/ratio_std:np.float64(0.0) - actor/loss:np.float64(-3.91155481338501e-08) - actor/grad_norm:np.float64(0.00830078125) - actor/lr:np.float64(1e-05) - perf/mfu/actor:np.float64(0.0) - training/global_step:46 - training/epoch:0 - critic/rewards/mean:0.2375372052192688 - critic/rewards/max:1.0 - critic/rewards/min:0.0 - critic/advantages/mean:3.3527612686157227e-08 - critic/advantages/max:2.4729738235473633 - critic/advantages/min:-0.9888251423835754 - critic/returns/mean:3.3527612686157227e-08 - critic/returns/max:2.4729738235473633 - critic/returns/min:-0.9888251423835754 - critic/rewards/zero_std_ratio:0.25 - critic/rewards/std_mean:0.14354653656482697 - critic/rewards/group_size:8.0 - timing_s/start_profile:9.399605914950371e-05 - timing_s/agent_loop/num_preempted/min:np.int64(-1) - timing_s/agent_loop/num_preempted/max:np.int64(-1) - timing_s/agent_loop/num_preempted/mean:np.float64(-1.0) - timing_s/agent_loop/generate_sequences/min:np.float64(13.705004879273474) - timing_s/agent_loop/generate_sequences/max:np.float64(213.93118677008897) - timing_s/agent_loop/generate_sequences/mean:np.float64(147.8433604080783) - timing_s/agent_loop/tool_calls/min:np.float64(0.0) - timing_s/agent_loop/tool_calls/max:np.float64(0.0) - timing_s/agent_loop/tool_calls/mean:np.float64(0.0) - timing_s/agent_loop/compute_score/min:np.float64(0.0) - timing_s/agent_loop/compute_score/max:np.float64(0.0) - timing_s/agent_loop/compute_score/mean:np.float64(0.0) - timing_s/agent_loop/slowest/generate_sequences:np.float64(213.93118677008897) - timing_s/agent_loop/slowest/tool_calls:np.float64(0.0) - timing_s/agent_loop/slowest/compute_score:np.float64(0.0) - timing_s/agent_loop/slowest/num_preempted:np.int64(-1) - timing_s/agent_loop/slowest/prompt_length:46 - timing_s/agent_loop/slowest/response_length:0 - timing_s/gen:229.2044107611291 - timing_s/reward:1225.5609606481157 - timing_s/old_log_prob:50.12644025078043 - timing_s/adv:0.0021191518753767014 - timing_s/update_actor:155.80572883132845 - timing_s/update_weights:3.5782917817123234 - timing_s/step:1664.28000708716 - timing_s/stop_profile:5.240924656391144e-05 - timing_per_image_ms/old_log_prob:1566.4512578368885 - timing_per_image_ms/adv:0.06622349610552192 - timing_per_image_ms/gen:7162.637836285285 - timing_per_image_ms/update_actor:4868.929025979014 - perf/total_num_images:32 - perf/time_per_step:1664.28000708716 - perf/throughput:0.009613766873281958[36m(TaskRunner pid=2199620)[0m Training Progress:  31%|███▏      | 47/150 [6:24:19<30:52:22, 1079.05s/it]
[36m(TaskRunner pid=2199620)[0m Training Progress:  32%|███▏      | 48/150 [6:45:07<32:00:39, 1129.79s/it]

[36m(vLLMOmniHttpServer pid=2361313)[0m WARNING 08-03 11:13:13 [async_omni.py:910] [AsyncOmni] reset_prefix_cache not yet supported with Orchestrator process
[36m(vLLMOmniHttpServer pid=2361313)[0m WARNING 08-03 11:13:13 [async_omni.py:892] [AsyncOmni] reset_mm_cache not yet supported with Orchestrator process
[36m(vLLMOmniHttpServer pid=2361308)[0m WARNING 08-03 11:17:00 [async_omni.py:899] [AsyncOmni] reset_encoder_cache not yet supported with Orchestrator process[32m [repeated 2x across cluster][0m
[36m(vLLMOmniHttpServer pid=2361308)[0m WARNING 08-03 11:29:33 [async_omni.py:910] [AsyncOmni] reset_prefix_cache not yet supported with Orchestrator process
[36m(vLLMOmniHttpServer pid=2361308)[0m WARNING 08-03 11:29:33 [async_omni.py:892] [AsyncOmni] reset_mm_cache not yet supported with Orchestrator process
[36m(vLLMOmniHttpServer pid=2361308)[0m WARNING 08-03 11:29:33 [async_omni.py:899] [AsyncOmni] reset_encoder_cache not yet supported with Orchestrator process[32m [repeated 2x across cluster][0m
[36m(TaskRunner pid=2199620)[0m step:47 - perf/mfu/actor_infer:0.0 - actor/ppo_kl:np.float64(-1.3096723705530167e-09) - actor/pg_clipfrac:np.float64(0.0) - actor/pg_clipfrac_higher:np.float64(0.0) - actor/pg_clipfrac_lower:np.float64(0.0) - actor/ratio_mean:np.float64(1.0) - actor/ratio_std:np.float64(0.0) - actor/loss:np.float64(3.306195139884949e-08) - actor/grad_norm:np.float64(0.0016021728515625) - actor/lr:np.float64(1e-05) - perf/mfu/actor:np.float64(0.0) - training/global_step:47 - training/epoch:0 - critic/rewards/mean:0.38595646619796753 - critic/rewards/max:0.8666666746139526 - critic/rewards/min:0.0 - critic/advantages/mean:-3.3527612686157227e-08 - critic/advantages/max:1.8180092573165894 - critic/advantages/min:-0.9038690328598022 - critic/returns/mean:-3.3527612686157227e-08 - critic/returns/max:1.8180092573165894 - critic/returns/min:-0.9038690328598022 - critic/rewards/zero_std_ratio:0.0 - critic/rewards/std_mean:0.1314414143562317 - critic/rewards/group_size:8.0 - timing_s/start_profile:0.00013681873679161072 - timing_s/agent_loop/num_preempted/min:np.int64(-1) - timing_s/agent_loop/num_preempted/max:np.int64(-1) - timing_s/agent_loop/num_preempted/mean:np.float64(-1.0) - timing_s/agent_loop/generate_sequences/min:np.float64(7.03195037972182) - timing_s/agent_loop/generate_sequences/max:np.float64(211.43376506818458) - timing_s/agent_loop/generate_sequences/mean:np.float64(144.28617757264874) - timing_s/agent_loop/tool_calls/min:np.float64(0.0) - timing_s/agent_loop/tool_calls/max:np.float64(0.0) - timing_s/agent_loop/tool_calls/mean:np.float64(0.0) - timing_s/agent_loop/compute_score/min:np.float64(0.0) - timing_s/agent_loop/compute_score/max:np.float64(0.0) - timing_s/agent_loop/compute_score/mean:np.float64(0.0) - timing_s/agent_loop/slowest/generate_sequences:np.float64(211.43376506818458) - timing_s/agent_loop/slowest/tool_calls:np.float64(0.0) - timing_s/agent_loop/slowest/compute_score:np.float64(0.0) - timing_s/agent_loop/slowest/num_preempted:np.int64(-1) - timing_s/agent_loop/slowest/prompt_length:66 - timing_s/agent_loop/slowest/response_length:0 - timing_s/gen:227.09411213966087 - timing_s/reward:543.5907203848474 - timing_s/old_log_prob:49.88216835213825 - timing_s/adv:0.0020229192450642586 - timing_s/update_actor:156.17196558974683 - timing_s/update_weights:3.707325484137982 - timing_s/step:980.4500717450865 - timing_s/stop_profile:6.478000432252884e-05 - timing_per_image_ms/old_log_prob:1558.8177610043203 - timing_per_image_ms/adv:0.06321622640825808 - timing_per_image_ms/gen:7096.691004364402 - timing_per_image_ms/update_actor:4880.3739246795885 - perf/total_num_images:32 - perf/time_per_step:980.4500717450865 - perf/throughput:0.01631903598265016
[36m(vLLMOmniHttpServer pid=2361313)[0m WARNING 08-03 11:29:33 [async_omni.py:910] [AsyncOmni] reset_prefix_cache not yet supported with Orchestrator process
[36m(vLLMOmniHttpServer pid=2361313)[0m WARNING 08-03 11:29:33 [async_omni.py:892] [AsyncOmni] reset_mm_cache not yet supported with Orchestrator process
[36m(vLLMOmniHttpServer pid=2361308)[0m WARNING 08-03 11:33:19 [async_omni.py:899] [AsyncOmni] reset_encoder_cache not yet supported with Orchestrator process[32m [repeated 2x across cluster][0m
[36m(vLLMOmniHttpServer pid=2361313)[0m WARNING 08-03 11:50:21 [async_omni.py:910] [AsyncOmni] reset_prefix_cache not yet supported with Orchestrator process
[36m(vLLMOmniHttpServer pid=2361313)[0m WARNING 08-03 11:50:21 [async_omni.py:892] [AsyncOmni] reset_mm_cache not yet supported with Orchestrator process
[36m(vLLMOmniHttpServer pid=2361313)[0m WARNING 08-03 11:50:21 [async_omni.py:899] [AsyncOmni] reset_encoder_cache not yet supported with Orchestrator process[32m [repeated 2x across cluster][0m
[36m(TaskRunner pid=2199620)[0m step:48 - perf/mfu/actor_infer:0.0 - actor/ppo_kl:np.float64(6.111804395914078e-10) - actor/pg_clipfrac:np.float64(0.0) - actor/pg_clipfrac_higher:np.float64(0.0) - actor/pg_clipfrac_lower:np.float64(0.0) - actor/ratio_mean:np.float64(1.0) - actor/ratio_std:np.float64(0.0) - actor/loss:np.float64(8.847564458847046e-09) - actor/grad_norm:np.float64(0.001983642578125) - actor/lr:np.float64(1e-05) - perf/mfu/actor:np.float64(0.0) - training/global_step:48 - training/epoch:0 - critic/rewards/mean:0.3215656876564026 - critic/rewards/max:0.929411768913269 - critic/rewards/min:0.0 - critic/advantages/mean:-7.450580596923828e-09 - critic/advantages/max:1.6699771881103516 - critic/advantages/min:-1.4039632081985474 - critic/returns/mean:-7.450580596923828e-09 - critic/returns/max:1.6699771881103516 - critic/returns/min:-1.4039632081985474 - critic/rewards/zero_std_ratio:0.0 - critic/rewards/std_mean:0.13921378552913666 - critic/rewards/group_size:8.0 - timing_s/start_profile:9.876769036054611e-05 - timing_s/agent_loop/num_preempted/min:np.int64(-1) - timing_s/agent_loop/num_preempted/max:np.int64(-1) - timing_s/agent_loop/num_preempted/mean:np.float64(-1.0) - timing_s/agent_loop/generate_sequences/min:np.float64(7.158992859069258) - timing_s/agent_loop/generate_sequences/max:np.float64(210.11118246009573) - timing_s/agent_loop/generate_sequences/mean:np.float64(149.1676326428278) - timing_s/agent_loop/tool_calls/min:np.float64(0.0) - timing_s/agent_loop/tool_calls/max:np.float64(0.0) - timing_s/agent_loop/tool_calls/mean:np.float64(0.0) - timing_s/agent_loop/compute_score/min:np.float64(0.0) - timing_s/agent_loop/compute_score/max:np.float64(0.0) - timing_s/agent_loop/compute_score/mean:np.float64(0.0) - timing_s/agent_loop/slowest/generate_sequences:np.float64(210.11118246009573) - timing_s/agent_loop/slowest/tool_calls:np.float64(0.0) - timing_s/agent_loop/slowest/compute_score:np.float64(0.0) - timing_s/agent_loop/slowest/num_preempted:np.int64(-1) - timing_s/agent_loop/slowest/prompt_length:44 - timing_s/agent_loop/slowest/response_length:0 - timing_s/gen:225.4851245242171 - timing_s/reward:811.5563915511593 - timing_s/old_log_prob:49.91596745280549 - timing_s/adv:0.0014177607372403145 - timing_s/update_actor:157.11100646760315 - timing_s/update_weights:3.8303327946923673 - timing_s/step:1247.9026032742113 - timing_s/stop_profile:4.36343252658844e-05 - timing_per_image_ms/old_log_prob:1559.8739829001715 - timing_per_image_ms/adv:0.04430502303875983 - timing_per_image_ms/gen:7046.410141381784 - timing_per_image_ms/update_actor:4909.718952112598 - perf/total_num_images:32 - perf/time_per_step:1247.9026032742113 - perf/throughput:0.012821513440247385
[36m(vLLMOmniHttpServer pid=2361308)[0m WARNING 08-03 11:50:21 [async_omni.py:910] [AsyncOmni] reset_prefix_cache not yet supported with Orchestrator process
[36m(vLLMOmniHttpServer pid=2361308)[0m WARNING 08-03 11:50:21 [async_omni.py:892] [AsyncOmni] reset_mm_cache not yet supported with Orchestrator process
[36m(vLLMOmniHttpServer pid=2361308)[0m WARNING 08-03 11:54:11 [async_omni.py:899] [AsyncOmni] reset_encoder_cache not yet supported with Orchestrator process[32m [repeated 2x across cluster][0m
[36m(vLLMOmniHttpServer pid=2361313)[0m WARNING 08-03 12:00:53 [async_omni.py:910] [AsyncOmni] reset_prefix_cache not yet supported with Orchestrator process
[36m(TaskRunner pid=2199620)[0m Training Progress:  33%|███▎      | 49/150 [6:55:39<27:30:25, 980.45s/it] 
[36m(WorkerDict pid=2202868)[0m /data/verl-omni/.venv/lib/python3.12/site-packages/verl/plugin/platform/platform_cuda.py:99: FutureWarning: torch.cuda._set_allocator_settings is deprecated. Use torch._C._accelerator_setAllocatorSettings instead.
[36m(WorkerDict pid=2202868)[0m   torch.cuda.memory._set_allocator_settings(settings)
[36m(vLLMOmniHttpServer pid=2361313)[0m WARNING 08-03 12:00:53 [async_omni.py:892] [AsyncOmni] reset_mm_cache not yet supported with Orchestrator process
[36m(vLLMOmniHttpServer pid=2361313)[0m WARNING 08-03 12:00:53 [async_omni.py:899] [AsyncOmni] reset_encoder_cache not yet supported with Orchestrator process[32m [repeated 2x across cluster][0m
[36m(TaskRunner pid=2199620)[0m step:49 - perf/mfu/actor_infer:0.0 - actor/ppo_kl:np.float64(-4.656612873077393e-10) - actor/pg_clipfrac:np.float64(0.0) - actor/pg_clipfrac_higher:np.float64(0.0) - actor/pg_clipfrac_lower:np.float64(0.0) - actor/ratio_mean:np.float64(1.0) - actor/ratio_std:np.float64(0.0) - actor/loss:np.float64(4.0978193283081055e-08) - actor/grad_norm:np.float64(0.0015869140625) - actor/lr:np.float64(1e-05) - perf/mfu/actor:np.float64(0.0) - training/global_step:49 - training/epoch:0 - critic/rewards/mean:0.6541316509246826 - critic/rewards/max:1.0 - critic/rewards/min:0.08235294371843338 - critic/advantages/mean:-3.725290298461914e-08 - critic/advantages/max:1.3211076259613037 - critic/advantages/min:-1.2540202140808105 - critic/returns/mean:-3.725290298461914e-08 - critic/returns/max:1.3211076259613037 - critic/returns/min:-1.2540202140808105 - critic/rewards/zero_std_ratio:0.25 - critic/rewards/std_mean:0.12287348508834839 - critic/rewards/group_size:8.0 - timing_s/start_profile:0.00020474335178732872 - timing_s/agent_loop/num_preempted/min:np.int64(-1) - timing_s/agent_loop/num_preempted/max:np.int64(-1) - timing_s/agent_loop/num_preempted/mean:np.float64(-1.0) - timing_s/agent_loop/generate_sequences/min:np.float64(7.258048955351114) - timing_s/agent_loop/generate_sequences/max:np.float64(213.40194358490407) - timing_s/agent_loop/generate_sequences/mean:np.float64(150.59029328179895) - timing_s/agent_loop/tool_calls/min:np.float64(0.0) - timing_s/agent_loop/tool_calls/max:np.float64(0.0) - timing_s/agent_loop/tool_calls/mean:np.float64(0.0) - timing_s/agent_loop/compute_score/min:np.float64(0.0) - timing_s/agent_loop/compute_score/max:np.float64(0.0) - timing_s/agent_loop/compute_score/mean:np.float64(0.0) - timing_s/agent_loop/slowest/generate_sequences:np.float64(213.40194358490407) - timing_s/agent_loop/slowest/tool_calls:np.float64(0.0) - timing_s/agent_loop/slowest/compute_score:np.float64(0.0) - timing_s/agent_loop/slowest/num_preempted:np.int64(-1) - timing_s/agent_loop/slowest/prompt_length:67 - timing_s/agent_loop/slowest/response_length:0 - timing_s/gen:229.4462789222598 - timing_s/reward:190.93746739113703 - timing_s/old_log_prob:50.21937807975337 - timing_s/adv:0.00121251679956913 - timing_s/update_actor:157.24815913522616 - timing_s/update_weights:3.896665622945875 - timing_s/step:631.7514963150024 - timing_s/stop_profile:0.00010809395462274551 - timing_per_image_ms/old_log_prob:1569.3555649922928 - timing_per_image_ms/adv:0.03789114998653531 - timing_per_image_ms/gen:7170.196216320619 - timing_per_image_ms/update_actor:4914.0049729758175 - perf/total_num_images:32 - perf/time_per_step:631.7514963150024 - perf/throughput:0.025326414093718455
[36m(vLLMOmniHttpServer pid=2361308)[0m WARNING 08-03 12:00:53 [async_omni.py:910] [AsyncOmni] reset_prefix_cache not yet supported with Orchestrator process
[36m(vLLMOmniHttpServer pid=2361308)[0m WARNING 08-03 12:00:53 [async_omni.py:892] [AsyncOmni] reset_mm_cache not yet supported with Orchestrator process
[36m(vLLMOmniHttpServer pid=2361308)[0m WARNING 08-03 12:04:43 [async_omni.py:899] [AsyncOmni] reset_encoder_cache not yet supported with Orchestrator process[32m [repeated 2x across cluster][0m
[36m(TaskRunner pid=2199620)[0m local_global_step_folder: checkpoints/dance_grpo/wan22_5b_t2v_ocr_s150/global_step_50
[36m(vLLMOmniHttpServer pid=2361313)[0m WARNING 08-03 12:04:43 [async_omni.py:899] [AsyncOmni] reset_encoder_cache not yet supported with Orchestrator process
[36m(vLLMOmniHttpServer pid=2361308)[0m WARNING 08-03 12:21:48 [async_omni.py:910] [AsyncOmni] reset_prefix_cache not yet supported with Orchestrator process
[36m(vLLMOmniHttpServer pid=2361308)[0m WARNING 08-03 12:21:48 [async_omni.py:892] [AsyncOmni] reset_mm_cache not yet supported with Orchestrator process
[36m(vLLMOmniHttpServer pid=2361308)[0m WARNING 08-03 12:21:48 [async_omni.py:899] [AsyncOmni] reset_encoder_cache not yet supported with Orchestrator process
[36m(TaskRunner pid=2199620)[0m test_gen_batch meta info: {'recompute_log_prob': False, 'validate': True, 'global_steps': 50}
[36m(vLLMOmniHttpServer pid=2361313)[0m WARNING 08-03 12:21:48 [async_omni.py:910] [AsyncOmni] reset_prefix_cache not yet supported with Orchestrator process
[36m(vLLMOmniHttpServer pid=2361313)[0m WARNING 08-03 12:21:48 [async_omni.py:892] [AsyncOmni] reset_mm_cache not yet supported with Orchestrator process
[36m(vLLMOmniHttpServer pid=2361308)[0m WARNING 08-03 12:25:20 [async_omni.py:899] [AsyncOmni] reset_encoder_cache not yet supported with Orchestrator process[32m [repeated 2x across cluster][0m
[36m(vLLMOmniHttpServer pid=2361308)[0m WARNING 08-03 12:26:15 [async_omni.py:910] [AsyncOmni] reset_prefix_cache not yet supported with Orchestrator process
[36m(vLLMOmniHttpServer pid=2361308)[0m WARNING 08-03 12:26:15 [async_omni.py:892] [AsyncOmni] reset_mm_cache not yet supported with Orchestrator process
[36m(vLLMOmniHttpServer pid=2361308)[0m WARNING 08-03 12:26:15 [async_omni.py:899] [AsyncOmni] reset_encoder_cache not yet supported with Orchestrator process[32m [repeated 2x across cluster][0m
[36m(TaskRunner pid=2199620)[0m validation generation end
[36m(TaskRunner pid=2199620)[0m test_gen_batch meta info: {'recompute_log_prob': False, 'validate': True, 'global_steps': 50}
[36m(vLLMOmniHttpServer pid=2361313)[0m WARNING 08-03 12:26:15 [async_omni.py:910] [AsyncOmni] reset_prefix_cache not yet supported with Orchestrator process
[36m(vLLMOmniHttpServer pid=2361313)[0m WARNING 08-03 12:26:15 [async_omni.py:892] [AsyncOmni] reset_mm_cache not yet supported with Orchestrator process
[36m(vLLMOmniHttpServer pid=2361308)[0m WARNING 08-03 12:29:47 [async_omni.py:899] [AsyncOmni] reset_encoder_cache not yet supported with Orchestrator process[32m [repeated 2x across cluster][0m
[36m(vLLMOmniHttpServer pid=2361313)[0m WARNING 08-03 12:30:45 [async_omni.py:910] [AsyncOmni] reset_prefix_cache not yet supported with Orchestrator process
[36m(vLLMOmniHttpServer pid=2361313)[0m WARNING 08-03 12:30:45 [async_omni.py:892] [AsyncOmni] reset_mm_cache not yet supported with Orchestrator process
[36m(vLLMOmniHttpServer pid=2361313)[0m WARNING 08-03 12:30:45 [async_omni.py:899] [AsyncOmni] reset_encoder_cache not yet supported with Orchestrator process[32m [repeated 2x across cluster][0m
[36m(TaskRunner pid=2199620)[0m validation generation end
[36m(TaskRunner pid=2199620)[0m test_gen_batch meta info: {'recompute_log_prob': False, 'validate': True, 'global_steps': 50}
[36m(vLLMOmniHttpServer pid=2361308)[0m WARNING 08-03 12:30:45 [async_omni.py:910] [AsyncOmni] reset_prefix_cache not yet supported with Orchestrator process
[36m(vLLMOmniHttpServer pid=2361308)[0m WARNING 08-03 12:30:45 [async_omni.py:892] [AsyncOmni] reset_mm_cache not yet supported with Orchestrator process
[36m(vLLMOmniHttpServer pid=2361308)[0m WARNING 08-03 12:34:17 [async_omni.py:899] [AsyncOmni] reset_encoder_cache not yet supported with Orchestrator process[32m [repeated 2x across cluster][0m
[36m(vLLMOmniHttpServer pid=2361308)[0m WARNING 08-03 12:40:30 [async_omni.py:910] [AsyncOmni] reset_prefix_cache not yet supported with Orchestrator process
[36m(vLLMOmniHttpServer pid=2361308)[0m WARNING 08-03 12:40:30 [async_omni.py:892] [AsyncOmni] reset_mm_cache not yet supported with Orchestrator process
[36m(vLLMOmniHttpServer pid=2361308)[0m WARNING 08-03 12:40:30 [async_omni.py:899] [AsyncOmni] reset_encoder_cache not yet supported with Orchestrator process[32m [repeated 2x across cluster][0m
[36m(TaskRunner pid=2199620)[0m validation generation end
[36m(TaskRunner pid=2199620)[0m test_gen_batch meta info: {'recompute_log_prob': False, 'validate': True, 'global_steps': 50}
[36m(vLLMOmniHttpServer pid=2361313)[0m WARNING 08-03 12:40:30 [async_omni.py:910] [AsyncOmni] reset_prefix_cache not yet supported with Orchestrator process[36m(TaskRunner pid=2199620)[0m Training Progress:  33%|███▎      | 50/150 [8:10:39<56:33:59, 2036.39s/it]
[36m(WorkerDict pid=2202864)[0m /data/verl-omni/.venv/lib/python3.12/site-packages/verl/plugin/platform/platform_cuda.py:99: FutureWarning: torch.cuda._set_allocator_settings is deprecated. Use torch._C._accelerator_setAllocatorSettings instead.
[36m(WorkerDict pid=2202864)[0m   torch.cuda.memory._set_allocator_settings(settings)

[36m(vLLMOmniHttpServer pid=2361313)[0m WARNING 08-03 12:40:30 [async_omni.py:892] [AsyncOmni] reset_mm_cache not yet supported with Orchestrator process
[36m(vLLMOmniHttpServer pid=2361308)[0m WARNING 08-03 12:44:01 [async_omni.py:899] [AsyncOmni] reset_encoder_cache not yet supported with Orchestrator process[32m [repeated 2x across cluster][0m
[36m(vLLMOmniHttpServer pid=2361308)[0m WARNING 08-03 12:49:11 [async_omni.py:910] [AsyncOmni] reset_prefix_cache not yet supported with Orchestrator process
[36m(vLLMOmniHttpServer pid=2361308)[0m WARNING 08-03 12:49:11 [async_omni.py:892] [AsyncOmni] reset_mm_cache not yet supported with Orchestrator process
[36m(vLLMOmniHttpServer pid=2361308)[0m WARNING 08-03 12:49:11 [async_omni.py:899] [AsyncOmni] reset_encoder_cache not yet supported with Orchestrator process[32m [repeated 2x across cluster][0m
[36m(TaskRunner pid=2199620)[0m validation generation end
[36m(TaskRunner pid=2199620)[0m test_gen_batch meta info: {'recompute_log_prob': False, 'validate': True, 'global_steps': 50}
[36m(vLLMOmniHttpServer pid=2361313)[0m WARNING 08-03 12:49:11 [async_omni.py:910] [AsyncOmni] reset_prefix_cache not yet supported with Orchestrator process
[36m(vLLMOmniHttpServer pid=2361313)[0m WARNING 08-03 12:49:11 [async_omni.py:892] [AsyncOmni] reset_mm_cache not yet supported with Orchestrator process
[36m(vLLMOmniHttpServer pid=2361308)[0m WARNING 08-03 12:52:41 [async_omni.py:899] [AsyncOmni] reset_encoder_cache not yet supported with Orchestrator process[32m [repeated 2x across cluster][0m
[36m(vLLMOmniHttpServer pid=2361308)[0m WARNING 08-03 12:56:10 [async_omni.py:910] [AsyncOmni] reset_prefix_cache not yet supported with Orchestrator process
[36m(vLLMOmniHttpServer pid=2361308)[0m WARNING 08-03 12:56:10 [async_omni.py:892] [AsyncOmni] reset_mm_cache not yet supported with Orchestrator process
[36m(vLLMOmniHttpServer pid=2361308)[0m WARNING 08-03 12:56:10 [async_omni.py:899] [AsyncOmni] reset_encoder_cache not yet supported with Orchestrator process[32m [repeated 2x across cluster][0m
[36m(TaskRunner pid=2199620)[0m validation generation end
[36m(TaskRunner pid=2199620)[0m test_gen_batch meta info: {'recompute_log_prob': False, 'validate': True, 'global_steps': 50}
[36m(vLLMOmniHttpServer pid=2361313)[0m WARNING 08-03 12:56:10 [async_omni.py:910] [AsyncOmni] reset_prefix_cache not yet supported with Orchestrator process
[36m(vLLMOmniHttpServer pid=2361313)[0m WARNING 08-03 12:56:10 [async_omni.py:892] [AsyncOmni] reset_mm_cache not yet supported with Orchestrator process
[36m(vLLMOmniHttpServer pid=2361308)[0m WARNING 08-03 12:59:39 [async_omni.py:899] [AsyncOmni] reset_encoder_cache not yet supported with Orchestrator process[32m [repeated 2x across cluster][0m
[36m(vLLMOmniHttpServer pid=2361308)[0m WARNING 08-03 13:03:35 [async_omni.py:910] [AsyncOmni] reset_prefix_cache not yet supported with Orchestrator process
[36m(vLLMOmniHttpServer pid=2361308)[0m WARNING 08-03 13:03:35 [async_omni.py:892] [AsyncOmni] reset_mm_cache not yet supported with Orchestrator process
[36m(vLLMOmniHttpServer pid=2361308)[0m WARNING 08-03 13:03:35 [async_omni.py:899] [AsyncOmni] reset_encoder_cache not yet supported with Orchestrator process[32m [repeated 2x across cluster][0m
[36m(TaskRunner pid=2199620)[0m validation generation end
[36m(TaskRunner pid=2199620)[0m test_gen_batch meta info: {'recompute_log_prob': False, 'validate': True, 'global_steps': 50}
[36m(vLLMOmniHttpServer pid=2361313)[0m WARNING 08-03 13:03:35 [async_omni.py:910] [AsyncOmni] reset_prefix_cache not yet supported with Orchestrator process
[36m(vLLMOmniHttpServer pid=2361313)[0m WARNING 08-03 13:03:35 [async_omni.py:892] [AsyncOmni] reset_mm_cache not yet supported with Orchestrator process
[36m(vLLMOmniHttpServer pid=2361313)[0m WARNING 08-03 13:07:04 [async_omni.py:899] [AsyncOmni] reset_encoder_cache not yet supported with Orchestrator process[32m [repeated 2x across cluster][0m
[36m(vLLMOmniHttpServer pid=2361308)[0m WARNING 08-03 13:08:01 [async_omni.py:910] [AsyncOmni] reset_prefix_cache not yet supported with Orchestrator process
[36m(vLLMOmniHttpServer pid=2361308)[0m WARNING 08-03 13:08:01 [async_omni.py:892] [AsyncOmni] reset_mm_cache not yet supported with Orchestrator process
[36m(vLLMOmniHttpServer pid=2361308)[0m WARNING 08-03 13:08:01 [async_omni.py:899] [AsyncOmni] reset_encoder_cache not yet supported with Orchestrator process[32m [repeated 2x across cluster][0m
[36m(TaskRunner pid=2199620)[0m validation generation end
[36m(TaskRunner pid=2199620)[0m test_gen_batch meta info: {'recompute_log_prob': False, 'validate': True, 'global_steps': 50}
[36m(vLLMOmniHttpServer pid=2361313)[0m WARNING 08-03 13:08:01 [async_omni.py:910] [AsyncOmni] reset_prefix_cache not yet supported with Orchestrator process
[36m(vLLMOmniHttpServer pid=2361313)[0m WARNING 08-03 13:08:01 [async_omni.py:892] [AsyncOmni] reset_mm_cache not yet supported with Orchestrator process
[36m(vLLMOmniHttpServer pid=2361308)[0m WARNING 08-03 13:11:29 [async_omni.py:899] [AsyncOmni] reset_encoder_cache not yet supported with Orchestrator process[32m [repeated 2x across cluster][0m
[36m(vLLMOmniHttpServer pid=2361313)[0m WARNING 08-03 13:14:45 [async_omni.py:910] [AsyncOmni] reset_prefix_cache not yet supported with Orchestrator process
[36m(vLLMOmniHttpServer pid=2361313)[0m WARNING 08-03 13:14:45 [async_omni.py:892] [AsyncOmni] reset_mm_cache not yet supported with Orchestrator process
[36m(vLLMOmniHttpServer pid=2361313)[0m WARNING 08-03 13:14:45 [async_omni.py:899] [AsyncOmni] reset_encoder_cache not yet supported with Orchestrator process[32m [repeated 2x across cluster][0m
[36m(TaskRunner pid=2199620)[0m validation generation end
[36m(TaskRunner pid=2199620)[0m Dumped generations to /data/verl-omni/workspace/val_generations/wan22_5b_t2v_ocr_s150/50.jsonl
[36m(vLLMOmniHttpServer pid=2361308)[0m WARNING 08-03 13:14:45 [async_omni.py:910] [AsyncOmni] reset_prefix_cache not yet supported with Orchestrator process
[36m(vLLMOmniHttpServer pid=2361308)[0m WARNING 08-03 13:14:45 [async_omni.py:892] [AsyncOmni] reset_mm_cache not yet supported with Orchestrator process
[36m(vLLMOmniHttpServer pid=2361308)[0m WARNING 08-03 13:14:45 [async_omni.py:899] [AsyncOmni] reset_encoder_cache not yet supported with Orchestrator process
[36m(TaskRunner pid=2199620)[0m step:50 - perf/mfu/actor_infer:0.0 - actor/ppo_kl:np.float64(6.402842700481415e-10) - actor/pg_clipfrac:np.float64(0.0) - actor/pg_clipfrac_higher:np.float64(0.0) - actor/pg_clipfrac_lower:np.float64(0.0) - actor/ratio_mean:np.float64(1.0) - actor/ratio_std:np.float64(0.0) - actor/loss:np.float64(-2.7939677238464355e-08) - actor/grad_norm:np.float64(0.00701904296875) - actor/lr:np.float64(1e-05) - perf/mfu/actor:np.float64(0.0) - val-core/dance_grpo/ocr/reward/mean@1:np.float64(0.48828368056274485) - val-aux/num_turns/min:np.int32(2) - val-aux/num_turns/max:np.int32(2) - val-aux/num_turns/mean:np.float64(2.0) - training/global_step:50 - training/epoch:0 - critic/rewards/mean:0.27721861004829407 - critic/rewards/max:1.0 - critic/rewards/min:0.0 - critic/advantages/mean:3.725290298461914e-08 - critic/advantages/max:1.6007448434829712 - critic/advantages/min:-0.6793076992034912 - critic/returns/mean:3.725290298461914e-08 - critic/returns/max:1.6007448434829712 - critic/returns/min:-0.6793076992034912 - critic/rewards/zero_std_ratio:0.0 - critic/rewards/std_mean:0.13290217518806458 - critic/rewards/group_size:8.0 - timing_s/start_profile:0.00014398479834198952 - timing_s/agent_loop/num_preempted/min:np.int64(-1) - timing_s/agent_loop/num_preempted/max:np.int64(-1) - timing_s/agent_loop/num_preempted/mean:np.float64(-1.0) - timing_s/agent_loop/generate_sequences/min:np.float64(13.737747074104846) - timing_s/agent_loop/generate_sequences/max:np.float64(214.1936452202499) - timing_s/agent_loop/generate_sequences/mean:np.float64(148.3360533068335) - timing_s/agent_loop/tool_calls/min:np.float64(0.0) - timing_s/agent_loop/tool_calls/max:np.float64(0.0) - timing_s/agent_loop/tool_calls/mean:np.float64(0.0) - timing_s/agent_loop/compute_score/min:np.float64(0.0) - timing_s/agent_loop/compute_score/max:np.float64(0.0) - timing_s/agent_loop/compute_score/mean:np.float64(0.0) - timing_s/agent_loop/slowest/generate_sequences:np.float64(214.1936452202499) - timing_s/agent_loop/slowest/tool_calls:np.float64(0.0) - timing_s/agent_loop/slowest/compute_score:np.float64(0.0) - timing_s/agent_loop/slowest/num_preempted:np.int64(-1) - timing_s/agent_loop/slowest/prompt_length:62 - timing_s/agent_loop/slowest/response_length:0 - timing_s/gen:229.15265373094007 - timing_s/reward:791.1867076489143 - timing_s/old_log_prob:52.1501570190303 - timing_s/adv:0.0016840007156133652 - timing_s/update_actor:158.96296280715615 - timing_s/save_checkpoint:19.533418093807995 - timing_s/update_weights:3.2340727020055056 - timing_s/step:1254.2236833148636 - timing_s/testing:3245.263269810006 - timing_s/stop_profile:0.00030176807194948196 - timing_per_image_ms/old_log_prob:1629.692406844697 - timing_per_image_ms/adv:0.05262502236291766 - timing_per_image_ms/gen:7161.020429091877 - timing_per_image_ms/update_actor:4967.59258772363 - perf/total_num_images:32 - perf/time_per_step:1254.2236833148636 - perf/throughput:0.012756895131905525*** SIGTERM received at time=1785763768 on cpu 157 ***
PC: @     0x7e02d18910d7  (unknown)  (unknown)
    @     0x7e02d1842520  (unknown)  (unknown)
    @ ... and at least 1 more frames
[2026-08-03 13:29:28,478 E 2186308 2186308] logging.cc:474: *** SIGTERM received at time=1785763768 on cpu 157 ***
[2026-08-03 13:29:28,478 E 2186308 2186308] logging.cc:474: PC: @     0x7e02d18910d7  (unknown)  (unknown)
[2026-08-03 13:29:28,478 E 2186308 2186308] logging.cc:474:     @     0x7e02d1842520  (unknown)  (unknown)
[2026-08-03 13:29:28,478 E 2186308 2186308] logging.cc:474:     @ ... and at least 1 more frames
